[{"name": "process_name", "pid": 300, "tid": 0, "args": {"name": "device_0 Ascend Hardware"}, "ph": "M"}, {"name": "thread_name", "pid": 300, "tid": 2, "args": {"name": "device_0 Stream 2"}, "ph": "M"}, {"name": "thread_sort_index", "pid": 300, "tid": 2, "args": {"sort_index": 2}, "ph": "M"}, {"name": "thread_name", "pid": 300, "tid": 0, "args": {"name": "device_0 Stream 0"}, "ph": "M"}, {"name": "thread_sort_index", "pid": 300, "tid": 0, "args": {"sort_index": 0}, "ph": "M"}, {"name": "process_labels", "pid": 300, "tid": 0, "args": {"labels": "NPU"}, "ph": "M"}, {"name": "process_sort_index", "pid": 300, "tid": 0, "args": {"sort_index": 3}, "ph": "M"}, {"name": "PROFILING_ENABLE", "pid": 300, "tid": 0, "ts": 1716620726759781.5, "dur": 0, "args": {"Task Type": "PLACE_HOLDER_SQE", "Stream Id": 0, "Task Id": 3, "Batch Id": 0, "Subtask Id": 4294967295, "connection_id": -1}, "ph": "X"}, {"name": "SDMA", "pid": 300, "tid": 2, "ts": 1716620731038828.5, "dur": 1607.132, "args": {"Task Type": "SDMA", "Stream Id": 2, "Task Id": 0, "Batch Id": 0, "Subtask Id": 0, "connection_id": 11}, "ph": "X"}, {"name": "Write Value", "pid": 300, "tid": 2, "ts": 1716620731040437.0, "dur": 0.70025, "args": {"Task Type": "Write Value", "Stream Id": 2, "Task Id": 0, "Batch Id": 0, "Subtask Id": 1, "connection_id": 11}, "ph": "X"}, {"name": "Notify Wait", "pid": 300, "tid": 2, "ts": 1716620731040439.0, "dur": 0, "args": {"Task Type": "Notify Wait", "Stream Id": 2, "Task Id": 0, "Batch Id": 0, "Subtask Id": 2, "connection_id": 11}, "ph": "X"}, {"name": "Write Value", "pid": 300, "tid": 2, "ts": 1716620731040441.0, "dur": 0.7, "args": {"Task Type": "Write Value", "Stream Id": 2, "Task Id": 0, "Batch Id": 0, "Subtask Id": 3, "connection_id": 11}, "ph": "X"}, {"name": "Notify Wait", "pid": 300, "tid": 2, "ts": 1716620731040443.2, "dur": 51267.96425, "args": {"Task Type": "Notify Wait", "Stream Id": 2, "Task Id": 0, "Batch Id": 0, "Subtask Id": 4, "connection_id": 11}, "ph": "X"}, {"name": "SDMA", "pid": 300, "tid": 2, "ts": 1716620731091714.2, "dur": 1606.792, "args": {"Task Type": "SDMA", "Stream Id": 2, "Task Id": 1, "Batch Id": 0, "Subtask Id": 0, "connection_id": 14}, "ph": "X"}, {"name": "Write Value", "pid": 300, "tid": 2, "ts": 1716620731093322.2, "dur": 0.7, "args": {"Task Type": "Write Value", "Stream Id": 2, "Task Id": 1, "Batch Id": 0, "Subtask Id": 1, "connection_id": 14}, "ph": "X"}, {"name": "Notify Wait", "pid": 300, "tid": 2, "ts": 1716620731093324.5, "dur": 11.96025, "args": {"Task Type": "Notify Wait", "Stream Id": 2, "Task Id": 1, "Batch Id": 0, "Subtask Id": 2, "connection_id": 14}, "ph": "X"}, {"name": "Write Value", "pid": 300, "tid": 2, "ts": 1716620731093337.2, "dur": 0.7, "args": {"Task Type": "Write Value", "Stream Id": 2, "Task Id": 1, "Batch Id": 0, "Subtask Id": 3, "connection_id": 14}, "ph": "X"}, {"name": "Notify Wait", "pid": 300, "tid": 2, "ts": 1716620731093339.5, "dur": 51270.3245, "args": {"Task Type": "Notify Wait", "Stream Id": 2, "Task Id": 1, "Batch Id": 0, "Subtask Id": 4, "connection_id": 14}, "ph": "X"}, {"name": "SDMA", "pid": 300, "tid": 2, "ts": 1716620731144612.8, "dur": 1608.37225, "args": {"Task Type": "SDMA", "Stream Id": 2, "Task Id": 2, "Batch Id": 0, "Subtask Id": 0, "connection_id": 17}, "ph": "X"}, {"name": "Write Value", "pid": 300, "tid": 2, "ts": 1716620731146222.2, "dur": 0.7, "args": {"Task Type": "Write Value", "Stream Id": 2, "Task Id": 2, "Batch Id": 0, "Subtask Id": 1, "connection_id": 17}, "ph": "X"}, {"name": "Notify Wait", "pid": 300, "tid": 2, "ts": 1716620731146224.5, "dur": 10.40025, "args": {"Task Type": "Notify Wait", "Stream Id": 2, "Task Id": 2, "Batch Id": 0, "Subtask Id": 2, "connection_id": 17}, "ph": "X"}, {"name": "Write Value", "pid": 300, "tid": 2, "ts": 1716620731146235.8, "dur": 0.7, "args": {"Task Type": "Write Value", "Stream Id": 2, "Task Id": 2, "Batch Id": 0, "Subtask Id": 3, "connection_id": 17}, "ph": "X"}, {"name": "Notify Wait", "pid": 300, "tid": 2, "ts": 1716620731146238.2, "dur": 51269.8445, "args": {"Task Type": "Notify Wait", "Stream Id": 2, "Task Id": 2, "Batch Id": 0, "Subtask Id": 4, "connection_id": 17}, "ph": "X"}, {"name": "SDMA", "pid": 300, "tid": 2, "ts": 1716620731197511.0, "dur": 1604.892, "args": {"Task Type": "SDMA", "Stream Id": 2, "Task Id": 3, "Batch Id": 0, "Subtask Id": 0, "connection_id": 20}, "ph": "X"}, {"name": "Write Value", "pid": 300, "tid": 2, "ts": 1716620731199117.2, "dur": 0.7, "args": {"Task Type": "Write Value", "Stream Id": 2, "Task Id": 3, "Batch Id": 0, "Subtask Id": 1, "connection_id": 20}, "ph": "X"}, {"name": "Notify Wait", "pid": 300, "tid": 2, "ts": 1716620731199119.5, "dur": 15.2805, "args": {"Task Type": "Notify Wait", "Stream Id": 2, "Task Id": 3, "Batch Id": 0, "Subtask Id": 2, "connection_id": 20}, "ph": "X"}, {"name": "Write Value", "pid": 300, "tid": 2, "ts": 1716620731199135.5, "dur": 0.7, "args": {"Task Type": "Write Value", "Stream Id": 2, "Task Id": 3, "Batch Id": 0, "Subtask Id": 3, "connection_id": 20}, "ph": "X"}, {"name": "Notify Wait", "pid": 300, "tid": 2, "ts": 1716620731199137.5, "dur": 51270.88425, "args": {"Task Type": "Notify Wait", "Stream Id": 2, "Task Id": 3, "Batch Id": 0, "Subtask Id": 4, "connection_id": 20}, "ph": "X"}, {"name": "SDMA", "pid": 300, "tid": 2, "ts": 1716620731250411.2, "dur": 1606.292, "args": {"Task Type": "SDMA", "Stream Id": 2, "Task Id": 4, "Batch Id": 0, "Subtask Id": 0, "connection_id": 23}, "ph": "X"}, {"name": "Write Value", "pid": 300, "tid": 2, "ts": 1716620731252018.8, "dur": 0.7, "args": {"Task Type": "Write Value", "Stream Id": 2, "Task Id": 4, "Batch Id": 0, "Subtask Id": 1, "connection_id": 23}, "ph": "X"}, {"name": "Notify Wait", "pid": 300, "tid": 2, "ts": 1716620731252020.8, "dur": 15.66025, "args": {"Task Type": "Notify Wait", "Stream Id": 2, "Task Id": 4, "Batch Id": 0, "Subtask Id": 2, "connection_id": 23}, "ph": "X"}, {"name": "Write Value", "pid": 300, "tid": 2, "ts": 1716620731252037.2, "dur": 0.7, "args": {"Task Type": "Write Value", "Stream Id": 2, "Task Id": 4, "Batch Id": 0, "Subtask Id": 3, "connection_id": 23}, "ph": "X"}, {"name": "Notify Wait", "pid": 300, "tid": 2, "ts": 1716620731252039.5, "dur": 51269.94425, "args": {"Task Type": "Notify Wait", "Stream Id": 2, "Task Id": 4, "Batch Id": 0, "Subtask Id": 4, "connection_id": 23}, "ph": "X"}, {"name": "EVENT_RECORD", "pid": 300, "tid": 2, "ts": 1716620731303310.2, "dur": 0.02, "args": {"Task Type": "EVENT_RECORD_SQE", "Stream Id": 2, "Task Id": 5, "Batch Id": 0, "Subtask Id": 4294967295, "connection_id": -1}, "ph": "X"}, {"name": "SDMA", "pid": 300, "tid": 2, "ts": 1716620731303312.2, "dur": 1605.87225, "args": {"Task Type": "SDMA", "Stream Id": 2, "Task Id": 6, "Batch Id": 0, "Subtask Id": 0, "connection_id": 27}, "ph": "X"}, {"name": "Write Value", "pid": 300, "tid": 2, "ts": 1716620731304919.5, "dur": 0.7, "args": {"Task Type": "Write Value", "Stream Id": 2, "Task Id": 6, "Batch Id": 0, "Subtask Id": 1, "connection_id": 27}, "ph": "X"}, {"name": "Notify Wait", "pid": 300, "tid": 2, "ts": 1716620731304921.5, "dur": 12.72025, "args": {"Task Type": "Notify Wait", "Stream Id": 2, "Task Id": 6, "Batch Id": 0, "Subtask Id": 2, "connection_id": 27}, "ph": "X"}, {"name": "Write Value", "pid": 300, "tid": 2, "ts": 1716620731304935.2, "dur": 0.7, "args": {"Task Type": "Write Value", "Stream Id": 2, "Task Id": 6, "Batch Id": 0, "Subtask Id": 3, "connection_id": 27}, "ph": "X"}, {"name": "Notify Wait", "pid": 300, "tid": 2, "ts": 1716620731304937.5, "dur": 51269.8245, "args": {"Task Type": "Notify Wait", "Stream Id": 2, "Task Id": 6, "Batch Id": 0, "Subtask Id": 4, "connection_id": 27}, "ph": "X"}, {"name": "SDMA", "pid": 300, "tid": 2, "ts": 1716620731356210.2, "dur": 1609.17225, "args": {"Task Type": "SDMA", "Stream Id": 2, "Task Id": 7, "Batch Id": 0, "Subtask Id": 0, "connection_id": 30}, "ph": "X"}, {"name": "Write Value", "pid": 300, "tid": 2, "ts": 1716620731357820.8, "dur": 0.7, "args": {"Task Type": "Write Value", "Stream Id": 2, "Task Id": 7, "Batch Id": 0, "Subtask Id": 1, "connection_id": 30}, "ph": "X"}, {"name": "Notify Wait", "pid": 300, "tid": 2, "ts": 1716620731357822.8, "dur": 11.86025, "args": {"Task Type": "Notify Wait", "Stream Id": 2, "Task Id": 7, "Batch Id": 0, "Subtask Id": 2, "connection_id": 30}, "ph": "X"}, {"name": "Write Value", "pid": 300, "tid": 2, "ts": 1716620731357835.5, "dur": 0.7, "args": {"Task Type": "Write Value", "Stream Id": 2, "Task Id": 7, "Batch Id": 0, "Subtask Id": 3, "connection_id": 30}, "ph": "X"}, {"name": "Notify Wait", "pid": 300, "tid": 2, "ts": 1716620731357837.5, "dur": 51270.5045, "args": {"Task Type": "Notify Wait", "Stream Id": 2, "Task Id": 7, "Batch Id": 0, "Subtask Id": 4, "connection_id": 30}, "ph": "X"}, {"name": "SDMA", "pid": 300, "tid": 2, "ts": 1716620731409110.8, "dur": 1608.292, "args": {"Task Type": "SDMA", "Stream Id": 2, "Task Id": 8, "Batch Id": 0, "Subtask Id": 0, "connection_id": 33}, "ph": "X"}, {"name": "Write Value", "pid": 300, "tid": 2, "ts": 1716620731410720.5, "dur": 0.7, "args": {"Task Type": "Write Value", "Stream Id": 2, "Task Id": 8, "Batch Id": 0, "Subtask Id": 1, "connection_id": 33}, "ph": "X"}, {"name": "Notify Wait", "pid": 300, "tid": 2, "ts": 1716620731410722.5, "dur": 12.20025, "args": {"Task Type": "Notify Wait", "Stream Id": 2, "Task Id": 8, "Batch Id": 0, "Subtask Id": 2, "connection_id": 33}, "ph": "X"}, {"name": "Write Value", "pid": 300, "tid": 2, "ts": 1716620731410735.5, "dur": 0.7, "args": {"Task Type": "Write Value", "Stream Id": 2, "Task Id": 8, "Batch Id": 0, "Subtask Id": 3, "connection_id": 33}, "ph": "X"}, {"name": "Notify Wait", "pid": 300, "tid": 2, "ts": 1716620731410738.0, "dur": 51270.52425, "args": {"Task Type": "Notify Wait", "Stream Id": 2, "Task Id": 8, "Batch Id": 0, "Subtask Id": 4, "connection_id": 33}, "ph": "X"}, {"name": "SDMA", "pid": 300, "tid": 2, "ts": 1716620731462011.2, "dur": 1606.892, "args": {"Task Type": "SDMA", "Stream Id": 2, "Task Id": 9, "Batch Id": 0, "Subtask Id": 0, "connection_id": 36}, "ph": "X"}, {"name": "Write Value", "pid": 300, "tid": 2, "ts": 1716620731463619.5, "dur": 0.7, "args": {"Task Type": "Write Value", "Stream Id": 2, "Task Id": 9, "Batch Id": 0, "Subtask Id": 1, "connection_id": 36}, "ph": "X"}, {"name": "Notify Wait", "pid": 300, "tid": 2, "ts": 1716620731463621.5, "dur": 12.24025, "args": {"Task Type": "Notify Wait", "Stream Id": 2, "Task Id": 9, "Batch Id": 0, "Subtask Id": 2, "connection_id": 36}, "ph": "X"}, {"name": "Write Value", "pid": 300, "tid": 2, "ts": 1716620731463634.5, "dur": 0.68, "args": {"Task Type": "Write Value", "Stream Id": 2, "Task Id": 9, "Batch Id": 0, "Subtask Id": 3, "connection_id": 36}, "ph": "X"}, {"name": "Notify Wait", "pid": 300, "tid": 2, "ts": 1716620731463636.5, "dur": 51270.14425, "args": {"Task Type": "Notify Wait", "Stream Id": 2, "Task Id": 9, "Batch Id": 0, "Subtask Id": 4, "connection_id": 36}, "ph": "X"}, {"name": "SDMA", "pid": 300, "tid": 2, "ts": 1716620731514909.5, "dur": 1605.33225, "args": {"Task Type": "SDMA", "Stream Id": 2, "Task Id": 10, "Batch Id": 0, "Subtask Id": 0, "connection_id": 39}, "ph": "X"}, {"name": "Write Value", "pid": 300, "tid": 2, "ts": 1716620731516516.2, "dur": 0.7, "args": {"Task Type": "Write Value", "Stream Id": 2, "Task Id": 10, "Batch Id": 0, "Subtask Id": 1, "connection_id": 39}, "ph": "X"}, {"name": "Notify Wait", "pid": 300, "tid": 2, "ts": 1716620731516518.5, "dur": 13.96025, "args": {"Task Type": "Notify Wait", "Stream Id": 2, "Task Id": 10, "Batch Id": 0, "Subtask Id": 2, "connection_id": 39}, "ph": "X"}, {"name": "Write Value", "pid": 300, "tid": 2, "ts": 1716620731516533.2, "dur": 0.7, "args": {"Task Type": "Write Value", "Stream Id": 2, "Task Id": 10, "Batch Id": 0, "Subtask Id": 3, "connection_id": 39}, "ph": "X"}, {"name": "Notify Wait", "pid": 300, "tid": 2, "ts": 1716620731516535.8, "dur": 51270.2445, "args": {"Task Type": "Notify Wait", "Stream Id": 2, "Task Id": 10, "Batch Id": 0, "Subtask Id": 4, "connection_id": 39}, "ph": "X"}, {"name": "SDMA", "pid": 300, "tid": 2, "ts": 1716620731567808.8, "dur": 1603.872, "args": {"Task Type": "SDMA", "Stream Id": 2, "Task Id": 11, "Batch Id": 0, "Subtask Id": 0, "connection_id": 42}, "ph": "X"}, {"name": "Write Value", "pid": 300, "tid": 2, "ts": 1716620731569413.8, "dur": 0.7, "args": {"Task Type": "Write Value", "Stream Id": 2, "Task Id": 11, "Batch Id": 0, "Subtask Id": 1, "connection_id": 42}, "ph": "X"}, {"name": "Notify Wait", "pid": 300, "tid": 2, "ts": 1716620731569416.0, "dur": 17.3605, "args": {"Task Type": "Notify Wait", "Stream Id": 2, "Task Id": 11, "Batch Id": 0, "Subtask Id": 2, "connection_id": 42}, "ph": "X"}, {"name": "Write Value", "pid": 300, "tid": 2, "ts": 1716620731569434.2, "dur": 0.7, "args": {"Task Type": "Write Value", "Stream Id": 2, "Task Id": 11, "Batch Id": 0, "Subtask Id": 3, "connection_id": 42}, "ph": "X"}, {"name": "Notify Wait", "pid": 300, "tid": 2, "ts": 1716620731569436.5, "dur": 51270.1045, "args": {"Task Type": "Notify Wait", "Stream Id": 2, "Task Id": 11, "Batch Id": 0, "Subtask Id": 4, "connection_id": 42}, "ph": "X"}, {"name": "SDMA", "pid": 300, "tid": 2, "ts": 1716620731620709.2, "dur": 1606.012, "args": {"Task Type": "SDMA", "Stream Id": 2, "Task Id": 12, "Batch Id": 0, "Subtask Id": 0, "connection_id": 45}, "ph": "X"}, {"name": "Write Value", "pid": 300, "tid": 2, "ts": 1716620731622316.5, "dur": 0.7, "args": {"Task Type": "Write Value", "Stream Id": 2, "Task Id": 12, "Batch Id": 0, "Subtask Id": 1, "connection_id": 45}, "ph": "X"}, {"name": "Notify Wait", "pid": 300, "tid": 2, "ts": 1716620731622318.8, "dur": 14.3005, "args": {"Task Type": "Notify Wait", "Stream Id": 2, "Task Id": 12, "Batch Id": 0, "Subtask Id": 2, "connection_id": 45}, "ph": "X"}, {"name": "Write Value", "pid": 300, "tid": 2, "ts": 1716620731622334.0, "dur": 0.7, "args": {"Task Type": "Write Value", "Stream Id": 2, "Task Id": 12, "Batch Id": 0, "Subtask Id": 3, "connection_id": 45}, "ph": "X"}, {"name": "Notify Wait", "pid": 300, "tid": 2, "ts": 1716620731622336.2, "dur": 51269.32425, "args": {"Task Type": "Notify Wait", "Stream Id": 2, "Task Id": 12, "Batch Id": 0, "Subtask Id": 4, "connection_id": 45}, "ph": "X"}, {"name": "SDMA", "pid": 300, "tid": 2, "ts": 1716620731673608.8, "dur": 1606.052, "args": {"Task Type": "SDMA", "Stream Id": 2, "Task Id": 13, "Batch Id": 0, "Subtask Id": 0, "connection_id": 48}, "ph": "X"}, {"name": "Write Value", "pid": 300, "tid": 2, "ts": 1716620731675216.0, "dur": 0.7, "args": {"Task Type": "Write Value", "Stream Id": 2, "Task Id": 13, "Batch Id": 0, "Subtask Id": 1, "connection_id": 48}, "ph": "X"}, {"name": "Notify Wait", "pid": 300, "tid": 2, "ts": 1716620731675218.0, "dur": 14.62025, "args": {"Task Type": "Notify Wait", "Stream Id": 2, "Task Id": 13, "Batch Id": 0, "Subtask Id": 2, "connection_id": 48}, "ph": "X"}, {"name": "Write Value", "pid": 300, "tid": 2, "ts": 1716620731675233.5, "dur": 0.7, "args": {"Task Type": "Write Value", "Stream Id": 2, "Task Id": 13, "Batch Id": 0, "Subtask Id": 3, "connection_id": 48}, "ph": "X"}, {"name": "Notify Wait", "pid": 300, "tid": 2, "ts": 1716620731675235.5, "dur": 51270.50425, "args": {"Task Type": "Notify Wait", "Stream Id": 2, "Task Id": 13, "Batch Id": 0, "Subtask Id": 4, "connection_id": 48}, "ph": "X"}, {"name": "SDMA", "pid": 300, "tid": 2, "ts": 1716620731726509.0, "dur": 1605.63225, "args": {"Task Type": "SDMA", "Stream Id": 2, "Task Id": 14, "Batch Id": 0, "Subtask Id": 0, "connection_id": 51}, "ph": "X"}, {"name": "Write Value", "pid": 300, "tid": 2, "ts": 1716620731728116.0, "dur": 0.7, "args": {"Task Type": "Write Value", "Stream Id": 2, "Task Id": 14, "Batch Id": 0, "Subtask Id": 1, "connection_id": 51}, "ph": "X"}, {"name": "Notify Wait", "pid": 300, "tid": 2, "ts": 1716620731728118.0, "dur": 14.66025, "args": {"Task Type": "Notify Wait", "Stream Id": 2, "Task Id": 14, "Batch Id": 0, "Subtask Id": 2, "connection_id": 51}, "ph": "X"}, {"name": "Write Value", "pid": 300, "tid": 2, "ts": 1716620731728133.5, "dur": 0.7, "args": {"Task Type": "Write Value", "Stream Id": 2, "Task Id": 14, "Batch Id": 0, "Subtask Id": 3, "connection_id": 51}, "ph": "X"}, {"name": "Notify Wait", "pid": 300, "tid": 2, "ts": 1716620731728135.8, "dur": 51270.2245, "args": {"Task Type": "Notify Wait", "Stream Id": 2, "Task Id": 14, "Batch Id": 0, "Subtask Id": 4, "connection_id": 51}, "ph": "X"}, {"name": "SDMA", "pid": 300, "tid": 2, "ts": 1716620731779408.8, "dur": 1606.272, "args": {"Task Type": "SDMA", "Stream Id": 2, "Task Id": 15, "Batch Id": 0, "Subtask Id": 0, "connection_id": 54}, "ph": "X"}, {"name": "Write Value", "pid": 300, "tid": 2, "ts": 1716620731781016.2, "dur": 0.7, "args": {"Task Type": "Write Value", "Stream Id": 2, "Task Id": 15, "Batch Id": 0, "Subtask Id": 1, "connection_id": 54}, "ph": "X"}, {"name": "Notify Wait", "pid": 300, "tid": 2, "ts": 1716620731781018.8, "dur": 12.24025, "args": {"Task Type": "Notify Wait", "Stream Id": 2, "Task Id": 15, "Batch Id": 0, "Subtask Id": 2, "connection_id": 54}, "ph": "X"}, {"name": "Write Value", "pid": 300, "tid": 2, "ts": 1716620731781032.0, "dur": 0.7, "args": {"Task Type": "Write Value", "Stream Id": 2, "Task Id": 15, "Batch Id": 0, "Subtask Id": 3, "connection_id": 54}, "ph": "X"}, {"name": "Notify Wait", "pid": 300, "tid": 2, "ts": 1716620731781034.0, "dur": 51270.9045, "args": {"Task Type": "Notify Wait", "Stream Id": 2, "Task Id": 15, "Batch Id": 0, "Subtask Id": 4, "connection_id": 54}, "ph": "X"}, {"name": "SDMA", "pid": 300, "tid": 2, "ts": 1716620731832308.0, "dur": 1607.672, "args": {"Task Type": "SDMA", "Stream Id": 2, "Task Id": 16, "Batch Id": 0, "Subtask Id": 0, "connection_id": 57}, "ph": "X"}, {"name": "Write Value", "pid": 300, "tid": 2, "ts": 1716620731833916.8, "dur": 0.7, "args": {"Task Type": "Write Value", "Stream Id": 2, "Task Id": 16, "Batch Id": 0, "Subtask Id": 1, "connection_id": 57}, "ph": "X"}, {"name": "Notify Wait", "pid": 300, "tid": 2, "ts": 1716620731833919.2, "dur": 11.16, "args": {"Task Type": "Notify Wait", "Stream Id": 2, "Task Id": 16, "Batch Id": 0, "Subtask Id": 2, "connection_id": 57}, "ph": "X"}, {"name": "Write Value", "pid": 300, "tid": 2, "ts": 1716620731833931.0, "dur": 0.7, "args": {"Task Type": "Write Value", "Stream Id": 2, "Task Id": 16, "Batch Id": 0, "Subtask Id": 3, "connection_id": 57}, "ph": "X"}, {"name": "Notify Wait", "pid": 300, "tid": 2, "ts": 1716620731833933.5, "dur": 51270.70425, "args": {"Task Type": "Notify Wait", "Stream Id": 2, "Task Id": 16, "Batch Id": 0, "Subtask Id": 4, "connection_id": 57}, "ph": "X"}, {"name": "SDMA", "pid": 300, "tid": 2, "ts": 1716620731885207.0, "dur": 1606.47225, "args": {"Task Type": "SDMA", "Stream Id": 2, "Task Id": 17, "Batch Id": 0, "Subtask Id": 0, "connection_id": 60}, "ph": "X"}, {"name": "Write Value", "pid": 300, "tid": 2, "ts": 1716620731886814.8, "dur": 0.7, "args": {"Task Type": "Write Value", "Stream Id": 2, "Task Id": 17, "Batch Id": 0, "Subtask Id": 1, "connection_id": 60}, "ph": "X"}, {"name": "Notify Wait", "pid": 300, "tid": 2, "ts": 1716620731886816.8, "dur": 12.62025, "args": {"Task Type": "Notify Wait", "Stream Id": 2, "Task Id": 17, "Batch Id": 0, "Subtask Id": 2, "connection_id": 60}, "ph": "X"}, {"name": "Write Value", "pid": 300, "tid": 2, "ts": 1716620731886830.2, "dur": 0.7, "args": {"Task Type": "Write Value", "Stream Id": 2, "Task Id": 17, "Batch Id": 0, "Subtask Id": 3, "connection_id": 60}, "ph": "X"}, {"name": "Notify Wait", "pid": 300, "tid": 2, "ts": 1716620731886832.2, "dur": 51270.3445, "args": {"Task Type": "Notify Wait", "Stream Id": 2, "Task Id": 17, "Batch Id": 0, "Subtask Id": 4, "connection_id": 60}, "ph": "X"}, {"name": "SDMA", "pid": 300, "tid": 2, "ts": 1716620731938105.5, "dur": 1605.432, "args": {"Task Type": "SDMA", "Stream Id": 2, "Task Id": 18, "Batch Id": 0, "Subtask Id": 0, "connection_id": 63}, "ph": "X"}, {"name": "Write Value", "pid": 300, "tid": 2, "ts": 1716620731939712.2, "dur": 0.7, "args": {"Task Type": "Write Value", "Stream Id": 2, "Task Id": 18, "Batch Id": 0, "Subtask Id": 1, "connection_id": 63}, "ph": "X"}, {"name": "Notify Wait", "pid": 300, "tid": 2, "ts": 1716620731939714.5, "dur": 15.08025, "args": {"Task Type": "Notify Wait", "Stream Id": 2, "Task Id": 18, "Batch Id": 0, "Subtask Id": 2, "connection_id": 63}, "ph": "X"}, {"name": "Write Value", "pid": 300, "tid": 2, "ts": 1716620731939730.5, "dur": 0.7, "args": {"Task Type": "Write Value", "Stream Id": 2, "Task Id": 18, "Batch Id": 0, "Subtask Id": 3, "connection_id": 63}, "ph": "X"}, {"name": "Notify Wait", "pid": 300, "tid": 2, "ts": 1716620731939732.5, "dur": 51271.0445, "args": {"Task Type": "Notify Wait", "Stream Id": 2, "Task Id": 18, "Batch Id": 0, "Subtask Id": 4, "connection_id": 63}, "ph": "X"}, {"name": "SDMA", "pid": 300, "tid": 2, "ts": 1716620731991006.8, "dur": 1604.972, "args": {"Task Type": "SDMA", "Stream Id": 2, "Task Id": 19, "Batch Id": 0, "Subtask Id": 0, "connection_id": 66}, "ph": "X"}, {"name": "Write Value", "pid": 300, "tid": 2, "ts": 1716620731992613.0, "dur": 0.7, "args": {"Task Type": "Write Value", "Stream Id": 2, "Task Id": 19, "Batch Id": 0, "Subtask Id": 1, "connection_id": 66}, "ph": "X"}, {"name": "Notify Wait", "pid": 300, "tid": 2, "ts": 1716620731992615.0, "dur": 16.92025, "args": {"Task Type": "Notify Wait", "Stream Id": 2, "Task Id": 19, "Batch Id": 0, "Subtask Id": 2, "connection_id": 66}, "ph": "X"}, {"name": "Write Value", "pid": 300, "tid": 2, "ts": 1716620731992632.8, "dur": 0.72, "args": {"Task Type": "Write Value", "Stream Id": 2, "Task Id": 19, "Batch Id": 0, "Subtask Id": 3, "connection_id": 66}, "ph": "X"}, {"name": "Notify Wait", "pid": 300, "tid": 2, "ts": 1716620731992635.2, "dur": 51269.8245, "args": {"Task Type": "Notify Wait", "Stream Id": 2, "Task Id": 19, "Batch Id": 0, "Subtask Id": 4, "connection_id": 66}, "ph": "X"}, {"name": "SDMA", "pid": 300, "tid": 2, "ts": 1716620732043908.0, "dur": 1607.272, "args": {"Task Type": "SDMA", "Stream Id": 2, "Task Id": 20, "Batch Id": 0, "Subtask Id": 0, "connection_id": 69}, "ph": "X"}, {"name": "Write Value", "pid": 300, "tid": 2, "ts": 1716620732045516.5, "dur": 0.7, "args": {"Task Type": "Write Value", "Stream Id": 2, "Task Id": 20, "Batch Id": 0, "Subtask Id": 1, "connection_id": 69}, "ph": "X"}, {"name": "Notify Wait", "pid": 300, "tid": 2, "ts": 1716620732045518.5, "dur": 11.18, "args": {"Task Type": "Notify Wait", "Stream Id": 2, "Task Id": 20, "Batch Id": 0, "Subtask Id": 2, "connection_id": 69}, "ph": "X"}, {"name": "Write Value", "pid": 300, "tid": 2, "ts": 1716620732045530.8, "dur": 0.7, "args": {"Task Type": "Write Value", "Stream Id": 2, "Task Id": 20, "Batch Id": 0, "Subtask Id": 3, "connection_id": 69}, "ph": "X"}, {"name": "Notify Wait", "pid": 300, "tid": 2, "ts": 1716620732045533.0, "dur": 51270.30425, "args": {"Task Type": "Notify Wait", "Stream Id": 2, "Task Id": 20, "Batch Id": 0, "Subtask Id": 4, "connection_id": 69}, "ph": "X"}, {"name": "SDMA", "pid": 300, "tid": 2, "ts": 1716620732096806.0, "dur": 1608.25225, "args": {"Task Type": "SDMA", "Stream Id": 2, "Task Id": 21, "Batch Id": 0, "Subtask Id": 0, "connection_id": 72}, "ph": "X"}, {"name": "Write Value", "pid": 300, "tid": 2, "ts": 1716620732098415.5, "dur": 0.7, "args": {"Task Type": "Write Value", "Stream Id": 2, "Task Id": 21, "Batch Id": 0, "Subtask Id": 1, "connection_id": 72}, "ph": "X"}, {"name": "Notify Wait", "pid": 300, "tid": 2, "ts": 1716620732098417.5, "dur": 11.92025, "args": {"Task Type": "Notify Wait", "Stream Id": 2, "Task Id": 21, "Batch Id": 0, "Subtask Id": 2, "connection_id": 72}, "ph": "X"}, {"name": "Write Value", "pid": 300, "tid": 2, "ts": 1716620732098430.5, "dur": 0.7, "args": {"Task Type": "Write Value", "Stream Id": 2, "Task Id": 21, "Batch Id": 0, "Subtask Id": 3, "connection_id": 72}, "ph": "X"}, {"name": "Notify Wait", "pid": 300, "tid": 2, "ts": 1716620732098432.5, "dur": 51269.8245, "args": {"Task Type": "Notify Wait", "Stream Id": 2, "Task Id": 21, "Batch Id": 0, "Subtask Id": 4, "connection_id": 72}, "ph": "X"}, {"name": "SDMA", "pid": 300, "tid": 2, "ts": 1716620732149705.2, "dur": 1604.672, "args": {"Task Type": "SDMA", "Stream Id": 2, "Task Id": 22, "Batch Id": 0, "Subtask Id": 0, "connection_id": 75}, "ph": "X"}, {"name": "Write Value", "pid": 300, "tid": 2, "ts": 1716620732151311.2, "dur": 0.7, "args": {"Task Type": "Write Value", "Stream Id": 2, "Task Id": 22, "Batch Id": 0, "Subtask Id": 1, "connection_id": 75}, "ph": "X"}, {"name": "Notify Wait", "pid": 300, "tid": 2, "ts": 1716620732151313.2, "dur": 15.14025, "args": {"Task Type": "Notify Wait", "Stream Id": 2, "Task Id": 22, "Batch Id": 0, "Subtask Id": 2, "connection_id": 75}, "ph": "X"}, {"name": "Write Value", "pid": 300, "tid": 2, "ts": 1716620732151329.2, "dur": 0.7, "args": {"Task Type": "Write Value", "Stream Id": 2, "Task Id": 22, "Batch Id": 0, "Subtask Id": 3, "connection_id": 75}, "ph": "X"}, {"name": "Notify Wait", "pid": 300, "tid": 2, "ts": 1716620732151331.2, "dur": 51270.5445, "args": {"Task Type": "Notify Wait", "Stream Id": 2, "Task Id": 22, "Batch Id": 0, "Subtask Id": 4, "connection_id": 75}, "ph": "X"}, {"name": "SDMA", "pid": 300, "tid": 2, "ts": 1716620732202604.8, "dur": 1605.252, "args": {"Task Type": "SDMA", "Stream Id": 2, "Task Id": 23, "Batch Id": 0, "Subtask Id": 0, "connection_id": 78}, "ph": "X"}, {"name": "Write Value", "pid": 300, "tid": 2, "ts": 1716620732204211.2, "dur": 0.7, "args": {"Task Type": "Write Value", "Stream Id": 2, "Task Id": 23, "Batch Id": 0, "Subtask Id": 1, "connection_id": 78}, "ph": "X"}, {"name": "Notify Wait", "pid": 300, "tid": 2, "ts": 1716620732204213.2, "dur": 16.0805, "args": {"Task Type": "Notify Wait", "Stream Id": 2, "Task Id": 23, "Batch Id": 0, "Subtask Id": 2, "connection_id": 78}, "ph": "X"}, {"name": "Write Value", "pid": 300, "tid": 2, "ts": 1716620732204230.2, "dur": 0.7, "args": {"Task Type": "Write Value", "Stream Id": 2, "Task Id": 23, "Batch Id": 0, "Subtask Id": 3, "connection_id": 78}, "ph": "X"}, {"name": "Notify Wait", "pid": 300, "tid": 2, "ts": 1716620732204232.5, "dur": 51269.88425, "args": {"Task Type": "Notify Wait", "Stream Id": 2, "Task Id": 23, "Batch Id": 0, "Subtask Id": 4, "connection_id": 78}, "ph": "X"}, {"name": "SDMA", "pid": 300, "tid": 2, "ts": 1716620732255505.5, "dur": 1605.892, "args": {"Task Type": "SDMA", "Stream Id": 2, "Task Id": 24, "Batch Id": 0, "Subtask Id": 0, "connection_id": 81}, "ph": "X"}, {"name": "Write Value", "pid": 300, "tid": 2, "ts": 1716620732257112.5, "dur": 0.7, "args": {"Task Type": "Write Value", "Stream Id": 2, "Task Id": 24, "Batch Id": 0, "Subtask Id": 1, "connection_id": 81}, "ph": "X"}, {"name": "Notify Wait", "pid": 300, "tid": 2, "ts": 1716620732257114.5, "dur": 14.9605, "args": {"Task Type": "Notify Wait", "Stream Id": 2, "Task Id": 24, "Batch Id": 0, "Subtask Id": 2, "connection_id": 81}, "ph": "X"}, {"name": "Write Value", "pid": 300, "tid": 2, "ts": 1716620732257130.5, "dur": 0.7, "args": {"Task Type": "Write Value", "Stream Id": 2, "Task Id": 24, "Batch Id": 0, "Subtask Id": 3, "connection_id": 81}, "ph": "X"}, {"name": "Notify Wait", "pid": 300, "tid": 2, "ts": 1716620732257132.5, "dur": 51270.96425, "args": {"Task Type": "Notify Wait", "Stream Id": 2, "Task Id": 24, "Batch Id": 0, "Subtask Id": 4, "connection_id": 81}, "ph": "X"}, {"name": "SDMA", "pid": 300, "tid": 2, "ts": 1716620732308406.2, "dur": 1606.332, "args": {"Task Type": "SDMA", "Stream Id": 2, "Task Id": 25, "Batch Id": 0, "Subtask Id": 0, "connection_id": 84}, "ph": "X"}, {"name": "Write Value", "pid": 300, "tid": 2, "ts": 1716620732310013.8, "dur": 0.7, "args": {"Task Type": "Write Value", "Stream Id": 2, "Task Id": 25, "Batch Id": 0, "Subtask Id": 1, "connection_id": 84}, "ph": "X"}, {"name": "Notify Wait", "pid": 300, "tid": 2, "ts": 1716620732310016.0, "dur": 14.66025, "args": {"Task Type": "Notify Wait", "Stream Id": 2, "Task Id": 25, "Batch Id": 0, "Subtask Id": 2, "connection_id": 84}, "ph": "X"}, {"name": "Write Value", "pid": 300, "tid": 2, "ts": 1716620732310031.5, "dur": 0.70025, "args": {"Task Type": "Write Value", "Stream Id": 2, "Task Id": 25, "Batch Id": 0, "Subtask Id": 3, "connection_id": 84}, "ph": "X"}, {"name": "Notify Wait", "pid": 300, "tid": 2, "ts": 1716620732310033.8, "dur": 51269.96425, "args": {"Task Type": "Notify Wait", "Stream Id": 2, "Task Id": 25, "Batch Id": 0, "Subtask Id": 4, "connection_id": 84}, "ph": "X"}, {"name": "EVENT_RECORD", "pid": 300, "tid": 2, "ts": 1716620732361304.8, "dur": 0.02, "args": {"Task Type": "EVENT_RECORD_SQE", "Stream Id": 2, "Task Id": 26, "Batch Id": 0, "Subtask Id": 4294967295, "connection_id": -1}, "ph": "X"}, {"name": "EVENT_RECORD", "pid": 300, "tid": 2, "ts": 1716620732361305.0, "dur": 0, "args": {"Task Type": "PLACE_HOLDER_SQE", "Stream Id": 2, "Task Id": 27, "Batch Id": 0, "Subtask Id": 4294967295, "connection_id": -1}, "ph": "X"}, {"name": "PLACE_HOLDER_SQE", "pid": 300, "tid": 0, "ts": 1716620733925762.5, "dur": 0.02, "args": {"Task Type": "PLACE_HOLDER_SQE", "Stream Id": 0, "Task Id": 4, "Batch Id": 0, "Subtask Id": 4294967295, "connection_id": -1}, "ph": "X"}, {"name": "process_name", "pid": 301, "tid": 0, "args": {"name": "device_1 Ascend Hardware"}, "ph": "M"}, {"name": "thread_name", "pid": 301, "tid": 2, "args": {"name": "device_1 Stream 2"}, "ph": "M"}, {"name": "thread_sort_index", "pid": 301, "tid": 2, "args": {"sort_index": 2}, "ph": "M"}, {"name": "thread_name", "pid": 301, "tid": 0, "args": {"name": "device_1 Stream 0"}, "ph": "M"}, {"name": "thread_sort_index", "pid": 301, "tid": 0, "args": {"sort_index": 0}, "ph": "M"}, {"name": "process_labels", "pid": 301, "tid": 0, "args": {"labels": "NPU"}, "ph": "M"}, {"name": "process_sort_index", "pid": 301, "tid": 0, "args": {"sort_index": 3}, "ph": "M"}, {"name": "PROFILING_ENABLE", "pid": 301, "tid": 0, "ts": 1716620726755166.8, "dur": 0, "args": {"Task Type": "PLACE_HOLDER_SQE", "Stream Id": 0, "Task Id": 3, "Batch Id": 0, "Subtask Id": 4294967295, "connection_id": -1}, "ph": "X"}, {"name": "Write Value", "pid": 301, "tid": 2, "ts": 1716620731036166.0, "dur": 0.7, "args": {"Task Type": "Write Value", "Stream Id": 2, "Task Id": 0, "Batch Id": 0, "Subtask Id": 0, "connection_id": 11}, "ph": "X"}, {"name": "Notify Wait", "pid": 301, "tid": 2, "ts": 1716620731036168.2, "dur": 4273.70525, "args": {"Task Type": "Notify Wait", "Stream Id": 2, "Task Id": 0, "Batch Id": 0, "Subtask Id": 1, "connection_id": 11}, "ph": "X"}, {"name": "Notify Wait", "pid": 301, "tid": 2, "ts": 1716620731040442.8, "dur": 2.78025, "args": {"Task Type": "Notify Wait", "Stream Id": 2, "Task Id": 0, "Batch Id": 0, "Subtask Id": 2, "connection_id": 11}, "ph": "X"}, {"name": "SDMA", "pid": 301, "tid": 2, "ts": 1716620731040446.2, "dur": 51265.48425, "args": {"Task Type": "SDMA", "Stream Id": 2, "Task Id": 0, "Batch Id": 0, "Subtask Id": 3, "connection_id": 11}, "ph": "X"}, {"name": "Write Value", "pid": 301, "tid": 2, "ts": 1716620731091713.2, "dur": 0.7, "args": {"Task Type": "Write Value", "Stream Id": 2, "Task Id": 0, "Batch Id": 0, "Subtask Id": 4, "connection_id": 11}, "ph": "X"}, {"name": "SDMA", "pid": 301, "tid": 2, "ts": 1716620731091715.0, "dur": 1619.1725, "args": {"Task Type": "SDMA", "Stream Id": 2, "Task Id": 0, "Batch Id": 0, "Subtask Id": 5, "connection_id": 11}, "ph": "X"}, {"name": "Write Value", "pid": 301, "tid": 2, "ts": 1716620731093338.0, "dur": 0.7, "args": {"Task Type": "Write Value", "Stream Id": 2, "Task Id": 1, "Batch Id": 0, "Subtask Id": 0, "connection_id": 14}, "ph": "X"}, {"name": "Notify Wait", "pid": 301, "tid": 2, "ts": 1716620731093340.0, "dur": 0.02, "args": {"Task Type": "Notify Wait", "Stream Id": 2, "Task Id": 1, "Batch Id": 0, "Subtask Id": 1, "connection_id": 14}, "ph": "X"}, {"name": "Notify Wait", "pid": 301, "tid": 2, "ts": 1716620731093342.2, "dur": 0.02, "args": {"Task Type": "Notify Wait", "Stream Id": 2, "Task Id": 1, "Batch Id": 0, "Subtask Id": 2, "connection_id": 14}, "ph": "X"}, {"name": "SDMA", "pid": 301, "tid": 2, "ts": 1716620731093344.5, "dur": 51265.34425, "args": {"Task Type": "SDMA", "Stream Id": 2, "Task Id": 1, "Batch Id": 0, "Subtask Id": 3, "connection_id": 14}, "ph": "X"}, {"name": "Write Value", "pid": 301, "tid": 2, "ts": 1716620731144611.0, "dur": 0.72, "args": {"Task Type": "Write Value", "Stream Id": 2, "Task Id": 1, "Batch Id": 0, "Subtask Id": 4, "connection_id": 14}, "ph": "X"}, {"name": "SDMA", "pid": 301, "tid": 2, "ts": 1716620731144613.2, "dur": 1619.49225, "args": {"Task Type": "SDMA", "Stream Id": 2, "Task Id": 1, "Batch Id": 0, "Subtask Id": 5, "connection_id": 14}, "ph": "X"}, {"name": "Write Value", "pid": 301, "tid": 2, "ts": 1716620731146236.0, "dur": 0.7, "args": {"Task Type": "Write Value", "Stream Id": 2, "Task Id": 2, "Batch Id": 0, "Subtask Id": 0, "connection_id": 17}, "ph": "X"}, {"name": "Notify Wait", "pid": 301, "tid": 2, "ts": 1716620731146238.2, "dur": 0.02, "args": {"Task Type": "Notify Wait", "Stream Id": 2, "Task Id": 2, "Batch Id": 0, "Subtask Id": 1, "connection_id": 17}, "ph": "X"}, {"name": "Notify Wait", "pid": 301, "tid": 2, "ts": 1716620731146240.2, "dur": 0, "args": {"Task Type": "Notify Wait", "Stream Id": 2, "Task Id": 2, "Batch Id": 0, "Subtask Id": 2, "connection_id": 17}, "ph": "X"}, {"name": "SDMA", "pid": 301, "tid": 2, "ts": 1716620731146242.8, "dur": 51265.34425, "args": {"Task Type": "SDMA", "Stream Id": 2, "Task Id": 2, "Batch Id": 0, "Subtask Id": 3, "connection_id": 17}, "ph": "X"}, {"name": "Write Value", "pid": 301, "tid": 2, "ts": 1716620731197509.2, "dur": 0.7, "args": {"Task Type": "Write Value", "Stream Id": 2, "Task Id": 2, "Batch Id": 0, "Subtask Id": 4, "connection_id": 17}, "ph": "X"}, {"name": "SDMA", "pid": 301, "tid": 2, "ts": 1716620731197511.2, "dur": 1621.0725, "args": {"Task Type": "SDMA", "Stream Id": 2, "Task Id": 2, "Batch Id": 0, "Subtask Id": 5, "connection_id": 17}, "ph": "X"}, {"name": "Write Value", "pid": 301, "tid": 2, "ts": 1716620731199136.0, "dur": 0.72, "args": {"Task Type": "Write Value", "Stream Id": 2, "Task Id": 3, "Batch Id": 0, "Subtask Id": 0, "connection_id": 20}, "ph": "X"}, {"name": "Notify Wait", "pid": 301, "tid": 2, "ts": 1716620731199138.2, "dur": 0.02, "args": {"Task Type": "Notify Wait", "Stream Id": 2, "Task Id": 3, "Batch Id": 0, "Subtask Id": 1, "connection_id": 20}, "ph": "X"}, {"name": "Notify Wait", "pid": 301, "tid": 2, "ts": 1716620731199140.8, "dur": 0, "args": {"Task Type": "Notify Wait", "Stream Id": 2, "Task Id": 3, "Batch Id": 0, "Subtask Id": 2, "connection_id": 20}, "ph": "X"}, {"name": "SDMA", "pid": 301, "tid": 2, "ts": 1716620731199143.0, "dur": 51265.40425, "args": {"Task Type": "SDMA", "Stream Id": 2, "Task Id": 3, "Batch Id": 0, "Subtask Id": 3, "connection_id": 20}, "ph": "X"}, {"name": "Write Value", "pid": 301, "tid": 2, "ts": 1716620731250409.8, "dur": 0.7, "args": {"Task Type": "Write Value", "Stream Id": 2, "Task Id": 3, "Batch Id": 0, "Subtask Id": 4, "connection_id": 20}, "ph": "X"}, {"name": "SDMA", "pid": 301, "tid": 2, "ts": 1716620731250411.8, "dur": 1622.7525, "args": {"Task Type": "SDMA", "Stream Id": 2, "Task Id": 3, "Batch Id": 0, "Subtask Id": 5, "connection_id": 20}, "ph": "X"}, {"name": "Write Value", "pid": 301, "tid": 2, "ts": 1716620731252037.8, "dur": 0.7, "args": {"Task Type": "Write Value", "Stream Id": 2, "Task Id": 4, "Batch Id": 0, "Subtask Id": 0, "connection_id": 23}, "ph": "X"}, {"name": "Notify Wait", "pid": 301, "tid": 2, "ts": 1716620731252039.8, "dur": 0, "args": {"Task Type": "Notify Wait", "Stream Id": 2, "Task Id": 4, "Batch Id": 0, "Subtask Id": 1, "connection_id": 23}, "ph": "X"}, {"name": "Notify Wait", "pid": 301, "tid": 2, "ts": 1716620731252042.0, "dur": 0, "args": {"Task Type": "Notify Wait", "Stream Id": 2, "Task Id": 4, "Batch Id": 0, "Subtask Id": 2, "connection_id": 23}, "ph": "X"}, {"name": "SDMA", "pid": 301, "tid": 2, "ts": 1716620731252044.2, "dur": 51265.00425, "args": {"Task Type": "SDMA", "Stream Id": 2, "Task Id": 4, "Batch Id": 0, "Subtask Id": 3, "connection_id": 23}, "ph": "X"}, {"name": "Write Value", "pid": 301, "tid": 2, "ts": 1716620731303310.8, "dur": 0.7, "args": {"Task Type": "Write Value", "Stream Id": 2, "Task Id": 4, "Batch Id": 0, "Subtask Id": 4, "connection_id": 23}, "ph": "X"}, {"name": "SDMA", "pid": 301, "tid": 2, "ts": 1716620731303312.5, "dur": 1619.59225, "args": {"Task Type": "SDMA", "Stream Id": 2, "Task Id": 4, "Batch Id": 0, "Subtask Id": 5, "connection_id": 23}, "ph": "X"}, {"name": "EVENT_RECORD", "pid": 301, "tid": 2, "ts": 1716620731304933.8, "dur": 0.02, "args": {"Task Type": "EVENT_RECORD_SQE", "Stream Id": 2, "Task Id": 5, "Batch Id": 0, "Subtask Id": 4294967295, "connection_id": -1}, "ph": "X"}, {"name": "Write Value", "pid": 301, "tid": 2, "ts": 1716620731304935.8, "dur": 0.7, "args": {"Task Type": "Write Value", "Stream Id": 2, "Task Id": 6, "Batch Id": 0, "Subtask Id": 0, "connection_id": 27}, "ph": "X"}, {"name": "Notify Wait", "pid": 301, "tid": 2, "ts": 1716620731304937.8, "dur": 0.02, "args": {"Task Type": "Notify Wait", "Stream Id": 2, "Task Id": 6, "Batch Id": 0, "Subtask Id": 1, "connection_id": 27}, "ph": "X"}, {"name": "Notify Wait", "pid": 301, "tid": 2, "ts": 1716620731304940.0, "dur": 0.02, "args": {"Task Type": "Notify Wait", "Stream Id": 2, "Task Id": 6, "Batch Id": 0, "Subtask Id": 2, "connection_id": 27}, "ph": "X"}, {"name": "SDMA", "pid": 301, "tid": 2, "ts": 1716620731304942.2, "dur": 51265.38425, "args": {"Task Type": "SDMA", "Stream Id": 2, "Task Id": 6, "Batch Id": 0, "Subtask Id": 3, "connection_id": 27}, "ph": "X"}, {"name": "Write Value", "pid": 301, "tid": 2, "ts": 1716620731356208.8, "dur": 0.7, "args": {"Task Type": "Write Value", "Stream Id": 2, "Task Id": 6, "Batch Id": 0, "Subtask Id": 4, "connection_id": 27}, "ph": "X"}, {"name": "SDMA", "pid": 301, "tid": 2, "ts": 1716620731356210.8, "dur": 1621.57225, "args": {"Task Type": "SDMA", "Stream Id": 2, "Task Id": 6, "Batch Id": 0, "Subtask Id": 5, "connection_id": 27}, "ph": "X"}, {"name": "Write Value", "pid": 301, "tid": 2, "ts": 1716620731357836.2, "dur": 0.7, "args": {"Task Type": "Write Value", "Stream Id": 2, "Task Id": 7, "Batch Id": 0, "Subtask Id": 0, "connection_id": 30}, "ph": "X"}, {"name": "Notify Wait", "pid": 301, "tid": 2, "ts": 1716620731357838.2, "dur": 0, "args": {"Task Type": "Notify Wait", "Stream Id": 2, "Task Id": 7, "Batch Id": 0, "Subtask Id": 1, "connection_id": 30}, "ph": "X"}, {"name": "Notify Wait", "pid": 301, "tid": 2, "ts": 1716620731357840.8, "dur": 0.02, "args": {"Task Type": "Notify Wait", "Stream Id": 2, "Task Id": 7, "Batch Id": 0, "Subtask Id": 2, "connection_id": 30}, "ph": "X"}, {"name": "SDMA", "pid": 301, "tid": 2, "ts": 1716620731357843.0, "dur": 51265.36425, "args": {"Task Type": "SDMA", "Stream Id": 2, "Task Id": 7, "Batch Id": 0, "Subtask Id": 3, "connection_id": 30}, "ph": "X"}, {"name": "Write Value", "pid": 301, "tid": 2, "ts": 1716620731409109.5, "dur": 0.7, "args": {"Task Type": "Write Value", "Stream Id": 2, "Task Id": 7, "Batch Id": 0, "Subtask Id": 4, "connection_id": 30}, "ph": "X"}, {"name": "SDMA", "pid": 301, "tid": 2, "ts": 1716620731409111.5, "dur": 1621.4325, "args": {"Task Type": "SDMA", "Stream Id": 2, "Task Id": 7, "Batch Id": 0, "Subtask Id": 5, "connection_id": 30}, "ph": "X"}, {"name": "Write Value", "pid": 301, "tid": 2, "ts": 1716620731410736.5, "dur": 0.7, "args": {"Task Type": "Write Value", "Stream Id": 2, "Task Id": 8, "Batch Id": 0, "Subtask Id": 0, "connection_id": 33}, "ph": "X"}, {"name": "Notify Wait", "pid": 301, "tid": 2, "ts": 1716620731410738.5, "dur": 0.02, "args": {"Task Type": "Notify Wait", "Stream Id": 2, "Task Id": 8, "Batch Id": 0, "Subtask Id": 1, "connection_id": 33}, "ph": "X"}, {"name": "Notify Wait", "pid": 301, "tid": 2, "ts": 1716620731410741.0, "dur": 0.02, "args": {"Task Type": "Notify Wait", "Stream Id": 2, "Task Id": 8, "Batch Id": 0, "Subtask Id": 2, "connection_id": 33}, "ph": "X"}, {"name": "SDMA", "pid": 301, "tid": 2, "ts": 1716620731410743.2, "dur": 51265.40425, "args": {"Task Type": "SDMA", "Stream Id": 2, "Task Id": 8, "Batch Id": 0, "Subtask Id": 3, "connection_id": 33}, "ph": "X"}, {"name": "Write Value", "pid": 301, "tid": 2, "ts": 1716620731462010.2, "dur": 0.7, "args": {"Task Type": "Write Value", "Stream Id": 2, "Task Id": 8, "Batch Id": 0, "Subtask Id": 4, "connection_id": 33}, "ph": "X"}, {"name": "SDMA", "pid": 301, "tid": 2, "ts": 1716620731462012.0, "dur": 1619.5925, "args": {"Task Type": "SDMA", "Stream Id": 2, "Task Id": 8, "Batch Id": 0, "Subtask Id": 5, "connection_id": 33}, "ph": "X"}, {"name": "Write Value", "pid": 301, "tid": 2, "ts": 1716620731463635.0, "dur": 0.72, "args": {"Task Type": "Write Value", "Stream Id": 2, "Task Id": 9, "Batch Id": 0, "Subtask Id": 0, "connection_id": 36}, "ph": "X"}, {"name": "Notify Wait", "pid": 301, "tid": 2, "ts": 1716620731463637.2, "dur": 0, "args": {"Task Type": "Notify Wait", "Stream Id": 2, "Task Id": 9, "Batch Id": 0, "Subtask Id": 1, "connection_id": 36}, "ph": "X"}, {"name": "Notify Wait", "pid": 301, "tid": 2, "ts": 1716620731463639.5, "dur": 0, "args": {"Task Type": "Notify Wait", "Stream Id": 2, "Task Id": 9, "Batch Id": 0, "Subtask Id": 2, "connection_id": 36}, "ph": "X"}, {"name": "SDMA", "pid": 301, "tid": 2, "ts": 1716620731463641.8, "dur": 51265.3245, "args": {"Task Type": "SDMA", "Stream Id": 2, "Task Id": 9, "Batch Id": 0, "Subtask Id": 3, "connection_id": 36}, "ph": "X"}, {"name": "Write Value", "pid": 301, "tid": 2, "ts": 1716620731514908.5, "dur": 0.7, "args": {"Task Type": "Write Value", "Stream Id": 2, "Task Id": 9, "Batch Id": 0, "Subtask Id": 4, "connection_id": 36}, "ph": "X"}, {"name": "SDMA", "pid": 301, "tid": 2, "ts": 1716620731514910.2, "dur": 1620.45225, "args": {"Task Type": "SDMA", "Stream Id": 2, "Task Id": 9, "Batch Id": 0, "Subtask Id": 5, "connection_id": 36}, "ph": "X"}, {"name": "Write Value", "pid": 301, "tid": 2, "ts": 1716620731516534.2, "dur": 0.7, "args": {"Task Type": "Write Value", "Stream Id": 2, "Task Id": 10, "Batch Id": 0, "Subtask Id": 0, "connection_id": 39}, "ph": "X"}, {"name": "Notify Wait", "pid": 301, "tid": 2, "ts": 1716620731516536.2, "dur": 0, "args": {"Task Type": "Notify Wait", "Stream Id": 2, "Task Id": 10, "Batch Id": 0, "Subtask Id": 1, "connection_id": 39}, "ph": "X"}, {"name": "Notify Wait", "pid": 301, "tid": 2, "ts": 1716620731516538.5, "dur": 0.02, "args": {"Task Type": "Notify Wait", "Stream Id": 2, "Task Id": 10, "Batch Id": 0, "Subtask Id": 2, "connection_id": 39}, "ph": "X"}, {"name": "SDMA", "pid": 301, "tid": 2, "ts": 1716620731516540.8, "dur": 51265.10425, "args": {"Task Type": "SDMA", "Stream Id": 2, "Task Id": 10, "Batch Id": 0, "Subtask Id": 3, "connection_id": 39}, "ph": "X"}, {"name": "Write Value", "pid": 301, "tid": 2, "ts": 1716620731567807.2, "dur": 0.7, "args": {"Task Type": "Write Value", "Stream Id": 2, "Task Id": 10, "Batch Id": 0, "Subtask Id": 4, "connection_id": 39}, "ph": "X"}, {"name": "SDMA", "pid": 301, "tid": 2, "ts": 1716620731567809.2, "dur": 1622.39225, "args": {"Task Type": "SDMA", "Stream Id": 2, "Task Id": 10, "Batch Id": 0, "Subtask Id": 5, "connection_id": 39}, "ph": "X"}, {"name": "Write Value", "pid": 301, "tid": 2, "ts": 1716620731569435.0, "dur": 0.70025, "args": {"Task Type": "Write Value", "Stream Id": 2, "Task Id": 11, "Batch Id": 0, "Subtask Id": 0, "connection_id": 42}, "ph": "X"}, {"name": "Notify Wait", "pid": 301, "tid": 2, "ts": 1716620731569437.2, "dur": 0.02, "args": {"Task Type": "Notify Wait", "Stream Id": 2, "Task Id": 11, "Batch Id": 0, "Subtask Id": 1, "connection_id": 42}, "ph": "X"}, {"name": "Notify Wait", "pid": 301, "tid": 2, "ts": 1716620731569439.2, "dur": 0.02, "args": {"Task Type": "Notify Wait", "Stream Id": 2, "Task Id": 11, "Batch Id": 0, "Subtask Id": 2, "connection_id": 42}, "ph": "X"}, {"name": "SDMA", "pid": 301, "tid": 2, "ts": 1716620731569441.5, "dur": 51265.34425, "args": {"Task Type": "SDMA", "Stream Id": 2, "Task Id": 11, "Batch Id": 0, "Subtask Id": 3, "connection_id": 42}, "ph": "X"}, {"name": "Write Value", "pid": 301, "tid": 2, "ts": 1716620731620708.5, "dur": 0.7, "args": {"Task Type": "Write Value", "Stream Id": 2, "Task Id": 11, "Batch Id": 0, "Subtask Id": 4, "connection_id": 42}, "ph": "X"}, {"name": "SDMA", "pid": 301, "tid": 2, "ts": 1716620731620710.2, "dur": 1620.3725, "args": {"Task Type": "SDMA", "Stream Id": 2, "Task Id": 11, "Batch Id": 0, "Subtask Id": 5, "connection_id": 42}, "ph": "X"}, {"name": "Write Value", "pid": 301, "tid": 2, "ts": 1716620731622334.2, "dur": 0.7, "args": {"Task Type": "Write Value", "Stream Id": 2, "Task Id": 12, "Batch Id": 0, "Subtask Id": 0, "connection_id": 45}, "ph": "X"}, {"name": "Notify Wait", "pid": 301, "tid": 2, "ts": 1716620731622336.2, "dur": 0, "args": {"Task Type": "Notify Wait", "Stream Id": 2, "Task Id": 12, "Batch Id": 0, "Subtask Id": 1, "connection_id": 45}, "ph": "X"}, {"name": "Notify Wait", "pid": 301, "tid": 2, "ts": 1716620731622338.2, "dur": 0, "args": {"Task Type": "Notify Wait", "Stream Id": 2, "Task Id": 12, "Batch Id": 0, "Subtask Id": 2, "connection_id": 45}, "ph": "X"}, {"name": "SDMA", "pid": 301, "tid": 2, "ts": 1716620731622340.8, "dur": 51265.30425, "args": {"Task Type": "SDMA", "Stream Id": 2, "Task Id": 12, "Batch Id": 0, "Subtask Id": 3, "connection_id": 45}, "ph": "X"}, {"name": "Write Value", "pid": 301, "tid": 2, "ts": 1716620731673607.2, "dur": 0.7, "args": {"Task Type": "Write Value", "Stream Id": 2, "Task Id": 12, "Batch Id": 0, "Subtask Id": 4, "connection_id": 45}, "ph": "X"}, {"name": "SDMA", "pid": 301, "tid": 2, "ts": 1716620731673609.2, "dur": 1621.8925, "args": {"Task Type": "SDMA", "Stream Id": 2, "Task Id": 12, "Batch Id": 0, "Subtask Id": 5, "connection_id": 45}, "ph": "X"}, {"name": "Write Value", "pid": 301, "tid": 2, "ts": 1716620731675234.5, "dur": 0.72, "args": {"Task Type": "Write Value", "Stream Id": 2, "Task Id": 13, "Batch Id": 0, "Subtask Id": 0, "connection_id": 48}, "ph": "X"}, {"name": "Notify Wait", "pid": 301, "tid": 2, "ts": 1716620731675236.5, "dur": 0, "args": {"Task Type": "Notify Wait", "Stream Id": 2, "Task Id": 13, "Batch Id": 0, "Subtask Id": 1, "connection_id": 48}, "ph": "X"}, {"name": "Notify Wait", "pid": 301, "tid": 2, "ts": 1716620731675239.0, "dur": 0, "args": {"Task Type": "Notify Wait", "Stream Id": 2, "Task Id": 13, "Batch Id": 0, "Subtask Id": 2, "connection_id": 48}, "ph": "X"}, {"name": "SDMA", "pid": 301, "tid": 2, "ts": 1716620731675241.0, "dur": 51265.1245, "args": {"Task Type": "SDMA", "Stream Id": 2, "Task Id": 13, "Batch Id": 0, "Subtask Id": 3, "connection_id": 48}, "ph": "X"}, {"name": "Write Value", "pid": 301, "tid": 2, "ts": 1716620731726507.5, "dur": 0.7, "args": {"Task Type": "Write Value", "Stream Id": 2, "Task Id": 13, "Batch Id": 0, "Subtask Id": 4, "connection_id": 48}, "ph": "X"}, {"name": "SDMA", "pid": 301, "tid": 2, "ts": 1716620731726509.5, "dur": 1620.91225, "args": {"Task Type": "SDMA", "Stream Id": 2, "Task Id": 13, "Batch Id": 0, "Subtask Id": 5, "connection_id": 48}, "ph": "X"}, {"name": "Write Value", "pid": 301, "tid": 2, "ts": 1716620731728134.0, "dur": 0.7, "args": {"Task Type": "Write Value", "Stream Id": 2, "Task Id": 14, "Batch Id": 0, "Subtask Id": 0, "connection_id": 51}, "ph": "X"}, {"name": "Notify Wait", "pid": 301, "tid": 2, "ts": 1716620731728136.0, "dur": 0, "args": {"Task Type": "Notify Wait", "Stream Id": 2, "Task Id": 14, "Batch Id": 0, "Subtask Id": 1, "connection_id": 51}, "ph": "X"}, {"name": "Notify Wait", "pid": 301, "tid": 2, "ts": 1716620731728138.2, "dur": 0, "args": {"Task Type": "Notify Wait", "Stream Id": 2, "Task Id": 14, "Batch Id": 0, "Subtask Id": 2, "connection_id": 51}, "ph": "X"}, {"name": "SDMA", "pid": 301, "tid": 2, "ts": 1716620731728140.5, "dur": 51265.36425, "args": {"Task Type": "SDMA", "Stream Id": 2, "Task Id": 14, "Batch Id": 0, "Subtask Id": 3, "connection_id": 51}, "ph": "X"}, {"name": "Write Value", "pid": 301, "tid": 2, "ts": 1716620731779407.2, "dur": 0.70025, "args": {"Task Type": "Write Value", "Stream Id": 2, "Task Id": 14, "Batch Id": 0, "Subtask Id": 4, "connection_id": 51}, "ph": "X"}, {"name": "SDMA", "pid": 301, "tid": 2, "ts": 1716620731779409.2, "dur": 1619.89225, "args": {"Task Type": "SDMA", "Stream Id": 2, "Task Id": 14, "Batch Id": 0, "Subtask Id": 5, "connection_id": 51}, "ph": "X"}, {"name": "Write Value", "pid": 301, "tid": 2, "ts": 1716620731781032.8, "dur": 0.7, "args": {"Task Type": "Write Value", "Stream Id": 2, "Task Id": 15, "Batch Id": 0, "Subtask Id": 0, "connection_id": 54}, "ph": "X"}, {"name": "Notify Wait", "pid": 301, "tid": 2, "ts": 1716620731781034.8, "dur": 0.02, "args": {"Task Type": "Notify Wait", "Stream Id": 2, "Task Id": 15, "Batch Id": 0, "Subtask Id": 1, "connection_id": 54}, "ph": "X"}, {"name": "Notify Wait", "pid": 301, "tid": 2, "ts": 1716620731781037.2, "dur": 0, "args": {"Task Type": "Notify Wait", "Stream Id": 2, "Task Id": 15, "Batch Id": 0, "Subtask Id": 2, "connection_id": 54}, "ph": "X"}, {"name": "SDMA", "pid": 301, "tid": 2, "ts": 1716620731781039.5, "dur": 51265.38425, "args": {"Task Type": "SDMA", "Stream Id": 2, "Task Id": 15, "Batch Id": 0, "Subtask Id": 3, "connection_id": 54}, "ph": "X"}, {"name": "Write Value", "pid": 301, "tid": 2, "ts": 1716620731832306.5, "dur": 0.7, "args": {"Task Type": "Write Value", "Stream Id": 2, "Task Id": 15, "Batch Id": 0, "Subtask Id": 4, "connection_id": 54}, "ph": "X"}, {"name": "SDMA", "pid": 301, "tid": 2, "ts": 1716620731832308.2, "dur": 1620.2125, "args": {"Task Type": "SDMA", "Stream Id": 2, "Task Id": 15, "Batch Id": 0, "Subtask Id": 5, "connection_id": 54}, "ph": "X"}, {"name": "Write Value", "pid": 301, "tid": 2, "ts": 1716620731833932.0, "dur": 0.72, "args": {"Task Type": "Write Value", "Stream Id": 2, "Task Id": 16, "Batch Id": 0, "Subtask Id": 0, "connection_id": 57}, "ph": "X"}, {"name": "Notify Wait", "pid": 301, "tid": 2, "ts": 1716620731833934.2, "dur": 0.02, "args": {"Task Type": "Notify Wait", "Stream Id": 2, "Task Id": 16, "Batch Id": 0, "Subtask Id": 1, "connection_id": 57}, "ph": "X"}, {"name": "Notify Wait", "pid": 301, "tid": 2, "ts": 1716620731833937.0, "dur": 0.02, "args": {"Task Type": "Notify Wait", "Stream Id": 2, "Task Id": 16, "Batch Id": 0, "Subtask Id": 2, "connection_id": 57}, "ph": "X"}, {"name": "SDMA", "pid": 301, "tid": 2, "ts": 1716620731833939.2, "dur": 51265.32425, "args": {"Task Type": "SDMA", "Stream Id": 2, "Task Id": 16, "Batch Id": 0, "Subtask Id": 3, "connection_id": 57}, "ph": "X"}, {"name": "Write Value", "pid": 301, "tid": 2, "ts": 1716620731885205.8, "dur": 0.7, "args": {"Task Type": "Write Value", "Stream Id": 2, "Task Id": 16, "Batch Id": 0, "Subtask Id": 4, "connection_id": 57}, "ph": "X"}, {"name": "SDMA", "pid": 301, "tid": 2, "ts": 1716620731885207.5, "dur": 1619.73225, "args": {"Task Type": "SDMA", "Stream Id": 2, "Task Id": 16, "Batch Id": 0, "Subtask Id": 5, "connection_id": 57}, "ph": "X"}, {"name": "Write Value", "pid": 301, "tid": 2, "ts": 1716620731886831.0, "dur": 0.7, "args": {"Task Type": "Write Value", "Stream Id": 2, "Task Id": 17, "Batch Id": 0, "Subtask Id": 0, "connection_id": 60}, "ph": "X"}, {"name": "Notify Wait", "pid": 301, "tid": 2, "ts": 1716620731886833.2, "dur": 0.02, "args": {"Task Type": "Notify Wait", "Stream Id": 2, "Task Id": 17, "Batch Id": 0, "Subtask Id": 1, "connection_id": 60}, "ph": "X"}, {"name": "Notify Wait", "pid": 301, "tid": 2, "ts": 1716620731886835.5, "dur": 0.02, "args": {"Task Type": "Notify Wait", "Stream Id": 2, "Task Id": 17, "Batch Id": 0, "Subtask Id": 2, "connection_id": 60}, "ph": "X"}, {"name": "SDMA", "pid": 301, "tid": 2, "ts": 1716620731886837.8, "dur": 51265.36425, "args": {"Task Type": "SDMA", "Stream Id": 2, "Task Id": 17, "Batch Id": 0, "Subtask Id": 3, "connection_id": 60}, "ph": "X"}, {"name": "Write Value", "pid": 301, "tid": 2, "ts": 1716620731938104.2, "dur": 0.7, "args": {"Task Type": "Write Value", "Stream Id": 2, "Task Id": 17, "Batch Id": 0, "Subtask Id": 4, "connection_id": 60}, "ph": "X"}, {"name": "SDMA", "pid": 301, "tid": 2, "ts": 1716620731938106.2, "dur": 1621.75225, "args": {"Task Type": "SDMA", "Stream Id": 2, "Task Id": 17, "Batch Id": 0, "Subtask Id": 5, "connection_id": 60}, "ph": "X"}, {"name": "Write Value", "pid": 301, "tid": 2, "ts": 1716620731939731.5, "dur": 0.7, "args": {"Task Type": "Write Value", "Stream Id": 2, "Task Id": 18, "Batch Id": 0, "Subtask Id": 0, "connection_id": 63}, "ph": "X"}, {"name": "Notify Wait", "pid": 301, "tid": 2, "ts": 1716620731939733.8, "dur": 0.02, "args": {"Task Type": "Notify Wait", "Stream Id": 2, "Task Id": 18, "Batch Id": 0, "Subtask Id": 1, "connection_id": 63}, "ph": "X"}, {"name": "Notify Wait", "pid": 301, "tid": 2, "ts": 1716620731939736.0, "dur": 0.02, "args": {"Task Type": "Notify Wait", "Stream Id": 2, "Task Id": 18, "Batch Id": 0, "Subtask Id": 2, "connection_id": 63}, "ph": "X"}, {"name": "SDMA", "pid": 301, "tid": 2, "ts": 1716620731939738.5, "dur": 51265.34425, "args": {"Task Type": "SDMA", "Stream Id": 2, "Task Id": 18, "Batch Id": 0, "Subtask Id": 3, "connection_id": 63}, "ph": "X"}, {"name": "Write Value", "pid": 301, "tid": 2, "ts": 1716620731991005.0, "dur": 0.7, "args": {"Task Type": "Write Value", "Stream Id": 2, "Task Id": 18, "Batch Id": 0, "Subtask Id": 4, "connection_id": 63}, "ph": "X"}, {"name": "SDMA", "pid": 301, "tid": 2, "ts": 1716620731991007.0, "dur": 1623.1325, "args": {"Task Type": "SDMA", "Stream Id": 2, "Task Id": 18, "Batch Id": 0, "Subtask Id": 5, "connection_id": 63}, "ph": "X"}, {"name": "Write Value", "pid": 301, "tid": 2, "ts": 1716620731992633.5, "dur": 0.70025, "args": {"Task Type": "Write Value", "Stream Id": 2, "Task Id": 19, "Batch Id": 0, "Subtask Id": 0, "connection_id": 66}, "ph": "X"}, {"name": "Notify Wait", "pid": 301, "tid": 2, "ts": 1716620731992635.5, "dur": 0.02, "args": {"Task Type": "Notify Wait", "Stream Id": 2, "Task Id": 19, "Batch Id": 0, "Subtask Id": 1, "connection_id": 66}, "ph": "X"}, {"name": "Notify Wait", "pid": 301, "tid": 2, "ts": 1716620731992638.0, "dur": 0, "args": {"Task Type": "Notify Wait", "Stream Id": 2, "Task Id": 19, "Batch Id": 0, "Subtask Id": 2, "connection_id": 66}, "ph": "X"}, {"name": "SDMA", "pid": 301, "tid": 2, "ts": 1716620731992640.2, "dur": 51265.34425, "args": {"Task Type": "SDMA", "Stream Id": 2, "Task Id": 19, "Batch Id": 0, "Subtask Id": 3, "connection_id": 66}, "ph": "X"}, {"name": "Write Value", "pid": 301, "tid": 2, "ts": 1716620732043906.8, "dur": 0.7, "args": {"Task Type": "Write Value", "Stream Id": 2, "Task Id": 19, "Batch Id": 0, "Subtask Id": 4, "connection_id": 66}, "ph": "X"}, {"name": "SDMA", "pid": 301, "tid": 2, "ts": 1716620732043908.8, "dur": 1619.2325, "args": {"Task Type": "SDMA", "Stream Id": 2, "Task Id": 19, "Batch Id": 0, "Subtask Id": 5, "connection_id": 66}, "ph": "X"}, {"name": "Write Value", "pid": 301, "tid": 2, "ts": 1716620732045531.5, "dur": 0.7, "args": {"Task Type": "Write Value", "Stream Id": 2, "Task Id": 20, "Batch Id": 0, "Subtask Id": 0, "connection_id": 69}, "ph": "X"}, {"name": "Notify Wait", "pid": 301, "tid": 2, "ts": 1716620732045533.8, "dur": 0.02, "args": {"Task Type": "Notify Wait", "Stream Id": 2, "Task Id": 20, "Batch Id": 0, "Subtask Id": 1, "connection_id": 69}, "ph": "X"}, {"name": "Notify Wait", "pid": 301, "tid": 2, "ts": 1716620732045535.8, "dur": 0.02, "args": {"Task Type": "Notify Wait", "Stream Id": 2, "Task Id": 20, "Batch Id": 0, "Subtask Id": 2, "connection_id": 69}, "ph": "X"}, {"name": "SDMA", "pid": 301, "tid": 2, "ts": 1716620732045538.0, "dur": 51265.32425, "args": {"Task Type": "SDMA", "Stream Id": 2, "Task Id": 20, "Batch Id": 0, "Subtask Id": 3, "connection_id": 69}, "ph": "X"}, {"name": "Write Value", "pid": 301, "tid": 2, "ts": 1716620732096804.5, "dur": 0.7, "args": {"Task Type": "Write Value", "Stream Id": 2, "Task Id": 20, "Batch Id": 0, "Subtask Id": 4, "connection_id": 69}, "ph": "X"}, {"name": "SDMA", "pid": 301, "tid": 2, "ts": 1716620732096806.5, "dur": 1621.1525, "args": {"Task Type": "SDMA", "Stream Id": 2, "Task Id": 20, "Batch Id": 0, "Subtask Id": 5, "connection_id": 69}, "ph": "X"}, {"name": "Write Value", "pid": 301, "tid": 2, "ts": 1716620732098431.0, "dur": 0.7, "args": {"Task Type": "Write Value", "Stream Id": 2, "Task Id": 21, "Batch Id": 0, "Subtask Id": 0, "connection_id": 72}, "ph": "X"}, {"name": "Notify Wait", "pid": 301, "tid": 2, "ts": 1716620732098433.2, "dur": 0, "args": {"Task Type": "Notify Wait", "Stream Id": 2, "Task Id": 21, "Batch Id": 0, "Subtask Id": 1, "connection_id": 72}, "ph": "X"}, {"name": "Notify Wait", "pid": 301, "tid": 2, "ts": 1716620732098435.5, "dur": 0, "args": {"Task Type": "Notify Wait", "Stream Id": 2, "Task Id": 21, "Batch Id": 0, "Subtask Id": 2, "connection_id": 72}, "ph": "X"}, {"name": "SDMA", "pid": 301, "tid": 2, "ts": 1716620732098437.8, "dur": 51265.30425, "args": {"Task Type": "SDMA", "Stream Id": 2, "Task Id": 21, "Batch Id": 0, "Subtask Id": 3, "connection_id": 72}, "ph": "X"}, {"name": "Write Value", "pid": 301, "tid": 2, "ts": 1716620732149704.2, "dur": 0.7, "args": {"Task Type": "Write Value", "Stream Id": 2, "Task Id": 21, "Batch Id": 0, "Subtask Id": 4, "connection_id": 72}, "ph": "X"}, {"name": "SDMA", "pid": 301, "tid": 2, "ts": 1716620732149706.2, "dur": 1620.09225, "args": {"Task Type": "SDMA", "Stream Id": 2, "Task Id": 21, "Batch Id": 0, "Subtask Id": 5, "connection_id": 72}, "ph": "X"}, {"name": "Write Value", "pid": 301, "tid": 2, "ts": 1716620732151329.8, "dur": 0.68, "args": {"Task Type": "Write Value", "Stream Id": 2, "Task Id": 22, "Batch Id": 0, "Subtask Id": 0, "connection_id": 75}, "ph": "X"}, {"name": "Notify Wait", "pid": 301, "tid": 2, "ts": 1716620732151332.0, "dur": 0, "args": {"Task Type": "Notify Wait", "Stream Id": 2, "Task Id": 22, "Batch Id": 0, "Subtask Id": 1, "connection_id": 75}, "ph": "X"}, {"name": "Notify Wait", "pid": 301, "tid": 2, "ts": 1716620732151334.2, "dur": 0, "args": {"Task Type": "Notify Wait", "Stream Id": 2, "Task Id": 22, "Batch Id": 0, "Subtask Id": 2, "connection_id": 75}, "ph": "X"}, {"name": "SDMA", "pid": 301, "tid": 2, "ts": 1716620732151336.2, "dur": 51265.42425, "args": {"Task Type": "SDMA", "Stream Id": 2, "Task Id": 22, "Batch Id": 0, "Subtask Id": 3, "connection_id": 75}, "ph": "X"}, {"name": "Write Value", "pid": 301, "tid": 2, "ts": 1716620732202603.2, "dur": 0.7, "args": {"Task Type": "Write Value", "Stream Id": 2, "Task Id": 22, "Batch Id": 0, "Subtask Id": 4, "connection_id": 75}, "ph": "X"}, {"name": "SDMA", "pid": 301, "tid": 2, "ts": 1716620732202605.0, "dur": 1622.4325, "args": {"Task Type": "SDMA", "Stream Id": 2, "Task Id": 22, "Batch Id": 0, "Subtask Id": 5, "connection_id": 75}, "ph": "X"}, {"name": "Write Value", "pid": 301, "tid": 2, "ts": 1716620732204231.2, "dur": 0.7, "args": {"Task Type": "Write Value", "Stream Id": 2, "Task Id": 23, "Batch Id": 0, "Subtask Id": 0, "connection_id": 78}, "ph": "X"}, {"name": "Notify Wait", "pid": 301, "tid": 2, "ts": 1716620732204233.2, "dur": 0.02, "args": {"Task Type": "Notify Wait", "Stream Id": 2, "Task Id": 23, "Batch Id": 0, "Subtask Id": 1, "connection_id": 78}, "ph": "X"}, {"name": "Notify Wait", "pid": 301, "tid": 2, "ts": 1716620732204235.5, "dur": 0.02, "args": {"Task Type": "Notify Wait", "Stream Id": 2, "Task Id": 23, "Batch Id": 0, "Subtask Id": 2, "connection_id": 78}, "ph": "X"}, {"name": "SDMA", "pid": 301, "tid": 2, "ts": 1716620732204237.8, "dur": 51265.32425, "args": {"Task Type": "SDMA", "Stream Id": 2, "Task Id": 23, "Batch Id": 0, "Subtask Id": 3, "connection_id": 78}, "ph": "X"}, {"name": "Write Value", "pid": 301, "tid": 2, "ts": 1716620732255504.2, "dur": 0.7, "args": {"Task Type": "Write Value", "Stream Id": 2, "Task Id": 23, "Batch Id": 0, "Subtask Id": 4, "connection_id": 78}, "ph": "X"}, {"name": "SDMA", "pid": 301, "tid": 2, "ts": 1716620732255506.5, "dur": 1621.1925, "args": {"Task Type": "SDMA", "Stream Id": 2, "Task Id": 23, "Batch Id": 0, "Subtask Id": 5, "connection_id": 78}, "ph": "X"}, {"name": "Write Value", "pid": 301, "tid": 2, "ts": 1716620732257131.2, "dur": 0.7, "args": {"Task Type": "Write Value", "Stream Id": 2, "Task Id": 24, "Batch Id": 0, "Subtask Id": 0, "connection_id": 81}, "ph": "X"}, {"name": "Notify Wait", "pid": 301, "tid": 2, "ts": 1716620732257133.5, "dur": 0.02, "args": {"Task Type": "Notify Wait", "Stream Id": 2, "Task Id": 24, "Batch Id": 0, "Subtask Id": 1, "connection_id": 81}, "ph": "X"}, {"name": "Notify Wait", "pid": 301, "tid": 2, "ts": 1716620732257135.8, "dur": 0.02, "args": {"Task Type": "Notify Wait", "Stream Id": 2, "Task Id": 24, "Batch Id": 0, "Subtask Id": 2, "connection_id": 81}, "ph": "X"}, {"name": "SDMA", "pid": 301, "tid": 2, "ts": 1716620732257138.0, "dur": 51265.48425, "args": {"Task Type": "SDMA", "Stream Id": 2, "Task Id": 24, "Batch Id": 0, "Subtask Id": 3, "connection_id": 81}, "ph": "X"}, {"name": "Write Value", "pid": 301, "tid": 2, "ts": 1716620732308405.0, "dur": 0.7, "args": {"Task Type": "Write Value", "Stream Id": 2, "Task Id": 24, "Batch Id": 0, "Subtask Id": 4, "connection_id": 81}, "ph": "X"}, {"name": "SDMA", "pid": 301, "tid": 2, "ts": 1716620732308406.8, "dur": 1622.0125, "args": {"Task Type": "SDMA", "Stream Id": 2, "Task Id": 24, "Batch Id": 0, "Subtask Id": 5, "connection_id": 81}, "ph": "X"}, {"name": "Write Value", "pid": 301, "tid": 2, "ts": 1716620732310032.2, "dur": 0.72, "args": {"Task Type": "Write Value", "Stream Id": 2, "Task Id": 25, "Batch Id": 0, "Subtask Id": 0, "connection_id": 84}, "ph": "X"}, {"name": "Notify Wait", "pid": 301, "tid": 2, "ts": 1716620732310034.5, "dur": 0, "args": {"Task Type": "Notify Wait", "Stream Id": 2, "Task Id": 25, "Batch Id": 0, "Subtask Id": 1, "connection_id": 84}, "ph": "X"}, {"name": "Notify Wait", "pid": 301, "tid": 2, "ts": 1716620732310036.8, "dur": 0, "args": {"Task Type": "Notify Wait", "Stream Id": 2, "Task Id": 25, "Batch Id": 0, "Subtask Id": 2, "connection_id": 84}, "ph": "X"}, {"name": "SDMA", "pid": 301, "tid": 2, "ts": 1716620732310039.0, "dur": 51265.38425, "args": {"Task Type": "SDMA", "Stream Id": 2, "Task Id": 25, "Batch Id": 0, "Subtask Id": 3, "connection_id": 84}, "ph": "X"}, {"name": "Write Value", "pid": 301, "tid": 2, "ts": 1716620732361305.8, "dur": 0.7, "args": {"Task Type": "Write Value", "Stream Id": 2, "Task Id": 25, "Batch Id": 0, "Subtask Id": 4, "connection_id": 84}, "ph": "X"}, {"name": "SDMA", "pid": 301, "tid": 2, "ts": 1716620732361307.8, "dur": 1620.67225, "args": {"Task Type": "SDMA", "Stream Id": 2, "Task Id": 25, "Batch Id": 0, "Subtask Id": 5, "connection_id": 84}, "ph": "X"}, {"name": "EVENT_RECORD", "pid": 301, "tid": 2, "ts": 1716620732362930.2, "dur": 0.02, "args": {"Task Type": "EVENT_RECORD_SQE", "Stream Id": 2, "Task Id": 26, "Batch Id": 0, "Subtask Id": 4294967295, "connection_id": -1}, "ph": "X"}, {"name": "EVENT_RECORD", "pid": 301, "tid": 2, "ts": 1716620732362930.2, "dur": 0, "args": {"Task Type": "PLACE_HOLDER_SQE", "Stream Id": 2, "Task Id": 27, "Batch Id": 0, "Subtask Id": 4294967295, "connection_id": -1}, "ph": "X"}, {"name": "PLACE_HOLDER_SQE", "pid": 301, "tid": 0, "ts": 1716620734046836.0, "dur": 0, "args": {"Task Type": "PLACE_HOLDER_SQE", "Stream Id": 0, "Task Id": 4, "Batch Id": 0, "Subtask Id": 4294967295, "connection_id": -1}, "ph": "X"}]