[{"name": "process_name", "pid": 3152102, "tid": 0, "args": {"name": "device_0 CANN"}, "ph": "M"}, {"name": "thread_name", "pid": 3152102, "tid": 31521, "args": {"name": "device_0 Thread 31521"}, "ph": "M"}, {"name": "thread_sort_index", "pid": 3152102, "tid": 31521, "args": {"sort_index": 31521}, "ph": "M"}, {"name": "process_labels", "pid": 3152102, "tid": 0, "args": {"labels": "CPU"}, "ph": "M"}, {"name": "process_sort_index", "pid": 3152102, "tid": 0, "args": {"sort_index": 2}, "ph": "M"}, {"name": "AscendCL@aclrtCreateEvent", "pid": 3152102, "tid": 31521, "ts": 1716620730601294.2, "dur": 14.57, "args": {"Thread Id": 31521, "Mode": "ACL_RTS", "level": "acl", "id": "aclrtCreateEvent", "item_id": "0", "connection_id": 1}, "ph": "X"}, {"name": "AscendCL@aclrtCreateEvent", "pid": 3152102, "tid": 31521, "ts": 1716620730601310.2, "dur": 0.35, "args": {"Thread Id": 31521, "Mode": "ACL_RTS", "level": "acl", "id": "aclrtCreateEvent", "item_id": "0", "connection_id": 2}, "ph": "X"}, {"name": "AscendCL@aclrtCreateStream", "pid": 3152102, "tid": 31521, "ts": 1716620730601311.0, "dur": 320.53000000000003, "args": {"Thread Id": 31521, "Mode": "ACL_RTS", "level": "acl", "id": "aclrtCreateStream", "item_id": "0", "connection_id": 3}, "ph": "X"}, {"name": "AscendCL@aclrtMalloc", "pid": 3152102, "tid": 31521, "ts": 1716620730601633.5, "dur": 1254.3700000000001, "args": {"Thread Id": 31521, "Mode": "ACL_RTS", "level": "acl", "id": "aclrtMalloc", "item_id": "0", "connection_id": 5}, "ph": "X"}, {"name": "AscendCL@aclMallocMemInner", "pid": 3152102, "tid": 31521, "ts": 1716620730601633.8, "dur": 1253.3, "args": {"Thread Id": 31521, "Mode": "ACL_RTS", "level": "acl", "id": "aclMallocMemInner", "item_id": "0", "connection_id": 4}, "ph": "X"}, {"name": "AscendCL@aclrtMalloc", "pid": 3152102, "tid": 31521, "ts": 1716620730602888.2, "dur": 1635.52, "args": {"Thread Id": 31521, "Mode": "ACL_RTS", "level": "acl", "id": "aclrtMalloc", "item_id": "0", "connection_id": 7}, "ph": "X"}, {"name": "AscendCL@aclMallocMemInner", "pid": 3152102, "tid": 31521, "ts": 1716620730602888.5, "dur": 1634.82, "args": {"Thread Id": 31521, "Mode": "ACL_RTS", "level": "acl", "id": "aclMallocMemInner", "item_id": "0", "connection_id": 6}, "ph": "X"}, {"name": "AscendCL@aclrtMallocHost", "pid": 3152102, "tid": 31521, "ts": 1716620730604524.2, "dur": 33211.85, "args": {"Thread Id": 31521, "Mode": "ACL_RTS", "level": "acl", "id": "aclrtMallocHost", "item_id": "0", "connection_id": 8}, "ph": "X"}, {"name": "AscendCL@aclrtMemcpy", "pid": 3152102, "tid": 31521, "ts": 1716620730756577.0, "dur": 43866.16, "args": {"Thread Id": 31521, "Mode": "ACL_RTS", "level": "acl", "id": "aclrtMemcpy", "item_id": "0", "connection_id": 9}, "ph": "X"}, {"name": "AscendCL@hcom_send_", "pid": 3152102, "tid": 31521, "ts": 1716620730800460.2, "dur": 238299.66, "args": {"Thread Id": 31521, "Mode": "HOST_HCCL", "level": "acl", "id": "hcom_send_", "item_id": "hcom_send_", "connection_id": 10}, "ph": "X"}, {"name": "Node@launch", "pid": 3152102, "tid": 31521, "ts": 1716620730800460.2, "dur": 238299.66, "args": {"Thread Id": 31521, "Mode": "launch", "level": "node", "id": "0", "item_id": "hcom_send_", "connection_id": 11}, "ph": "X"}, {"name": "Hccl@hcom_send_", "pid": 3152102, "tid": 31521, "ts": 1716620730800460.2, "dur": 238299.66, "args": {"Thread Id": 31521, "Mode": "master", "level": "hccl", "id": "0", "item_id": "hcom_send_", "connection_id": 12}, "ph": "X"}, {"name": "HostToDevice47244640255", "ph": "s", "cat": "HostToDevice", "id": "47244640255", "pid": 3152102, "tid": 31521, "ts": 1716620730800460.2}, {"name": "AscendCL@hcom_send_", "pid": 3152102, "tid": 31521, "ts": 1716620731038770.2, "dur": 86.47, "args": {"Thread Id": 31521, "Mode": "HOST_HCCL", "level": "acl", "id": "hcom_send_", "item_id": "hcom_send_", "connection_id": 13}, "ph": "X"}, {"name": "Node@launch", "pid": 3152102, "tid": 31521, "ts": 1716620731038770.2, "dur": 86.47, "args": {"Thread Id": 31521, "Mode": "launch", "level": "node", "id": "0", "item_id": "hcom_send_", "connection_id": 14}, "ph": "X"}, {"name": "Hccl@hcom_send_", "pid": 3152102, "tid": 31521, "ts": 1716620731038770.2, "dur": 86.47, "args": {"Thread Id": 31521, "Mode": "master", "level": "hccl", "id": "0", "item_id": "hcom_send_", "connection_id": 15}, "ph": "X"}, {"name": "HostToDevice60129542143", "ph": "s", "cat": "HostToDevice", "id": "60129542143", "pid": 3152102, "tid": 31521, "ts": 1716620731038770.2}, {"name": "AscendCL@hcom_send_", "pid": 3152102, "tid": 31521, "ts": 1716620731038861.5, "dur": 65.39, "args": {"Thread Id": 31521, "Mode": "HOST_HCCL", "level": "acl", "id": "hcom_send_", "item_id": "hcom_send_", "connection_id": 16}, "ph": "X"}, {"name": "Node@launch", "pid": 3152102, "tid": 31521, "ts": 1716620731038861.5, "dur": 65.39, "args": {"Thread Id": 31521, "Mode": "launch", "level": "node", "id": "0", "item_id": "hcom_send_", "connection_id": 17}, "ph": "X"}, {"name": "Hccl@hcom_send_", "pid": 3152102, "tid": 31521, "ts": 1716620731038861.5, "dur": 65.39, "args": {"Thread Id": 31521, "Mode": "master", "level": "hccl", "id": "0", "item_id": "hcom_send_", "connection_id": 18}, "ph": "X"}, {"name": "HostToDevice73014444031", "ph": "s", "cat": "HostToDevice", "id": "73014444031", "pid": 3152102, "tid": 31521, "ts": 1716620731038861.5}, {"name": "AscendCL@hcom_send_", "pid": 3152102, "tid": 31521, "ts": 1716620731038931.2, "dur": 51.39, "args": {"Thread Id": 31521, "Mode": "HOST_HCCL", "level": "acl", "id": "hcom_send_", "item_id": "hcom_send_", "connection_id": 19}, "ph": "X"}, {"name": "Node@launch", "pid": 3152102, "tid": 31521, "ts": 1716620731038931.2, "dur": 51.39, "args": {"Thread Id": 31521, "Mode": "launch", "level": "node", "id": "0", "item_id": "hcom_send_", "connection_id": 20}, "ph": "X"}, {"name": "Hccl@hcom_send_", "pid": 3152102, "tid": 31521, "ts": 1716620731038931.2, "dur": 51.39, "args": {"Thread Id": 31521, "Mode": "master", "level": "hccl", "id": "0", "item_id": "hcom_send_", "connection_id": 21}, "ph": "X"}, {"name": "HostToDevice85899345919", "ph": "s", "cat": "HostToDevice", "id": "85899345919", "pid": 3152102, "tid": 31521, "ts": 1716620731038931.2}, {"name": "AscendCL@hcom_send_", "pid": 3152102, "tid": 31521, "ts": 1716620731038986.5, "dur": 49.379999999999995, "args": {"Thread Id": 31521, "Mode": "HOST_HCCL", "level": "acl", "id": "hcom_send_", "item_id": "hcom_send_", "connection_id": 22}, "ph": "X"}, {"name": "Node@launch", "pid": 3152102, "tid": 31521, "ts": 1716620731038986.5, "dur": 49.379999999999995, "args": {"Thread Id": 31521, "Mode": "launch", "level": "node", "id": "0", "item_id": "hcom_send_", "connection_id": 23}, "ph": "X"}, {"name": "Hccl@hcom_send_", "pid": 3152102, "tid": 31521, "ts": 1716620731038986.5, "dur": 49.379999999999995, "args": {"Thread Id": 31521, "Mode": "master", "level": "hccl", "id": "0", "item_id": "hcom_send_", "connection_id": 24}, "ph": "X"}, {"name": "HostToDevice98784247807", "ph": "s", "cat": "HostToDevice", "id": "98784247807", "pid": 3152102, "tid": 31521, "ts": 1716620731038986.5}, {"name": "AscendCL@aclrtRecordEvent", "pid": 3152102, "tid": 31521, "ts": 1716620731039042.2, "dur": 101.84, "args": {"Thread Id": 31521, "Mode": "ACL_RTS", "level": "acl", "id": "aclrtRecordEvent", "item_id": "0", "connection_id": 25}, "ph": "X"}, {"name": "AscendCL@hcom_send_", "pid": 3152102, "tid": 31521, "ts": 1716620731039145.8, "dur": 67.65, "args": {"Thread Id": 31521, "Mode": "HOST_HCCL", "level": "acl", "id": "hcom_send_", "item_id": "hcom_send_", "connection_id": 26}, "ph": "X"}, {"name": "Node@launch", "pid": 3152102, "tid": 31521, "ts": 1716620731039145.8, "dur": 67.65, "args": {"Thread Id": 31521, "Mode": "launch", "level": "node", "id": "0", "item_id": "hcom_send_", "connection_id": 27}, "ph": "X"}, {"name": "Hccl@hcom_send_", "pid": 3152102, "tid": 31521, "ts": 1716620731039145.8, "dur": 67.65, "args": {"Thread Id": 31521, "Mode": "master", "level": "hccl", "id": "0", "item_id": "hcom_send_", "connection_id": 28}, "ph": "X"}, {"name": "HostToDevice115964116991", "ph": "s", "cat": "HostToDevice", "id": "115964116991", "pid": 3152102, "tid": 31521, "ts": 1716620731039145.8}, {"name": "AscendCL@hcom_send_", "pid": 3152102, "tid": 31521, "ts": 1716620731039217.5, "dur": 51.12, "args": {"Thread Id": 31521, "Mode": "HOST_HCCL", "level": "acl", "id": "hcom_send_", "item_id": "hcom_send_", "connection_id": 29}, "ph": "X"}, {"name": "Node@launch", "pid": 3152102, "tid": 31521, "ts": 1716620731039217.5, "dur": 51.12, "args": {"Thread Id": 31521, "Mode": "launch", "level": "node", "id": "0", "item_id": "hcom_send_", "connection_id": 30}, "ph": "X"}, {"name": "Hccl@hcom_send_", "pid": 3152102, "tid": 31521, "ts": 1716620731039217.5, "dur": 51.12, "args": {"Thread Id": 31521, "Mode": "master", "level": "hccl", "id": "0", "item_id": "hcom_send_", "connection_id": 31}, "ph": "X"}, {"name": "HostToDevice128849018879", "ph": "s", "cat": "HostToDevice", "id": "128849018879", "pid": 3152102, "tid": 31521, "ts": 1716620731039217.5}, {"name": "AscendCL@hcom_send_", "pid": 3152102, "tid": 31521, "ts": 1716620731039272.5, "dur": 47.03, "args": {"Thread Id": 31521, "Mode": "HOST_HCCL", "level": "acl", "id": "hcom_send_", "item_id": "hcom_send_", "connection_id": 32}, "ph": "X"}, {"name": "Node@launch", "pid": 3152102, "tid": 31521, "ts": 1716620731039272.5, "dur": 47.03, "args": {"Thread Id": 31521, "Mode": "launch", "level": "node", "id": "0", "item_id": "hcom_send_", "connection_id": 33}, "ph": "X"}, {"name": "Hccl@hcom_send_", "pid": 3152102, "tid": 31521, "ts": 1716620731039272.5, "dur": 47.03, "args": {"Thread Id": 31521, "Mode": "master", "level": "hccl", "id": "0", "item_id": "hcom_send_", "connection_id": 34}, "ph": "X"}, {"name": "HostToDevice141733920767", "ph": "s", "cat": "HostToDevice", "id": "141733920767", "pid": 3152102, "tid": 31521, "ts": 1716620731039272.5}, {"name": "AscendCL@hcom_send_", "pid": 3152102, "tid": 31521, "ts": 1716620731039323.0, "dur": 48.89, "args": {"Thread Id": 31521, "Mode": "HOST_HCCL", "level": "acl", "id": "hcom_send_", "item_id": "hcom_send_", "connection_id": 35}, "ph": "X"}, {"name": "Node@launch", "pid": 3152102, "tid": 31521, "ts": 1716620731039323.0, "dur": 48.89, "args": {"Thread Id": 31521, "Mode": "launch", "level": "node", "id": "0", "item_id": "hcom_send_", "connection_id": 36}, "ph": "X"}, {"name": "Hccl@hcom_send_", "pid": 3152102, "tid": 31521, "ts": 1716620731039323.0, "dur": 48.89, "args": {"Thread Id": 31521, "Mode": "master", "level": "hccl", "id": "0", "item_id": "hcom_send_", "connection_id": 37}, "ph": "X"}, {"name": "HostToDevice154618822655", "ph": "s", "cat": "HostToDevice", "id": "154618822655", "pid": 3152102, "tid": 31521, "ts": 1716620731039323.0}, {"name": "AscendCL@hcom_send_", "pid": 3152102, "tid": 31521, "ts": 1716620731039375.8, "dur": 47.0, "args": {"Thread Id": 31521, "Mode": "HOST_HCCL", "level": "acl", "id": "hcom_send_", "item_id": "hcom_send_", "connection_id": 38}, "ph": "X"}, {"name": "Node@launch", "pid": 3152102, "tid": 31521, "ts": 1716620731039375.8, "dur": 47.0, "args": {"Thread Id": 31521, "Mode": "launch", "level": "node", "id": "0", "item_id": "hcom_send_", "connection_id": 39}, "ph": "X"}, {"name": "Hccl@hcom_send_", "pid": 3152102, "tid": 31521, "ts": 1716620731039375.8, "dur": 47.0, "args": {"Thread Id": 31521, "Mode": "master", "level": "hccl", "id": "0", "item_id": "hcom_send_", "connection_id": 40}, "ph": "X"}, {"name": "HostToDevice167503724543", "ph": "s", "cat": "HostToDevice", "id": "167503724543", "pid": 3152102, "tid": 31521, "ts": 1716620731039375.8}, {"name": "AscendCL@hcom_send_", "pid": 3152102, "tid": 31521, "ts": 1716620731039426.5, "dur": 45.57, "args": {"Thread Id": 31521, "Mode": "HOST_HCCL", "level": "acl", "id": "hcom_send_", "item_id": "hcom_send_", "connection_id": 41}, "ph": "X"}, {"name": "Node@launch", "pid": 3152102, "tid": 31521, "ts": 1716620731039426.5, "dur": 45.57, "args": {"Thread Id": 31521, "Mode": "launch", "level": "node", "id": "0", "item_id": "hcom_send_", "connection_id": 42}, "ph": "X"}, {"name": "Hccl@hcom_send_", "pid": 3152102, "tid": 31521, "ts": 1716620731039426.5, "dur": 45.57, "args": {"Thread Id": 31521, "Mode": "master", "level": "hccl", "id": "0", "item_id": "hcom_send_", "connection_id": 43}, "ph": "X"}, {"name": "HostToDevice180388626431", "ph": "s", "cat": "HostToDevice", "id": "180388626431", "pid": 3152102, "tid": 31521, "ts": 1716620731039426.5}, {"name": "AscendCL@hcom_send_", "pid": 3152102, "tid": 31521, "ts": 1716620731039475.8, "dur": 45.59, "args": {"Thread Id": 31521, "Mode": "HOST_HCCL", "level": "acl", "id": "hcom_send_", "item_id": "hcom_send_", "connection_id": 44}, "ph": "X"}, {"name": "Node@launch", "pid": 3152102, "tid": 31521, "ts": 1716620731039475.8, "dur": 45.59, "args": {"Thread Id": 31521, "Mode": "launch", "level": "node", "id": "0", "item_id": "hcom_send_", "connection_id": 45}, "ph": "X"}, {"name": "Hccl@hcom_send_", "pid": 3152102, "tid": 31521, "ts": 1716620731039475.8, "dur": 45.59, "args": {"Thread Id": 31521, "Mode": "master", "level": "hccl", "id": "0", "item_id": "hcom_send_", "connection_id": 46}, "ph": "X"}, {"name": "HostToDevice193273528319", "ph": "s", "cat": "HostToDevice", "id": "193273528319", "pid": 3152102, "tid": 31521, "ts": 1716620731039475.8}, {"name": "AscendCL@hcom_send_", "pid": 3152102, "tid": 31521, "ts": 1716620731039525.0, "dur": 47.580000000000005, "args": {"Thread Id": 31521, "Mode": "HOST_HCCL", "level": "acl", "id": "hcom_send_", "item_id": "hcom_send_", "connection_id": 47}, "ph": "X"}, {"name": "Node@launch", "pid": 3152102, "tid": 31521, "ts": 1716620731039525.0, "dur": 47.580000000000005, "args": {"Thread Id": 31521, "Mode": "launch", "level": "node", "id": "0", "item_id": "hcom_send_", "connection_id": 48}, "ph": "X"}, {"name": "Hccl@hcom_send_", "pid": 3152102, "tid": 31521, "ts": 1716620731039525.0, "dur": 47.580000000000005, "args": {"Thread Id": 31521, "Mode": "master", "level": "hccl", "id": "0", "item_id": "hcom_send_", "connection_id": 49}, "ph": "X"}, {"name": "HostToDevice206158430207", "ph": "s", "cat": "HostToDevice", "id": "206158430207", "pid": 3152102, "tid": 31521, "ts": 1716620731039525.0}, {"name": "AscendCL@hcom_send_", "pid": 3152102, "tid": 31521, "ts": 1716620731039576.2, "dur": 45.32, "args": {"Thread Id": 31521, "Mode": "HOST_HCCL", "level": "acl", "id": "hcom_send_", "item_id": "hcom_send_", "connection_id": 50}, "ph": "X"}, {"name": "Node@launch", "pid": 3152102, "tid": 31521, "ts": 1716620731039576.2, "dur": 45.32, "args": {"Thread Id": 31521, "Mode": "launch", "level": "node", "id": "0", "item_id": "hcom_send_", "connection_id": 51}, "ph": "X"}, {"name": "Hccl@hcom_send_", "pid": 3152102, "tid": 31521, "ts": 1716620731039576.2, "dur": 45.32, "args": {"Thread Id": 31521, "Mode": "master", "level": "hccl", "id": "0", "item_id": "hcom_send_", "connection_id": 52}, "ph": "X"}, {"name": "HostToDevice219043332095", "ph": "s", "cat": "HostToDevice", "id": "219043332095", "pid": 3152102, "tid": 31521, "ts": 1716620731039576.2}, {"name": "AscendCL@hcom_send_", "pid": 3152102, "tid": 31521, "ts": 1716620731039625.2, "dur": 45.63999999999999, "args": {"Thread Id": 31521, "Mode": "HOST_HCCL", "level": "acl", "id": "hcom_send_", "item_id": "hcom_send_", "connection_id": 53}, "ph": "X"}, {"name": "Node@launch", "pid": 3152102, "tid": 31521, "ts": 1716620731039625.2, "dur": 45.63999999999999, "args": {"Thread Id": 31521, "Mode": "launch", "level": "node", "id": "0", "item_id": "hcom_send_", "connection_id": 54}, "ph": "X"}, {"name": "Hccl@hcom_send_", "pid": 3152102, "tid": 31521, "ts": 1716620731039625.2, "dur": 45.63999999999999, "args": {"Thread Id": 31521, "Mode": "master", "level": "hccl", "id": "0", "item_id": "hcom_send_", "connection_id": 55}, "ph": "X"}, {"name": "HostToDevice231928233983", "ph": "s", "cat": "HostToDevice", "id": "231928233983", "pid": 3152102, "tid": 31521, "ts": 1716620731039625.2}, {"name": "AscendCL@hcom_send_", "pid": 3152102, "tid": 31521, "ts": 1716620731039674.2, "dur": 46.13, "args": {"Thread Id": 31521, "Mode": "HOST_HCCL", "level": "acl", "id": "hcom_send_", "item_id": "hcom_send_", "connection_id": 56}, "ph": "X"}, {"name": "Node@launch", "pid": 3152102, "tid": 31521, "ts": 1716620731039674.2, "dur": 46.13, "args": {"Thread Id": 31521, "Mode": "launch", "level": "node", "id": "0", "item_id": "hcom_send_", "connection_id": 57}, "ph": "X"}, {"name": "Hccl@hcom_send_", "pid": 3152102, "tid": 31521, "ts": 1716620731039674.2, "dur": 46.13, "args": {"Thread Id": 31521, "Mode": "master", "level": "hccl", "id": "0", "item_id": "hcom_send_", "connection_id": 58}, "ph": "X"}, {"name": "HostToDevice244813135871", "ph": "s", "cat": "HostToDevice", "id": "244813135871", "pid": 3152102, "tid": 31521, "ts": 1716620731039674.2}, {"name": "AscendCL@hcom_send_", "pid": 3152102, "tid": 31521, "ts": 1716620731039724.0, "dur": 47.63, "args": {"Thread Id": 31521, "Mode": "HOST_HCCL", "level": "acl", "id": "hcom_send_", "item_id": "hcom_send_", "connection_id": 59}, "ph": "X"}, {"name": "Node@launch", "pid": 3152102, "tid": 31521, "ts": 1716620731039724.0, "dur": 47.63, "args": {"Thread Id": 31521, "Mode": "launch", "level": "node", "id": "0", "item_id": "hcom_send_", "connection_id": 60}, "ph": "X"}, {"name": "Hccl@hcom_send_", "pid": 3152102, "tid": 31521, "ts": 1716620731039724.0, "dur": 47.63, "args": {"Thread Id": 31521, "Mode": "master", "level": "hccl", "id": "0", "item_id": "hcom_send_", "connection_id": 61}, "ph": "X"}, {"name": "HostToDevice257698037759", "ph": "s", "cat": "HostToDevice", "id": "257698037759", "pid": 3152102, "tid": 31521, "ts": 1716620731039724.0}, {"name": "AscendCL@hcom_send_", "pid": 3152102, "tid": 31521, "ts": 1716620731039775.2, "dur": 46.440000000000005, "args": {"Thread Id": 31521, "Mode": "HOST_HCCL", "level": "acl", "id": "hcom_send_", "item_id": "hcom_send_", "connection_id": 62}, "ph": "X"}, {"name": "Node@launch", "pid": 3152102, "tid": 31521, "ts": 1716620731039775.2, "dur": 46.440000000000005, "args": {"Thread Id": 31521, "Mode": "launch", "level": "node", "id": "0", "item_id": "hcom_send_", "connection_id": 63}, "ph": "X"}, {"name": "Hccl@hcom_send_", "pid": 3152102, "tid": 31521, "ts": 1716620731039775.2, "dur": 46.440000000000005, "args": {"Thread Id": 31521, "Mode": "master", "level": "hccl", "id": "0", "item_id": "hcom_send_", "connection_id": 64}, "ph": "X"}, {"name": "HostToDevice270582939647", "ph": "s", "cat": "HostToDevice", "id": "270582939647", "pid": 3152102, "tid": 31521, "ts": 1716620731039775.2}, {"name": "AscendCL@hcom_send_", "pid": 3152102, "tid": 31521, "ts": 1716620731039825.2, "dur": 48.14, "args": {"Thread Id": 31521, "Mode": "HOST_HCCL", "level": "acl", "id": "hcom_send_", "item_id": "hcom_send_", "connection_id": 65}, "ph": "X"}, {"name": "Node@launch", "pid": 3152102, "tid": 31521, "ts": 1716620731039825.2, "dur": 48.14, "args": {"Thread Id": 31521, "Mode": "launch", "level": "node", "id": "0", "item_id": "hcom_send_", "connection_id": 66}, "ph": "X"}, {"name": "Hccl@hcom_send_", "pid": 3152102, "tid": 31521, "ts": 1716620731039825.2, "dur": 48.14, "args": {"Thread Id": 31521, "Mode": "master", "level": "hccl", "id": "0", "item_id": "hcom_send_", "connection_id": 67}, "ph": "X"}, {"name": "HostToDevice283467841535", "ph": "s", "cat": "HostToDevice", "id": "283467841535", "pid": 3152102, "tid": 31521, "ts": 1716620731039825.2}, {"name": "AscendCL@hcom_send_", "pid": 3152102, "tid": 31521, "ts": 1716620731039876.8, "dur": 54.19, "args": {"Thread Id": 31521, "Mode": "HOST_HCCL", "level": "acl", "id": "hcom_send_", "item_id": "hcom_send_", "connection_id": 68}, "ph": "X"}, {"name": "Node@launch", "pid": 3152102, "tid": 31521, "ts": 1716620731039876.8, "dur": 54.19, "args": {"Thread Id": 31521, "Mode": "launch", "level": "node", "id": "0", "item_id": "hcom_send_", "connection_id": 69}, "ph": "X"}, {"name": "Hccl@hcom_send_", "pid": 3152102, "tid": 31521, "ts": 1716620731039876.8, "dur": 54.19, "args": {"Thread Id": 31521, "Mode": "master", "level": "hccl", "id": "0", "item_id": "hcom_send_", "connection_id": 70}, "ph": "X"}, {"name": "HostToDevice296352743423", "ph": "s", "cat": "HostToDevice", "id": "296352743423", "pid": 3152102, "tid": 31521, "ts": 1716620731039876.8}, {"name": "AscendCL@hcom_send_", "pid": 3152102, "tid": 31521, "ts": 1716620731039934.5, "dur": 45.67, "args": {"Thread Id": 31521, "Mode": "HOST_HCCL", "level": "acl", "id": "hcom_send_", "item_id": "hcom_send_", "connection_id": 71}, "ph": "X"}, {"name": "Node@launch", "pid": 3152102, "tid": 31521, "ts": 1716620731039934.5, "dur": 45.67, "args": {"Thread Id": 31521, "Mode": "launch", "level": "node", "id": "0", "item_id": "hcom_send_", "connection_id": 72}, "ph": "X"}, {"name": "Hccl@hcom_send_", "pid": 3152102, "tid": 31521, "ts": 1716620731039934.5, "dur": 45.67, "args": {"Thread Id": 31521, "Mode": "master", "level": "hccl", "id": "0", "item_id": "hcom_send_", "connection_id": 73}, "ph": "X"}, {"name": "HostToDevice309237645311", "ph": "s", "cat": "HostToDevice", "id": "309237645311", "pid": 3152102, "tid": 31521, "ts": 1716620731039934.5}, {"name": "AscendCL@hcom_send_", "pid": 3152102, "tid": 31521, "ts": 1716620731039983.5, "dur": 45.47, "args": {"Thread Id": 31521, "Mode": "HOST_HCCL", "level": "acl", "id": "hcom_send_", "item_id": "hcom_send_", "connection_id": 74}, "ph": "X"}, {"name": "Node@launch", "pid": 3152102, "tid": 31521, "ts": 1716620731039983.5, "dur": 45.47, "args": {"Thread Id": 31521, "Mode": "launch", "level": "node", "id": "0", "item_id": "hcom_send_", "connection_id": 75}, "ph": "X"}, {"name": "Hccl@hcom_send_", "pid": 3152102, "tid": 31521, "ts": 1716620731039983.5, "dur": 45.47, "args": {"Thread Id": 31521, "Mode": "master", "level": "hccl", "id": "0", "item_id": "hcom_send_", "connection_id": 76}, "ph": "X"}, {"name": "HostToDevice322122547199", "ph": "s", "cat": "HostToDevice", "id": "322122547199", "pid": 3152102, "tid": 31521, "ts": 1716620731039983.5}, {"name": "AscendCL@hcom_send_", "pid": 3152102, "tid": 31521, "ts": 1716620731040032.5, "dur": 46.3, "args": {"Thread Id": 31521, "Mode": "HOST_HCCL", "level": "acl", "id": "hcom_send_", "item_id": "hcom_send_", "connection_id": 77}, "ph": "X"}, {"name": "Node@launch", "pid": 3152102, "tid": 31521, "ts": 1716620731040032.5, "dur": 46.3, "args": {"Thread Id": 31521, "Mode": "launch", "level": "node", "id": "0", "item_id": "hcom_send_", "connection_id": 78}, "ph": "X"}, {"name": "Hccl@hcom_send_", "pid": 3152102, "tid": 31521, "ts": 1716620731040032.5, "dur": 46.3, "args": {"Thread Id": 31521, "Mode": "master", "level": "hccl", "id": "0", "item_id": "hcom_send_", "connection_id": 79}, "ph": "X"}, {"name": "HostToDevice335007449087", "ph": "s", "cat": "HostToDevice", "id": "335007449087", "pid": 3152102, "tid": 31521, "ts": 1716620731040032.5}, {"name": "AscendCL@hcom_send_", "pid": 3152102, "tid": 31521, "ts": 1716620731040082.0, "dur": 44.68, "args": {"Thread Id": 31521, "Mode": "HOST_HCCL", "level": "acl", "id": "hcom_send_", "item_id": "hcom_send_", "connection_id": 80}, "ph": "X"}, {"name": "Node@launch", "pid": 3152102, "tid": 31521, "ts": 1716620731040082.0, "dur": 44.68, "args": {"Thread Id": 31521, "Mode": "launch", "level": "node", "id": "0", "item_id": "hcom_send_", "connection_id": 81}, "ph": "X"}, {"name": "Hccl@hcom_send_", "pid": 3152102, "tid": 31521, "ts": 1716620731040082.0, "dur": 44.68, "args": {"Thread Id": 31521, "Mode": "master", "level": "hccl", "id": "0", "item_id": "hcom_send_", "connection_id": 82}, "ph": "X"}, {"name": "HostToDevice347892350975", "ph": "s", "cat": "HostToDevice", "id": "347892350975", "pid": 3152102, "tid": 31521, "ts": 1716620731040082.0}, {"name": "AscendCL@hcom_send_", "pid": 3152102, "tid": 31521, "ts": 1716620731040130.2, "dur": 44.81, "args": {"Thread Id": 31521, "Mode": "HOST_HCCL", "level": "acl", "id": "hcom_send_", "item_id": "hcom_send_", "connection_id": 83}, "ph": "X"}, {"name": "Node@launch", "pid": 3152102, "tid": 31521, "ts": 1716620731040130.2, "dur": 44.81, "args": {"Thread Id": 31521, "Mode": "launch", "level": "node", "id": "0", "item_id": "hcom_send_", "connection_id": 84}, "ph": "X"}, {"name": "Hccl@hcom_send_", "pid": 3152102, "tid": 31521, "ts": 1716620731040130.2, "dur": 44.81, "args": {"Thread Id": 31521, "Mode": "master", "level": "hccl", "id": "0", "item_id": "hcom_send_", "connection_id": 85}, "ph": "X"}, {"name": "HostToDevice360777252863", "ph": "s", "cat": "HostToDevice", "id": "360777252863", "pid": 3152102, "tid": 31521, "ts": 1716620731040130.2}, {"name": "AscendCL@aclrtRecordEvent", "pid": 3152102, "tid": 31521, "ts": 1716620731040179.5, "dur": 13.879999999999999, "args": {"Thread Id": 31521, "Mode": "ACL_RTS", "level": "acl", "id": "aclrtRecordEvent", "item_id": "0", "connection_id": 86}, "ph": "X"}, {"name": "AscendCL@aclrtSynchronizeStream", "pid": 3152102, "tid": 31521, "ts": 1716620731040194.0, "dur": 1321101.12, "args": {"Thread Id": 31521, "Mode": "ACL_RTS", "level": "acl", "id": "aclrtSynchronizeStream", "item_id": "0", "connection_id": 87}, "ph": "X"}, {"name": "AscendCL@aclrtMallocHost", "pid": 3152102, "tid": 31521, "ts": 1716620732361300.8, "dur": 67286.55, "args": {"Thread Id": 31521, "Mode": "ACL_RTS", "level": "acl", "id": "aclrtMallocHost", "item_id": "0", "connection_id": 88}, "ph": "X"}, {"name": "AscendCL@aclrtMemcpy", "pid": 3152102, "tid": 31521, "ts": 1716620732428593.0, "dur": 74988.94, "args": {"Thread Id": 31521, "Mode": "ACL_RTS", "level": "acl", "id": "aclrtMemcpy", "item_id": "0", "connection_id": 89}, "ph": "X"}, {"name": "AscendCL@aclrtFree", "pid": 3152102, "tid": 31521, "ts": 1716620732503634.8, "dur": 58325.2, "args": {"Thread Id": 31521, "Mode": "ACL_RTS", "level": "acl", "id": "aclrtFree", "item_id": "0", "connection_id": 90}, "ph": "X"}, {"name": "AscendCL@aclrtFree", "pid": 3152102, "tid": 31521, "ts": 1716620732561961.2, "dur": 117659.11, "args": {"Thread Id": 31521, "Mode": "ACL_RTS", "level": "acl", "id": "aclrtFree", "item_id": "0", "connection_id": 91}, "ph": "X"}, {"name": "AscendCL@aclrtDestroyStream", "pid": 3152102, "tid": 31521, "ts": 1716620732679622.8, "dur": 409.46, "args": {"Thread Id": 31521, "Mode": "ACL_RTS", "level": "acl", "id": "aclrtDestroyStream", "item_id": "0", "connection_id": 92}, "ph": "X"}, {"name": "AscendCL@aclrtDestroyEvent", "pid": 3152102, "tid": 31521, "ts": 1716620732680033.5, "dur": 11.16, "args": {"Thread Id": 31521, "Mode": "ACL_RTS", "level": "acl", "id": "aclrtDestroyEvent", "item_id": "0", "connection_id": 93}, "ph": "X"}, {"name": "AscendCL@aclrtDestroyEvent", "pid": 3152102, "tid": 31521, "ts": 1716620732680044.8, "dur": 2.58, "args": {"Thread Id": 31521, "Mode": "ACL_RTS", "level": "acl", "id": "aclrtDestroyEvent", "item_id": "0", "connection_id": 94}, "ph": "X"}, {"name": "AscendCL@aclrtResetDevice", "pid": 3152102, "tid": 31521, "ts": 1716620733044314.8, "dur": 56.27, "args": {"Thread Id": 31521, "Mode": "ACL_RTS", "level": "acl", "id": "aclrtResetDevice", "item_id": "0", "connection_id": 95}, "ph": "X"}, {"name": "process_name", "pid": 3152202, "tid": 0, "args": {"name": "device_1 CANN"}, "ph": "M"}, {"name": "thread_name", "pid": 3152202, "tid": 31522, "args": {"name": "device_1 Thread 31522"}, "ph": "M"}, {"name": "thread_sort_index", "pid": 3152202, "tid": 31522, "args": {"sort_index": 31522}, "ph": "M"}, {"name": "process_labels", "pid": 3152202, "tid": 0, "args": {"labels": "CPU"}, "ph": "M"}, {"name": "process_sort_index", "pid": 3152202, "tid": 0, "args": {"sort_index": 2}, "ph": "M"}, {"name": "AscendCL@aclrtCreateEvent", "pid": 3152202, "tid": 31522, "ts": 1716620730600322.5, "dur": 6.5, "args": {"Thread Id": 31522, "Mode": "ACL_RTS", "level": "acl", "id": "aclrtCreateEvent", "item_id": "0", "connection_id": 1}, "ph": "X"}, {"name": "AscendCL@aclrtCreateEvent", "pid": 3152202, "tid": 31522, "ts": 1716620730600331.8, "dur": 0.38, "args": {"Thread Id": 31522, "Mode": "ACL_RTS", "level": "acl", "id": "aclrtCreateEvent", "item_id": "0", "connection_id": 2}, "ph": "X"}, {"name": "AscendCL@aclrtCreateStream", "pid": 3152202, "tid": 31522, "ts": 1716620730600333.0, "dur": 464.18, "args": {"Thread Id": 31522, "Mode": "ACL_RTS", "level": "acl", "id": "aclrtCreateStream", "item_id": "0", "connection_id": 3}, "ph": "X"}, {"name": "AscendCL@aclrtMalloc", "pid": 3152202, "tid": 31522, "ts": 1716620730600800.0, "dur": 814.99, "args": {"Thread Id": 31522, "Mode": "ACL_RTS", "level": "acl", "id": "aclrtMalloc", "item_id": "0", "connection_id": 5}, "ph": "X"}, {"name": "AscendCL@aclMallocMemInner", "pid": 3152202, "tid": 31522, "ts": 1716620730600800.8, "dur": 813.64, "args": {"Thread Id": 31522, "Mode": "ACL_RTS", "level": "acl", "id": "aclMallocMemInner", "item_id": "0", "connection_id": 4}, "ph": "X"}, {"name": "AscendCL@aclrtMalloc", "pid": 3152202, "tid": 31522, "ts": 1716620730601615.5, "dur": 1946.02, "args": {"Thread Id": 31522, "Mode": "ACL_RTS", "level": "acl", "id": "aclrtMalloc", "item_id": "0", "connection_id": 7}, "ph": "X"}, {"name": "AscendCL@aclMallocMemInner", "pid": 3152202, "tid": 31522, "ts": 1716620730601615.8, "dur": 1945.16, "args": {"Thread Id": 31522, "Mode": "ACL_RTS", "level": "acl", "id": "aclMallocMemInner", "item_id": "0", "connection_id": 6}, "ph": "X"}, {"name": "AscendCL@aclrtMallocHost", "pid": 3152202, "tid": 31522, "ts": 1716620730603562.5, "dur": 33291.86, "args": {"Thread Id": 31522, "Mode": "ACL_RTS", "level": "acl", "id": "aclrtMallocHost", "item_id": "0", "connection_id": 8}, "ph": "X"}, {"name": "AscendCL@aclrtMemcpy", "pid": 3152202, "tid": 31522, "ts": 1716620730755737.8, "dur": 44142.24, "args": {"Thread Id": 31522, "Mode": "ACL_RTS", "level": "acl", "id": "aclrtMemcpy", "item_id": "0", "connection_id": 9}, "ph": "X"}, {"name": "AscendCL@hcom_receive_", "pid": 3152202, "tid": 31522, "ts": 1716620730799905.2, "dur": 236187.13, "args": {"Thread Id": 31522, "Mode": "HOST_HCCL", "level": "acl", "id": "hcom_receive_", "item_id": "hcom_receive_", "connection_id": 10}, "ph": "X"}, {"name": "Node@launch", "pid": 3152202, "tid": 31522, "ts": 1716620730799905.2, "dur": 236187.13, "args": {"Thread Id": 31522, "Mode": "launch", "level": "node", "id": "0", "item_id": "hcom_receive_", "connection_id": 11}, "ph": "X"}, {"name": "Hccl@hcom_receive_", "pid": 3152202, "tid": 31522, "ts": 1716620730799905.2, "dur": 236187.13, "args": {"Thread Id": 31522, "Mode": "master", "level": "hccl", "id": "0", "item_id": "hcom_receive_", "connection_id": 12}, "ph": "X"}, {"name": "HostToDevice47244640255", "ph": "s", "cat": "HostToDevice", "id": "47244640255", "pid": 3152202, "tid": 31522, "ts": 1716620730799905.2}, {"name": "AscendCL@hcom_receive_", "pid": 3152202, "tid": 31522, "ts": 1716620731036105.0, "dur": 106.76, "args": {"Thread Id": 31522, "Mode": "HOST_HCCL", "level": "acl", "id": "hcom_receive_", "item_id": "hcom_receive_", "connection_id": 13}, "ph": "X"}, {"name": "Node@launch", "pid": 3152202, "tid": 31522, "ts": 1716620731036105.0, "dur": 106.76, "args": {"Thread Id": 31522, "Mode": "launch", "level": "node", "id": "0", "item_id": "hcom_receive_", "connection_id": 14}, "ph": "X"}, {"name": "Hccl@hcom_receive_", "pid": 3152202, "tid": 31522, "ts": 1716620731036105.0, "dur": 106.76, "args": {"Thread Id": 31522, "Mode": "master", "level": "hccl", "id": "0", "item_id": "hcom_receive_", "connection_id": 15}, "ph": "X"}, {"name": "HostToDevice60129542143", "ph": "s", "cat": "HostToDevice", "id": "60129542143", "pid": 3152202, "tid": 31522, "ts": 1716620731036105.0}, {"name": "AscendCL@hcom_receive_", "pid": 3152202, "tid": 31522, "ts": 1716620731036217.0, "dur": 76.41, "args": {"Thread Id": 31522, "Mode": "HOST_HCCL", "level": "acl", "id": "hcom_receive_", "item_id": "hcom_receive_", "connection_id": 16}, "ph": "X"}, {"name": "Node@launch", "pid": 3152202, "tid": 31522, "ts": 1716620731036217.0, "dur": 76.41, "args": {"Thread Id": 31522, "Mode": "launch", "level": "node", "id": "0", "item_id": "hcom_receive_", "connection_id": 17}, "ph": "X"}, {"name": "Hccl@hcom_receive_", "pid": 3152202, "tid": 31522, "ts": 1716620731036217.0, "dur": 76.41, "args": {"Thread Id": 31522, "Mode": "master", "level": "hccl", "id": "0", "item_id": "hcom_receive_", "connection_id": 18}, "ph": "X"}, {"name": "HostToDevice73014444031", "ph": "s", "cat": "HostToDevice", "id": "73014444031", "pid": 3152202, "tid": 31522, "ts": 1716620731036217.0}, {"name": "AscendCL@hcom_receive_", "pid": 3152202, "tid": 31522, "ts": 1716620731036298.5, "dur": 57.07, "args": {"Thread Id": 31522, "Mode": "HOST_HCCL", "level": "acl", "id": "hcom_receive_", "item_id": "hcom_receive_", "connection_id": 19}, "ph": "X"}, {"name": "Node@launch", "pid": 3152202, "tid": 31522, "ts": 1716620731036298.5, "dur": 57.07, "args": {"Thread Id": 31522, "Mode": "launch", "level": "node", "id": "0", "item_id": "hcom_receive_", "connection_id": 20}, "ph": "X"}, {"name": "Hccl@hcom_receive_", "pid": 3152202, "tid": 31522, "ts": 1716620731036298.5, "dur": 57.07, "args": {"Thread Id": 31522, "Mode": "master", "level": "hccl", "id": "0", "item_id": "hcom_receive_", "connection_id": 21}, "ph": "X"}, {"name": "HostToDevice85899345919", "ph": "s", "cat": "HostToDevice", "id": "85899345919", "pid": 3152202, "tid": 31522, "ts": 1716620731036298.5}, {"name": "AscendCL@hcom_receive_", "pid": 3152202, "tid": 31522, "ts": 1716620731036359.5, "dur": 52.35, "args": {"Thread Id": 31522, "Mode": "HOST_HCCL", "level": "acl", "id": "hcom_receive_", "item_id": "hcom_receive_", "connection_id": 22}, "ph": "X"}, {"name": "Node@launch", "pid": 3152202, "tid": 31522, "ts": 1716620731036359.5, "dur": 52.35, "args": {"Thread Id": 31522, "Mode": "launch", "level": "node", "id": "0", "item_id": "hcom_receive_", "connection_id": 23}, "ph": "X"}, {"name": "Hccl@hcom_receive_", "pid": 3152202, "tid": 31522, "ts": 1716620731036359.5, "dur": 52.35, "args": {"Thread Id": 31522, "Mode": "master", "level": "hccl", "id": "0", "item_id": "hcom_receive_", "connection_id": 24}, "ph": "X"}, {"name": "HostToDevice98784247807", "ph": "s", "cat": "HostToDevice", "id": "98784247807", "pid": 3152202, "tid": 31522, "ts": 1716620731036359.5}, {"name": "AscendCL@aclrtRecordEvent", "pid": 3152202, "tid": 31522, "ts": 1716620731036418.5, "dur": 74.13, "args": {"Thread Id": 31522, "Mode": "ACL_RTS", "level": "acl", "id": "aclrtRecordEvent", "item_id": "0", "connection_id": 25}, "ph": "X"}, {"name": "AscendCL@hcom_receive_", "pid": 3152202, "tid": 31522, "ts": 1716620731036493.8, "dur": 68.00999999999999, "args": {"Thread Id": 31522, "Mode": "HOST_HCCL", "level": "acl", "id": "hcom_receive_", "item_id": "hcom_receive_", "connection_id": 26}, "ph": "X"}, {"name": "Node@launch", "pid": 3152202, "tid": 31522, "ts": 1716620731036493.8, "dur": 68.00999999999999, "args": {"Thread Id": 31522, "Mode": "launch", "level": "node", "id": "0", "item_id": "hcom_receive_", "connection_id": 27}, "ph": "X"}, {"name": "Hccl@hcom_receive_", "pid": 3152202, "tid": 31522, "ts": 1716620731036493.8, "dur": 68.00999999999999, "args": {"Thread Id": 31522, "Mode": "master", "level": "hccl", "id": "0", "item_id": "hcom_receive_", "connection_id": 28}, "ph": "X"}, {"name": "HostToDevice115964116991", "ph": "s", "cat": "HostToDevice", "id": "115964116991", "pid": 3152202, "tid": 31522, "ts": 1716620731036493.8}, {"name": "AscendCL@hcom_receive_", "pid": 3152202, "tid": 31522, "ts": 1716620731036566.2, "dur": 55.15, "args": {"Thread Id": 31522, "Mode": "HOST_HCCL", "level": "acl", "id": "hcom_receive_", "item_id": "hcom_receive_", "connection_id": 29}, "ph": "X"}, {"name": "Node@launch", "pid": 3152202, "tid": 31522, "ts": 1716620731036566.2, "dur": 55.15, "args": {"Thread Id": 31522, "Mode": "launch", "level": "node", "id": "0", "item_id": "hcom_receive_", "connection_id": 30}, "ph": "X"}, {"name": "Hccl@hcom_receive_", "pid": 3152202, "tid": 31522, "ts": 1716620731036566.2, "dur": 55.15, "args": {"Thread Id": 31522, "Mode": "master", "level": "hccl", "id": "0", "item_id": "hcom_receive_", "connection_id": 31}, "ph": "X"}, {"name": "HostToDevice128849018879", "ph": "s", "cat": "HostToDevice", "id": "128849018879", "pid": 3152202, "tid": 31522, "ts": 1716620731036566.2}, {"name": "AscendCL@hcom_receive_", "pid": 3152202, "tid": 31522, "ts": 1716620731036625.5, "dur": 52.78, "args": {"Thread Id": 31522, "Mode": "HOST_HCCL", "level": "acl", "id": "hcom_receive_", "item_id": "hcom_receive_", "connection_id": 32}, "ph": "X"}, {"name": "Node@launch", "pid": 3152202, "tid": 31522, "ts": 1716620731036625.5, "dur": 52.78, "args": {"Thread Id": 31522, "Mode": "launch", "level": "node", "id": "0", "item_id": "hcom_receive_", "connection_id": 33}, "ph": "X"}, {"name": "Hccl@hcom_receive_", "pid": 3152202, "tid": 31522, "ts": 1716620731036625.5, "dur": 52.78, "args": {"Thread Id": 31522, "Mode": "master", "level": "hccl", "id": "0", "item_id": "hcom_receive_", "connection_id": 34}, "ph": "X"}, {"name": "HostToDevice141733920767", "ph": "s", "cat": "HostToDevice", "id": "141733920767", "pid": 3152202, "tid": 31522, "ts": 1716620731036625.5}, {"name": "AscendCL@hcom_receive_", "pid": 3152202, "tid": 31522, "ts": 1716620731036682.2, "dur": 50.57, "args": {"Thread Id": 31522, "Mode": "HOST_HCCL", "level": "acl", "id": "hcom_receive_", "item_id": "hcom_receive_", "connection_id": 35}, "ph": "X"}, {"name": "Node@launch", "pid": 3152202, "tid": 31522, "ts": 1716620731036682.2, "dur": 50.57, "args": {"Thread Id": 31522, "Mode": "launch", "level": "node", "id": "0", "item_id": "hcom_receive_", "connection_id": 36}, "ph": "X"}, {"name": "Hccl@hcom_receive_", "pid": 3152202, "tid": 31522, "ts": 1716620731036682.2, "dur": 50.57, "args": {"Thread Id": 31522, "Mode": "master", "level": "hccl", "id": "0", "item_id": "hcom_receive_", "connection_id": 37}, "ph": "X"}, {"name": "HostToDevice154618822655", "ph": "s", "cat": "HostToDevice", "id": "154618822655", "pid": 3152202, "tid": 31522, "ts": 1716620731036682.2}, {"name": "AscendCL@hcom_receive_", "pid": 3152202, "tid": 31522, "ts": 1716620731036736.5, "dur": 50.53, "args": {"Thread Id": 31522, "Mode": "HOST_HCCL", "level": "acl", "id": "hcom_receive_", "item_id": "hcom_receive_", "connection_id": 38}, "ph": "X"}, {"name": "Node@launch", "pid": 3152202, "tid": 31522, "ts": 1716620731036736.5, "dur": 50.53, "args": {"Thread Id": 31522, "Mode": "launch", "level": "node", "id": "0", "item_id": "hcom_receive_", "connection_id": 39}, "ph": "X"}, {"name": "Hccl@hcom_receive_", "pid": 3152202, "tid": 31522, "ts": 1716620731036736.5, "dur": 50.53, "args": {"Thread Id": 31522, "Mode": "master", "level": "hccl", "id": "0", "item_id": "hcom_receive_", "connection_id": 40}, "ph": "X"}, {"name": "HostToDevice167503724543", "ph": "s", "cat": "HostToDevice", "id": "167503724543", "pid": 3152202, "tid": 31522, "ts": 1716620731036736.5}, {"name": "AscendCL@hcom_receive_", "pid": 3152202, "tid": 31522, "ts": 1716620731036791.0, "dur": 49.870000000000005, "args": {"Thread Id": 31522, "Mode": "HOST_HCCL", "level": "acl", "id": "hcom_receive_", "item_id": "hcom_receive_", "connection_id": 41}, "ph": "X"}, {"name": "Node@launch", "pid": 3152202, "tid": 31522, "ts": 1716620731036791.0, "dur": 49.870000000000005, "args": {"Thread Id": 31522, "Mode": "launch", "level": "node", "id": "0", "item_id": "hcom_receive_", "connection_id": 42}, "ph": "X"}, {"name": "Hccl@hcom_receive_", "pid": 3152202, "tid": 31522, "ts": 1716620731036791.0, "dur": 49.870000000000005, "args": {"Thread Id": 31522, "Mode": "master", "level": "hccl", "id": "0", "item_id": "hcom_receive_", "connection_id": 43}, "ph": "X"}, {"name": "HostToDevice180388626431", "ph": "s", "cat": "HostToDevice", "id": "180388626431", "pid": 3152202, "tid": 31522, "ts": 1716620731036791.0}, {"name": "AscendCL@hcom_receive_", "pid": 3152202, "tid": 31522, "ts": 1716620731036844.5, "dur": 49.11, "args": {"Thread Id": 31522, "Mode": "HOST_HCCL", "level": "acl", "id": "hcom_receive_", "item_id": "hcom_receive_", "connection_id": 44}, "ph": "X"}, {"name": "Node@launch", "pid": 3152202, "tid": 31522, "ts": 1716620731036844.5, "dur": 49.11, "args": {"Thread Id": 31522, "Mode": "launch", "level": "node", "id": "0", "item_id": "hcom_receive_", "connection_id": 45}, "ph": "X"}, {"name": "Hccl@hcom_receive_", "pid": 3152202, "tid": 31522, "ts": 1716620731036844.5, "dur": 49.11, "args": {"Thread Id": 31522, "Mode": "master", "level": "hccl", "id": "0", "item_id": "hcom_receive_", "connection_id": 46}, "ph": "X"}, {"name": "HostToDevice193273528319", "ph": "s", "cat": "HostToDevice", "id": "193273528319", "pid": 3152202, "tid": 31522, "ts": 1716620731036844.5}, {"name": "AscendCL@hcom_receive_", "pid": 3152202, "tid": 31522, "ts": 1716620731036897.8, "dur": 49.92, "args": {"Thread Id": 31522, "Mode": "HOST_HCCL", "level": "acl", "id": "hcom_receive_", "item_id": "hcom_receive_", "connection_id": 47}, "ph": "X"}, {"name": "Node@launch", "pid": 3152202, "tid": 31522, "ts": 1716620731036897.8, "dur": 49.92, "args": {"Thread Id": 31522, "Mode": "launch", "level": "node", "id": "0", "item_id": "hcom_receive_", "connection_id": 48}, "ph": "X"}, {"name": "Hccl@hcom_receive_", "pid": 3152202, "tid": 31522, "ts": 1716620731036897.8, "dur": 49.92, "args": {"Thread Id": 31522, "Mode": "master", "level": "hccl", "id": "0", "item_id": "hcom_receive_", "connection_id": 49}, "ph": "X"}, {"name": "HostToDevice206158430207", "ph": "s", "cat": "HostToDevice", "id": "206158430207", "pid": 3152202, "tid": 31522, "ts": 1716620731036897.8}, {"name": "AscendCL@hcom_receive_", "pid": 3152202, "tid": 31522, "ts": 1716620731036951.8, "dur": 49.8, "args": {"Thread Id": 31522, "Mode": "HOST_HCCL", "level": "acl", "id": "hcom_receive_", "item_id": "hcom_receive_", "connection_id": 50}, "ph": "X"}, {"name": "Node@launch", "pid": 3152202, "tid": 31522, "ts": 1716620731036951.8, "dur": 49.8, "args": {"Thread Id": 31522, "Mode": "launch", "level": "node", "id": "0", "item_id": "hcom_receive_", "connection_id": 51}, "ph": "X"}, {"name": "Hccl@hcom_receive_", "pid": 3152202, "tid": 31522, "ts": 1716620731036951.8, "dur": 49.8, "args": {"Thread Id": 31522, "Mode": "master", "level": "hccl", "id": "0", "item_id": "hcom_receive_", "connection_id": 52}, "ph": "X"}, {"name": "HostToDevice219043332095", "ph": "s", "cat": "HostToDevice", "id": "219043332095", "pid": 3152202, "tid": 31522, "ts": 1716620731036951.8}, {"name": "AscendCL@hcom_receive_", "pid": 3152202, "tid": 31522, "ts": 1716620731037005.2, "dur": 48.4, "args": {"Thread Id": 31522, "Mode": "HOST_HCCL", "level": "acl", "id": "hcom_receive_", "item_id": "hcom_receive_", "connection_id": 53}, "ph": "X"}, {"name": "Node@launch", "pid": 3152202, "tid": 31522, "ts": 1716620731037005.2, "dur": 48.4, "args": {"Thread Id": 31522, "Mode": "launch", "level": "node", "id": "0", "item_id": "hcom_receive_", "connection_id": 54}, "ph": "X"}, {"name": "Hccl@hcom_receive_", "pid": 3152202, "tid": 31522, "ts": 1716620731037005.2, "dur": 48.4, "args": {"Thread Id": 31522, "Mode": "master", "level": "hccl", "id": "0", "item_id": "hcom_receive_", "connection_id": 55}, "ph": "X"}, {"name": "HostToDevice231928233983", "ph": "s", "cat": "HostToDevice", "id": "231928233983", "pid": 3152202, "tid": 31522, "ts": 1716620731037005.2}, {"name": "AscendCL@hcom_receive_", "pid": 3152202, "tid": 31522, "ts": 1716620731037057.5, "dur": 48.779999999999994, "args": {"Thread Id": 31522, "Mode": "HOST_HCCL", "level": "acl", "id": "hcom_receive_", "item_id": "hcom_receive_", "connection_id": 56}, "ph": "X"}, {"name": "Node@launch", "pid": 3152202, "tid": 31522, "ts": 1716620731037057.5, "dur": 48.779999999999994, "args": {"Thread Id": 31522, "Mode": "launch", "level": "node", "id": "0", "item_id": "hcom_receive_", "connection_id": 57}, "ph": "X"}, {"name": "Hccl@hcom_receive_", "pid": 3152202, "tid": 31522, "ts": 1716620731037057.5, "dur": 48.779999999999994, "args": {"Thread Id": 31522, "Mode": "master", "level": "hccl", "id": "0", "item_id": "hcom_receive_", "connection_id": 58}, "ph": "X"}, {"name": "HostToDevice244813135871", "ph": "s", "cat": "HostToDevice", "id": "244813135871", "pid": 3152202, "tid": 31522, "ts": 1716620731037057.5}, {"name": "AscendCL@hcom_receive_", "pid": 3152202, "tid": 31522, "ts": 1716620731037110.5, "dur": 48.71, "args": {"Thread Id": 31522, "Mode": "HOST_HCCL", "level": "acl", "id": "hcom_receive_", "item_id": "hcom_receive_", "connection_id": 59}, "ph": "X"}, {"name": "Node@launch", "pid": 3152202, "tid": 31522, "ts": 1716620731037110.5, "dur": 48.71, "args": {"Thread Id": 31522, "Mode": "launch", "level": "node", "id": "0", "item_id": "hcom_receive_", "connection_id": 60}, "ph": "X"}, {"name": "Hccl@hcom_receive_", "pid": 3152202, "tid": 31522, "ts": 1716620731037110.5, "dur": 48.71, "args": {"Thread Id": 31522, "Mode": "master", "level": "hccl", "id": "0", "item_id": "hcom_receive_", "connection_id": 61}, "ph": "X"}, {"name": "HostToDevice257698037759", "ph": "s", "cat": "HostToDevice", "id": "257698037759", "pid": 3152202, "tid": 31522, "ts": 1716620731037110.5}, {"name": "AscendCL@hcom_receive_", "pid": 3152202, "tid": 31522, "ts": 1716620731037163.0, "dur": 57.45, "args": {"Thread Id": 31522, "Mode": "HOST_HCCL", "level": "acl", "id": "hcom_receive_", "item_id": "hcom_receive_", "connection_id": 62}, "ph": "X"}, {"name": "Node@launch", "pid": 3152202, "tid": 31522, "ts": 1716620731037163.0, "dur": 57.45, "args": {"Thread Id": 31522, "Mode": "launch", "level": "node", "id": "0", "item_id": "hcom_receive_", "connection_id": 63}, "ph": "X"}, {"name": "Hccl@hcom_receive_", "pid": 3152202, "tid": 31522, "ts": 1716620731037163.0, "dur": 57.45, "args": {"Thread Id": 31522, "Mode": "master", "level": "hccl", "id": "0", "item_id": "hcom_receive_", "connection_id": 64}, "ph": "X"}, {"name": "HostToDevice270582939647", "ph": "s", "cat": "HostToDevice", "id": "270582939647", "pid": 3152202, "tid": 31522, "ts": 1716620731037163.0}, {"name": "AscendCL@hcom_receive_", "pid": 3152202, "tid": 31522, "ts": 1716620731037224.2, "dur": 49.74, "args": {"Thread Id": 31522, "Mode": "HOST_HCCL", "level": "acl", "id": "hcom_receive_", "item_id": "hcom_receive_", "connection_id": 65}, "ph": "X"}, {"name": "Node@launch", "pid": 3152202, "tid": 31522, "ts": 1716620731037224.2, "dur": 49.74, "args": {"Thread Id": 31522, "Mode": "launch", "level": "node", "id": "0", "item_id": "hcom_receive_", "connection_id": 66}, "ph": "X"}, {"name": "Hccl@hcom_receive_", "pid": 3152202, "tid": 31522, "ts": 1716620731037224.2, "dur": 49.74, "args": {"Thread Id": 31522, "Mode": "master", "level": "hccl", "id": "0", "item_id": "hcom_receive_", "connection_id": 67}, "ph": "X"}, {"name": "HostToDevice283467841535", "ph": "s", "cat": "HostToDevice", "id": "283467841535", "pid": 3152202, "tid": 31522, "ts": 1716620731037224.2}, {"name": "AscendCL@hcom_receive_", "pid": 3152202, "tid": 31522, "ts": 1716620731037277.8, "dur": 50.519999999999996, "args": {"Thread Id": 31522, "Mode": "HOST_HCCL", "level": "acl", "id": "hcom_receive_", "item_id": "hcom_receive_", "connection_id": 68}, "ph": "X"}, {"name": "Node@launch", "pid": 3152202, "tid": 31522, "ts": 1716620731037277.8, "dur": 50.519999999999996, "args": {"Thread Id": 31522, "Mode": "launch", "level": "node", "id": "0", "item_id": "hcom_receive_", "connection_id": 69}, "ph": "X"}, {"name": "Hccl@hcom_receive_", "pid": 3152202, "tid": 31522, "ts": 1716620731037277.8, "dur": 50.519999999999996, "args": {"Thread Id": 31522, "Mode": "master", "level": "hccl", "id": "0", "item_id": "hcom_receive_", "connection_id": 70}, "ph": "X"}, {"name": "HostToDevice296352743423", "ph": "s", "cat": "HostToDevice", "id": "296352743423", "pid": 3152202, "tid": 31522, "ts": 1716620731037277.8}, {"name": "AscendCL@hcom_receive_", "pid": 3152202, "tid": 31522, "ts": 1716620731037332.0, "dur": 53.699999999999996, "args": {"Thread Id": 31522, "Mode": "HOST_HCCL", "level": "acl", "id": "hcom_receive_", "item_id": "hcom_receive_", "connection_id": 71}, "ph": "X"}, {"name": "Node@launch", "pid": 3152202, "tid": 31522, "ts": 1716620731037332.0, "dur": 53.699999999999996, "args": {"Thread Id": 31522, "Mode": "launch", "level": "node", "id": "0", "item_id": "hcom_receive_", "connection_id": 72}, "ph": "X"}, {"name": "Hccl@hcom_receive_", "pid": 3152202, "tid": 31522, "ts": 1716620731037332.0, "dur": 53.699999999999996, "args": {"Thread Id": 31522, "Mode": "master", "level": "hccl", "id": "0", "item_id": "hcom_receive_", "connection_id": 73}, "ph": "X"}, {"name": "HostToDevice309237645311", "ph": "s", "cat": "HostToDevice", "id": "309237645311", "pid": 3152202, "tid": 31522, "ts": 1716620731037332.0}, {"name": "AscendCL@hcom_receive_", "pid": 3152202, "tid": 31522, "ts": 1716620731037389.5, "dur": 50.260000000000005, "args": {"Thread Id": 31522, "Mode": "HOST_HCCL", "level": "acl", "id": "hcom_receive_", "item_id": "hcom_receive_", "connection_id": 74}, "ph": "X"}, {"name": "Node@launch", "pid": 3152202, "tid": 31522, "ts": 1716620731037389.5, "dur": 50.260000000000005, "args": {"Thread Id": 31522, "Mode": "launch", "level": "node", "id": "0", "item_id": "hcom_receive_", "connection_id": 75}, "ph": "X"}, {"name": "Hccl@hcom_receive_", "pid": 3152202, "tid": 31522, "ts": 1716620731037389.5, "dur": 50.260000000000005, "args": {"Thread Id": 31522, "Mode": "master", "level": "hccl", "id": "0", "item_id": "hcom_receive_", "connection_id": 76}, "ph": "X"}, {"name": "HostToDevice322122547199", "ph": "s", "cat": "HostToDevice", "id": "322122547199", "pid": 3152202, "tid": 31522, "ts": 1716620731037389.5}, {"name": "AscendCL@hcom_receive_", "pid": 3152202, "tid": 31522, "ts": 1716620731037443.5, "dur": 49.49, "args": {"Thread Id": 31522, "Mode": "HOST_HCCL", "level": "acl", "id": "hcom_receive_", "item_id": "hcom_receive_", "connection_id": 77}, "ph": "X"}, {"name": "Node@launch", "pid": 3152202, "tid": 31522, "ts": 1716620731037443.5, "dur": 49.49, "args": {"Thread Id": 31522, "Mode": "launch", "level": "node", "id": "0", "item_id": "hcom_receive_", "connection_id": 78}, "ph": "X"}, {"name": "Hccl@hcom_receive_", "pid": 3152202, "tid": 31522, "ts": 1716620731037443.5, "dur": 49.49, "args": {"Thread Id": 31522, "Mode": "master", "level": "hccl", "id": "0", "item_id": "hcom_receive_", "connection_id": 79}, "ph": "X"}, {"name": "HostToDevice335007449087", "ph": "s", "cat": "HostToDevice", "id": "335007449087", "pid": 3152202, "tid": 31522, "ts": 1716620731037443.5}, {"name": "AscendCL@hcom_receive_", "pid": 3152202, "tid": 31522, "ts": 1716620731037496.8, "dur": 52.31, "args": {"Thread Id": 31522, "Mode": "HOST_HCCL", "level": "acl", "id": "hcom_receive_", "item_id": "hcom_receive_", "connection_id": 80}, "ph": "X"}, {"name": "Node@launch", "pid": 3152202, "tid": 31522, "ts": 1716620731037496.8, "dur": 52.31, "args": {"Thread Id": 31522, "Mode": "launch", "level": "node", "id": "0", "item_id": "hcom_receive_", "connection_id": 81}, "ph": "X"}, {"name": "Hccl@hcom_receive_", "pid": 3152202, "tid": 31522, "ts": 1716620731037496.8, "dur": 52.31, "args": {"Thread Id": 31522, "Mode": "master", "level": "hccl", "id": "0", "item_id": "hcom_receive_", "connection_id": 82}, "ph": "X"}, {"name": "HostToDevice347892350975", "ph": "s", "cat": "HostToDevice", "id": "347892350975", "pid": 3152202, "tid": 31522, "ts": 1716620731037496.8}, {"name": "AscendCL@hcom_receive_", "pid": 3152202, "tid": 31522, "ts": 1716620731037553.0, "dur": 49.879999999999995, "args": {"Thread Id": 31522, "Mode": "HOST_HCCL", "level": "acl", "id": "hcom_receive_", "item_id": "hcom_receive_", "connection_id": 83}, "ph": "X"}, {"name": "Node@launch", "pid": 3152202, "tid": 31522, "ts": 1716620731037553.0, "dur": 49.879999999999995, "args": {"Thread Id": 31522, "Mode": "launch", "level": "node", "id": "0", "item_id": "hcom_receive_", "connection_id": 84}, "ph": "X"}, {"name": "Hccl@hcom_receive_", "pid": 3152202, "tid": 31522, "ts": 1716620731037553.0, "dur": 49.879999999999995, "args": {"Thread Id": 31522, "Mode": "master", "level": "hccl", "id": "0", "item_id": "hcom_receive_", "connection_id": 85}, "ph": "X"}, {"name": "HostToDevice360777252863", "ph": "s", "cat": "HostToDevice", "id": "360777252863", "pid": 3152202, "tid": 31522, "ts": 1716620731037553.0}, {"name": "AscendCL@aclrtRecordEvent", "pid": 3152202, "tid": 31522, "ts": 1716620731037607.5, "dur": 15.24, "args": {"Thread Id": 31522, "Mode": "ACL_RTS", "level": "acl", "id": "aclrtRecordEvent", "item_id": "0", "connection_id": 86}, "ph": "X"}, {"name": "AscendCL@aclrtSynchronizeStream", "pid": 3152202, "tid": 31522, "ts": 1716620731037623.8, "dur": 1325289.76, "args": {"Thread Id": 31522, "Mode": "ACL_RTS", "level": "acl", "id": "aclrtSynchronizeStream", "item_id": "0", "connection_id": 87}, "ph": "X"}, {"name": "AscendCL@aclrtMallocHost", "pid": 3152202, "tid": 31522, "ts": 1716620732362918.2, "dur": 67367.25, "args": {"Thread Id": 31522, "Mode": "ACL_RTS", "level": "acl", "id": "aclrtMallocHost", "item_id": "0", "connection_id": 88}, "ph": "X"}, {"name": "AscendCL@aclrtMemcpy", "pid": 3152202, "tid": 31522, "ts": 1716620732430289.0, "dur": 74938.39, "args": {"Thread Id": 31522, "Mode": "ACL_RTS", "level": "acl", "id": "aclrtMemcpy", "item_id": "0", "connection_id": 89}, "ph": "X"}, {"name": "AscendCL@aclrtFree", "pid": 3152202, "tid": 31522, "ts": 1716620732505230.2, "dur": 59182.60999999999, "args": {"Thread Id": 31522, "Mode": "ACL_RTS", "level": "acl", "id": "aclrtFree", "item_id": "0", "connection_id": 90}, "ph": "X"}, {"name": "AscendCL@aclrtFree", "pid": 3152202, "tid": 31522, "ts": 1716620732564414.2, "dur": 116199.48, "args": {"Thread Id": 31522, "Mode": "ACL_RTS", "level": "acl", "id": "aclrtFree", "item_id": "0", "connection_id": 91}, "ph": "X"}, {"name": "AscendCL@aclrtDestroyStream", "pid": 3152202, "tid": 31522, "ts": 1716620732680615.0, "dur": 353.23, "args": {"Thread Id": 31522, "Mode": "ACL_RTS", "level": "acl", "id": "aclrtDestroyStream", "item_id": "0", "connection_id": 92}, "ph": "X"}, {"name": "AscendCL@aclrtDestroyEvent", "pid": 3152202, "tid": 31522, "ts": 1716620732680969.5, "dur": 7.49, "args": {"Thread Id": 31522, "Mode": "ACL_RTS", "level": "acl", "id": "aclrtDestroyEvent", "item_id": "0", "connection_id": 93}, "ph": "X"}, {"name": "AscendCL@aclrtDestroyEvent", "pid": 3152202, "tid": 31522, "ts": 1716620732680977.2, "dur": 2.79, "args": {"Thread Id": 31522, "Mode": "ACL_RTS", "level": "acl", "id": "aclrtDestroyEvent", "item_id": "0", "connection_id": 94}, "ph": "X"}, {"name": "AscendCL@aclrtResetDevice", "pid": 3152202, "tid": 31522, "ts": 1716620733055906.8, "dur": 68.55, "args": {"Thread Id": 31522, "Mode": "ACL_RTS", "level": "acl", "id": "aclrtResetDevice", "item_id": "0", "connection_id": 95}, "ph": "X"}]