[{"name": "process_name", "pid": 315211264, "tid": 0, "args": {"name": "device_0 Memory Usage"}, "ph": "M"}, {"name": "process_labels", "pid": 315211264, "tid": 0, "args": {"labels": "NPU"}, "ph": "M"}, {"name": "process_sort_index", "pid": 315211264, "tid": 0, "args": {"sort_index": 12}, "ph": "M"}, {"name": "Memory Usage", "ts": 1716620726429010.2, "pid": 315211264, "tid": 0, "args": {"Usage(%)": 0.018213}, "ph": "C"}, {"name": "Memory Usage", "ts": 1716620726449607.8, "pid": 315211264, "tid": 0, "args": {"Usage(%)": 0.018213}, "ph": "C"}, {"name": "Memory Usage", "ts": 1716620726470018.2, "pid": 315211264, "tid": 0, "args": {"Usage(%)": 0.018213}, "ph": "C"}, {"name": "Memory Usage", "ts": 1716620726490244.8, "pid": 315211264, "tid": 0, "args": {"Usage(%)": 0.018213}, "ph": "C"}, {"name": "Memory Usage", "ts": 1716620726510426.0, "pid": 315211264, "tid": 0, "args": {"Usage(%)": 0.018213}, "ph": "C"}, {"name": "Memory Usage", "ts": 1716620726530560.8, "pid": 315211264, "tid": 0, "args": {"Usage(%)": 0.018213}, "ph": "C"}, {"name": "Memory Usage", "ts": 1716620726550746.0, "pid": 315211264, "tid": 0, "args": {"Usage(%)": 0.018213}, "ph": "C"}, {"name": "Memory Usage", "ts": 1716620726570937.0, "pid": 315211264, "tid": 0, "args": {"Usage(%)": 0.018213}, "ph": "C"}, {"name": "Memory Usage", "ts": 1716620726591197.5, "pid": 315211264, "tid": 0, "args": {"Usage(%)": 0.018213}, "ph": "C"}, {"name": "Memory Usage", "ts": 1716620726611320.2, "pid": 315211264, "tid": 0, "args": {"Usage(%)": 0.018213}, "ph": "C"}, {"name": "Memory Usage", "ts": 1716620726631411.8, "pid": 315211264, "tid": 0, "args": {"Usage(%)": 0.018597}, "ph": "C"}, {"name": "Memory Usage", "ts": 1716620726651613.2, "pid": 315211264, "tid": 0, "args": {"Usage(%)": 0.018598}, "ph": "C"}, {"name": "Memory Usage", "ts": 1716620726671967.8, "pid": 315211264, "tid": 0, "args": {"Usage(%)": 0.020945}, "ph": "C"}, {"name": "Memory Usage", "ts": 1716620726692277.8, "pid": 315211264, "tid": 0, "args": {"Usage(%)": 0.025709}, "ph": "C"}, {"name": "Memory Usage", "ts": 1716620726712564.5, "pid": 315211264, "tid": 0, "args": {"Usage(%)": 0.030373}, "ph": "C"}, {"name": "Memory Usage", "ts": 1716620726732821.5, "pid": 315211264, "tid": 0, "args": {"Usage(%)": 0.034254}, "ph": "C"}, {"name": "Memory Usage", "ts": 1716620726753266.2, "pid": 315211264, "tid": 0, "args": {"Usage(%)": 0.036569}, "ph": "C"}, {"name": "Memory Usage", "ts": 1716620726795468.8, "pid": 315211264, "tid": 0, "args": {"Usage(%)": 0.036631}, "ph": "C"}, {"name": "Memory Usage", "ts": 1716620726816185.5, "pid": 315211264, "tid": 0, "args": {"Usage(%)": 0.036631}, "ph": "C"}, {"name": "Memory Usage", "ts": 1716620726836745.5, "pid": 315211264, "tid": 0, "args": {"Usage(%)": 0.036631}, "ph": "C"}, {"name": "Memory Usage", "ts": 1716620726857284.0, "pid": 315211264, "tid": 0, "args": {"Usage(%)": 0.036631}, "ph": "C"}, {"name": "Memory Usage", "ts": 1716620726877830.0, "pid": 315211264, "tid": 0, "args": {"Usage(%)": 0.036631}, "ph": "C"}, {"name": "Memory Usage", "ts": 1716620726898323.2, "pid": 315211264, "tid": 0, "args": {"Usage(%)": 0.036631}, "ph": "C"}, {"name": "Memory Usage", "ts": 1716620726918790.5, "pid": 315211264, "tid": 0, "args": {"Usage(%)": 0.036631}, "ph": "C"}, {"name": "Memory Usage", "ts": 1716620726939283.8, "pid": 315211264, "tid": 0, "args": {"Usage(%)": 0.036631}, "ph": "C"}, {"name": "Memory Usage", "ts": 1716620726959783.0, "pid": 315211264, "tid": 0, "args": {"Usage(%)": 0.036631}, "ph": "C"}, {"name": "Memory Usage", "ts": 1716620726980276.0, "pid": 315211264, "tid": 0, "args": {"Usage(%)": 0.036631}, "ph": "C"}, {"name": "Memory Usage", "ts": 1716620727000743.0, "pid": 315211264, "tid": 0, "args": {"Usage(%)": 0.036631}, "ph": "C"}, {"name": "Memory Usage", "ts": 1716620727021260.2, "pid": 315211264, "tid": 0, "args": {"Usage(%)": 0.036631}, "ph": "C"}, {"name": "Memory Usage", "ts": 1716620727041745.8, "pid": 315211264, "tid": 0, "args": {"Usage(%)": 0.036631}, "ph": "C"}, {"name": "Memory Usage", "ts": 1716620727062236.2, "pid": 315211264, "tid": 0, "args": {"Usage(%)": 0.036631}, "ph": "C"}, {"name": "Memory Usage", "ts": 1716620727082799.2, "pid": 315211264, "tid": 0, "args": {"Usage(%)": 0.036631}, "ph": "C"}, {"name": "Memory Usage", "ts": 1716620727103266.0, "pid": 315211264, "tid": 0, "args": {"Usage(%)": 0.036631}, "ph": "C"}, {"name": "Memory Usage", "ts": 1716620727123782.5, "pid": 315211264, "tid": 0, "args": {"Usage(%)": 0.036631}, "ph": "C"}, {"name": "Memory Usage", "ts": 1716620727144370.0, "pid": 315211264, "tid": 0, "args": {"Usage(%)": 0.036631}, "ph": "C"}, {"name": "Memory Usage", "ts": 1716620727164874.8, "pid": 315211264, "tid": 0, "args": {"Usage(%)": 0.036631}, "ph": "C"}, {"name": "Memory Usage", "ts": 1716620727185406.2, "pid": 315211264, "tid": 0, "args": {"Usage(%)": 0.036631}, "ph": "C"}, {"name": "Memory Usage", "ts": 1716620727205900.8, "pid": 315211264, "tid": 0, "args": {"Usage(%)": 0.036631}, "ph": "C"}, {"name": "Memory Usage", "ts": 1716620727226391.0, "pid": 315211264, "tid": 0, "args": {"Usage(%)": 0.036631}, "ph": "C"}, {"name": "Memory Usage", "ts": 1716620727246893.2, "pid": 315211264, "tid": 0, "args": {"Usage(%)": 0.036631}, "ph": "C"}, {"name": "Memory Usage", "ts": 1716620727267468.0, "pid": 315211264, "tid": 0, "args": {"Usage(%)": 0.036631}, "ph": "C"}, {"name": "Memory Usage", "ts": 1716620727288060.0, "pid": 315211264, "tid": 0, "args": {"Usage(%)": 0.036631}, "ph": "C"}, {"name": "Memory Usage", "ts": 1716620727308588.8, "pid": 315211264, "tid": 0, "args": {"Usage(%)": 0.036631}, "ph": "C"}, {"name": "Memory Usage", "ts": 1716620727329421.8, "pid": 315211264, "tid": 0, "args": {"Usage(%)": 0.036631}, "ph": "C"}, {"name": "Memory Usage", "ts": 1716620727350010.2, "pid": 315211264, "tid": 0, "args": {"Usage(%)": 0.036631}, "ph": "C"}, {"name": "Memory Usage", "ts": 1716620727370642.2, "pid": 315211264, "tid": 0, "args": {"Usage(%)": 0.036631}, "ph": "C"}, {"name": "Memory Usage", "ts": 1716620727391375.8, "pid": 315211264, "tid": 0, "args": {"Usage(%)": 0.036631}, "ph": "C"}, {"name": "Memory Usage", "ts": 1716620727412106.5, "pid": 315211264, "tid": 0, "args": {"Usage(%)": 0.036631}, "ph": "C"}, {"name": "Memory Usage", "ts": 1716620727432740.8, "pid": 315211264, "tid": 0, "args": {"Usage(%)": 0.036631}, "ph": "C"}, {"name": "Memory Usage", "ts": 1716620727453300.8, "pid": 315211264, "tid": 0, "args": {"Usage(%)": 0.036631}, "ph": "C"}, {"name": "Memory Usage", "ts": 1716620727473979.8, "pid": 315211264, "tid": 0, "args": {"Usage(%)": 0.036631}, "ph": "C"}, {"name": "Memory Usage", "ts": 1716620727494555.0, "pid": 315211264, "tid": 0, "args": {"Usage(%)": 0.036631}, "ph": "C"}, {"name": "Memory Usage", "ts": 1716620727515156.8, "pid": 315211264, "tid": 0, "args": {"Usage(%)": 0.036631}, "ph": "C"}, {"name": "Memory Usage", "ts": 1716620727535652.5, "pid": 315211264, "tid": 0, "args": {"Usage(%)": 0.036631}, "ph": "C"}, {"name": "Memory Usage", "ts": 1716620727556174.8, "pid": 315211264, "tid": 0, "args": {"Usage(%)": 0.036631}, "ph": "C"}, {"name": "Memory Usage", "ts": 1716620727576711.5, "pid": 315211264, "tid": 0, "args": {"Usage(%)": 0.036631}, "ph": "C"}, {"name": "Memory Usage", "ts": 1716620727597224.0, "pid": 315211264, "tid": 0, "args": {"Usage(%)": 0.036631}, "ph": "C"}, {"name": "Memory Usage", "ts": 1716620727617745.5, "pid": 315211264, "tid": 0, "args": {"Usage(%)": 0.036631}, "ph": "C"}, {"name": "Memory Usage", "ts": 1716620727638260.5, "pid": 315211264, "tid": 0, "args": {"Usage(%)": 0.036631}, "ph": "C"}, {"name": "Memory Usage", "ts": 1716620727658802.2, "pid": 315211264, "tid": 0, "args": {"Usage(%)": 0.036631}, "ph": "C"}, {"name": "Memory Usage", "ts": 1716620727679257.2, "pid": 315211264, "tid": 0, "args": {"Usage(%)": 0.036631}, "ph": "C"}, {"name": "Memory Usage", "ts": 1716620727699771.2, "pid": 315211264, "tid": 0, "args": {"Usage(%)": 0.036631}, "ph": "C"}, {"name": "Memory Usage", "ts": 1716620727720258.2, "pid": 315211264, "tid": 0, "args": {"Usage(%)": 0.036631}, "ph": "C"}, {"name": "Memory Usage", "ts": 1716620727740773.0, "pid": 315211264, "tid": 0, "args": {"Usage(%)": 0.036631}, "ph": "C"}, {"name": "Memory Usage", "ts": 1716620727761295.2, "pid": 315211264, "tid": 0, "args": {"Usage(%)": 0.036631}, "ph": "C"}, {"name": "Memory Usage", "ts": 1716620727781818.2, "pid": 315211264, "tid": 0, "args": {"Usage(%)": 0.036631}, "ph": "C"}, {"name": "Memory Usage", "ts": 1716620727802369.0, "pid": 315211264, "tid": 0, "args": {"Usage(%)": 0.036631}, "ph": "C"}, {"name": "Memory Usage", "ts": 1716620727822879.2, "pid": 315211264, "tid": 0, "args": {"Usage(%)": 0.036631}, "ph": "C"}, {"name": "Memory Usage", "ts": 1716620727843405.0, "pid": 315211264, "tid": 0, "args": {"Usage(%)": 0.036631}, "ph": "C"}, {"name": "Memory Usage", "ts": 1716620727863861.0, "pid": 315211264, "tid": 0, "args": {"Usage(%)": 0.036631}, "ph": "C"}, {"name": "Memory Usage", "ts": 1716620727884364.8, "pid": 315211264, "tid": 0, "args": {"Usage(%)": 0.036631}, "ph": "C"}, {"name": "Memory Usage", "ts": 1716620727904878.2, "pid": 315211264, "tid": 0, "args": {"Usage(%)": 0.036631}, "ph": "C"}, {"name": "Memory Usage", "ts": 1716620727925500.0, "pid": 315211264, "tid": 0, "args": {"Usage(%)": 0.036631}, "ph": "C"}, {"name": "Memory Usage", "ts": 1716620727946103.2, "pid": 315211264, "tid": 0, "args": {"Usage(%)": 0.036631}, "ph": "C"}, {"name": "Memory Usage", "ts": 1716620727966639.2, "pid": 315211264, "tid": 0, "args": {"Usage(%)": 0.036631}, "ph": "C"}, {"name": "Memory Usage", "ts": 1716620727987281.0, "pid": 315211264, "tid": 0, "args": {"Usage(%)": 0.036631}, "ph": "C"}, {"name": "Memory Usage", "ts": 1716620728007940.0, "pid": 315211264, "tid": 0, "args": {"Usage(%)": 0.036631}, "ph": "C"}, {"name": "Memory Usage", "ts": 1716620728028594.5, "pid": 315211264, "tid": 0, "args": {"Usage(%)": 0.036631}, "ph": "C"}, {"name": "Memory Usage", "ts": 1716620728049245.0, "pid": 315211264, "tid": 0, "args": {"Usage(%)": 0.036631}, "ph": "C"}, {"name": "Memory Usage", "ts": 1716620728069837.0, "pid": 315211264, "tid": 0, "args": {"Usage(%)": 0.036631}, "ph": "C"}, {"name": "Memory Usage", "ts": 1716620728090382.8, "pid": 315211264, "tid": 0, "args": {"Usage(%)": 0.036631}, "ph": "C"}, {"name": "Memory Usage", "ts": 1716620728110891.5, "pid": 315211264, "tid": 0, "args": {"Usage(%)": 0.036631}, "ph": "C"}, {"name": "Memory Usage", "ts": 1716620728131418.5, "pid": 315211264, "tid": 0, "args": {"Usage(%)": 0.036631}, "ph": "C"}, {"name": "Memory Usage", "ts": 1716620728151895.8, "pid": 315211264, "tid": 0, "args": {"Usage(%)": 0.036631}, "ph": "C"}, {"name": "Memory Usage", "ts": 1716620728172407.8, "pid": 315211264, "tid": 0, "args": {"Usage(%)": 0.036631}, "ph": "C"}, {"name": "Memory Usage", "ts": 1716620728192969.0, "pid": 315211264, "tid": 0, "args": {"Usage(%)": 0.036631}, "ph": "C"}, {"name": "Memory Usage", "ts": 1716620728213478.5, "pid": 315211264, "tid": 0, "args": {"Usage(%)": 0.036631}, "ph": "C"}, {"name": "Memory Usage", "ts": 1716620728234015.0, "pid": 315211264, "tid": 0, "args": {"Usage(%)": 0.036631}, "ph": "C"}, {"name": "Memory Usage", "ts": 1716620728254486.2, "pid": 315211264, "tid": 0, "args": {"Usage(%)": 0.036631}, "ph": "C"}, {"name": "Memory Usage", "ts": 1716620728275005.2, "pid": 315211264, "tid": 0, "args": {"Usage(%)": 0.036631}, "ph": "C"}, {"name": "Memory Usage", "ts": 1716620728295552.5, "pid": 315211264, "tid": 0, "args": {"Usage(%)": 0.036631}, "ph": "C"}, {"name": "Memory Usage", "ts": 1716620728316047.2, "pid": 315211264, "tid": 0, "args": {"Usage(%)": 0.036631}, "ph": "C"}, {"name": "Memory Usage", "ts": 1716620728336571.5, "pid": 315211264, "tid": 0, "args": {"Usage(%)": 0.036631}, "ph": "C"}, {"name": "Memory Usage", "ts": 1716620728357072.5, "pid": 315211264, "tid": 0, "args": {"Usage(%)": 0.036631}, "ph": "C"}, {"name": "Memory Usage", "ts": 1716620728377720.0, "pid": 315211264, "tid": 0, "args": {"Usage(%)": 0.036631}, "ph": "C"}, {"name": "Memory Usage", "ts": 1716620728398283.0, "pid": 315211264, "tid": 0, "args": {"Usage(%)": 0.036631}, "ph": "C"}, {"name": "Memory Usage", "ts": 1716620728418939.0, "pid": 315211264, "tid": 0, "args": {"Usage(%)": 0.036631}, "ph": "C"}, {"name": "Memory Usage", "ts": 1716620728439422.0, "pid": 315211264, "tid": 0, "args": {"Usage(%)": 0.036631}, "ph": "C"}, {"name": "Memory Usage", "ts": 1716620728459978.2, "pid": 315211264, "tid": 0, "args": {"Usage(%)": 0.036631}, "ph": "C"}, {"name": "Memory Usage", "ts": 1716620728480526.2, "pid": 315211264, "tid": 0, "args": {"Usage(%)": 0.036631}, "ph": "C"}, {"name": "Memory Usage", "ts": 1716620728501114.0, "pid": 315211264, "tid": 0, "args": {"Usage(%)": 0.036631}, "ph": "C"}, {"name": "Memory Usage", "ts": 1716620728521702.8, "pid": 315211264, "tid": 0, "args": {"Usage(%)": 0.036631}, "ph": "C"}, {"name": "Memory Usage", "ts": 1716620728542227.2, "pid": 315211264, "tid": 0, "args": {"Usage(%)": 0.036631}, "ph": "C"}, {"name": "Memory Usage", "ts": 1716620728562753.8, "pid": 315211264, "tid": 0, "args": {"Usage(%)": 0.036631}, "ph": "C"}, {"name": "Memory Usage", "ts": 1716620728583288.2, "pid": 315211264, "tid": 0, "args": {"Usage(%)": 0.036631}, "ph": "C"}, {"name": "Memory Usage", "ts": 1716620728603765.8, "pid": 315211264, "tid": 0, "args": {"Usage(%)": 0.036631}, "ph": "C"}, {"name": "Memory Usage", "ts": 1716620728624264.2, "pid": 315211264, "tid": 0, "args": {"Usage(%)": 0.036631}, "ph": "C"}, {"name": "Memory Usage", "ts": 1716620728644748.5, "pid": 315211264, "tid": 0, "args": {"Usage(%)": 0.036631}, "ph": "C"}, {"name": "Memory Usage", "ts": 1716620728665271.2, "pid": 315211264, "tid": 0, "args": {"Usage(%)": 0.036631}, "ph": "C"}, {"name": "Memory Usage", "ts": 1716620728685781.8, "pid": 315211264, "tid": 0, "args": {"Usage(%)": 0.036631}, "ph": "C"}, {"name": "Memory Usage", "ts": 1716620728706284.8, "pid": 315211264, "tid": 0, "args": {"Usage(%)": 0.036631}, "ph": "C"}, {"name": "Memory Usage", "ts": 1716620728726738.2, "pid": 315211264, "tid": 0, "args": {"Usage(%)": 0.036631}, "ph": "C"}, {"name": "Memory Usage", "ts": 1716620728747249.0, "pid": 315211264, "tid": 0, "args": {"Usage(%)": 0.036631}, "ph": "C"}, {"name": "Memory Usage", "ts": 1716620728767830.0, "pid": 315211264, "tid": 0, "args": {"Usage(%)": 0.036631}, "ph": "C"}, {"name": "Memory Usage", "ts": 1716620728788342.5, "pid": 315211264, "tid": 0, "args": {"Usage(%)": 0.036631}, "ph": "C"}, {"name": "Memory Usage", "ts": 1716620728808882.2, "pid": 315211264, "tid": 0, "args": {"Usage(%)": 0.036631}, "ph": "C"}, {"name": "Memory Usage", "ts": 1716620728829389.0, "pid": 315211264, "tid": 0, "args": {"Usage(%)": 0.036631}, "ph": "C"}, {"name": "Memory Usage", "ts": 1716620728849956.0, "pid": 315211264, "tid": 0, "args": {"Usage(%)": 0.036631}, "ph": "C"}, {"name": "Memory Usage", "ts": 1716620728870460.5, "pid": 315211264, "tid": 0, "args": {"Usage(%)": 0.036631}, "ph": "C"}, {"name": "Memory Usage", "ts": 1716620728891032.0, "pid": 315211264, "tid": 0, "args": {"Usage(%)": 0.036631}, "ph": "C"}, {"name": "Memory Usage", "ts": 1716620728911485.2, "pid": 315211264, "tid": 0, "args": {"Usage(%)": 0.036631}, "ph": "C"}, {"name": "Memory Usage", "ts": 1716620728932041.8, "pid": 315211264, "tid": 0, "args": {"Usage(%)": 0.036631}, "ph": "C"}, {"name": "Memory Usage", "ts": 1716620728952566.8, "pid": 315211264, "tid": 0, "args": {"Usage(%)": 0.036631}, "ph": "C"}, {"name": "Memory Usage", "ts": 1716620728973126.5, "pid": 315211264, "tid": 0, "args": {"Usage(%)": 0.036631}, "ph": "C"}, {"name": "Memory Usage", "ts": 1716620728993668.0, "pid": 315211264, "tid": 0, "args": {"Usage(%)": 0.036631}, "ph": "C"}, {"name": "Memory Usage", "ts": 1716620729014188.2, "pid": 315211264, "tid": 0, "args": {"Usage(%)": 0.036631}, "ph": "C"}, {"name": "Memory Usage", "ts": 1716620729034681.0, "pid": 315211264, "tid": 0, "args": {"Usage(%)": 0.036631}, "ph": "C"}, {"name": "Memory Usage", "ts": 1716620729055172.0, "pid": 315211264, "tid": 0, "args": {"Usage(%)": 0.036631}, "ph": "C"}, {"name": "Memory Usage", "ts": 1716620729075715.2, "pid": 315211264, "tid": 0, "args": {"Usage(%)": 0.036631}, "ph": "C"}, {"name": "Memory Usage", "ts": 1716620729096183.2, "pid": 315211264, "tid": 0, "args": {"Usage(%)": 0.036631}, "ph": "C"}, {"name": "Memory Usage", "ts": 1716620729116723.8, "pid": 315211264, "tid": 0, "args": {"Usage(%)": 0.036631}, "ph": "C"}, {"name": "Memory Usage", "ts": 1716620729137363.2, "pid": 315211264, "tid": 0, "args": {"Usage(%)": 0.036631}, "ph": "C"}, {"name": "Memory Usage", "ts": 1716620729157970.5, "pid": 315211264, "tid": 0, "args": {"Usage(%)": 0.036631}, "ph": "C"}, {"name": "Memory Usage", "ts": 1716620729178546.5, "pid": 315211264, "tid": 0, "args": {"Usage(%)": 0.036631}, "ph": "C"}, {"name": "Memory Usage", "ts": 1716620729199052.0, "pid": 315211264, "tid": 0, "args": {"Usage(%)": 0.036631}, "ph": "C"}, {"name": "Memory Usage", "ts": 1716620729219564.0, "pid": 315211264, "tid": 0, "args": {"Usage(%)": 0.036631}, "ph": "C"}, {"name": "Memory Usage", "ts": 1716620729240082.2, "pid": 315211264, "tid": 0, "args": {"Usage(%)": 0.036631}, "ph": "C"}, {"name": "Memory Usage", "ts": 1716620729260594.5, "pid": 315211264, "tid": 0, "args": {"Usage(%)": 0.036631}, "ph": "C"}, {"name": "Memory Usage", "ts": 1716620729281076.2, "pid": 315211264, "tid": 0, "args": {"Usage(%)": 0.036631}, "ph": "C"}, {"name": "Memory Usage", "ts": 1716620729301564.5, "pid": 315211264, "tid": 0, "args": {"Usage(%)": 0.036631}, "ph": "C"}, {"name": "Memory Usage", "ts": 1716620729322203.8, "pid": 315211264, "tid": 0, "args": {"Usage(%)": 0.036631}, "ph": "C"}, {"name": "Memory Usage", "ts": 1716620729342682.0, "pid": 315211264, "tid": 0, "args": {"Usage(%)": 0.036631}, "ph": "C"}, {"name": "Memory Usage", "ts": 1716620729363199.2, "pid": 315211264, "tid": 0, "args": {"Usage(%)": 0.036631}, "ph": "C"}, {"name": "Memory Usage", "ts": 1716620729383659.0, "pid": 315211264, "tid": 0, "args": {"Usage(%)": 0.036631}, "ph": "C"}, {"name": "Memory Usage", "ts": 1716620729404198.8, "pid": 315211264, "tid": 0, "args": {"Usage(%)": 0.036631}, "ph": "C"}, {"name": "Memory Usage", "ts": 1716620729424720.5, "pid": 315211264, "tid": 0, "args": {"Usage(%)": 0.036631}, "ph": "C"}, {"name": "Memory Usage", "ts": 1716620729445248.0, "pid": 315211264, "tid": 0, "args": {"Usage(%)": 0.036631}, "ph": "C"}, {"name": "Memory Usage", "ts": 1716620729465788.5, "pid": 315211264, "tid": 0, "args": {"Usage(%)": 0.036631}, "ph": "C"}, {"name": "Memory Usage", "ts": 1716620729486279.2, "pid": 315211264, "tid": 0, "args": {"Usage(%)": 0.036631}, "ph": "C"}, {"name": "Memory Usage", "ts": 1716620729506774.5, "pid": 315211264, "tid": 0, "args": {"Usage(%)": 0.036631}, "ph": "C"}, {"name": "Memory Usage", "ts": 1716620729527314.0, "pid": 315211264, "tid": 0, "args": {"Usage(%)": 0.036631}, "ph": "C"}, {"name": "Memory Usage", "ts": 1716620729547837.2, "pid": 315211264, "tid": 0, "args": {"Usage(%)": 0.036631}, "ph": "C"}, {"name": "Memory Usage", "ts": 1716620729568318.0, "pid": 315211264, "tid": 0, "args": {"Usage(%)": 0.036631}, "ph": "C"}, {"name": "Memory Usage", "ts": 1716620729588829.2, "pid": 315211264, "tid": 0, "args": {"Usage(%)": 0.036631}, "ph": "C"}, {"name": "Memory Usage", "ts": 1716620729609424.5, "pid": 315211264, "tid": 0, "args": {"Usage(%)": 0.036631}, "ph": "C"}, {"name": "Memory Usage", "ts": 1716620729629979.5, "pid": 315211264, "tid": 0, "args": {"Usage(%)": 0.036631}, "ph": "C"}, {"name": "Memory Usage", "ts": 1716620729650528.8, "pid": 315211264, "tid": 0, "args": {"Usage(%)": 0.036631}, "ph": "C"}, {"name": "Memory Usage", "ts": 1716620729670993.2, "pid": 315211264, "tid": 0, "args": {"Usage(%)": 0.036631}, "ph": "C"}, {"name": "Memory Usage", "ts": 1716620729691498.2, "pid": 315211264, "tid": 0, "args": {"Usage(%)": 0.036631}, "ph": "C"}, {"name": "Memory Usage", "ts": 1716620729712048.5, "pid": 315211264, "tid": 0, "args": {"Usage(%)": 0.036631}, "ph": "C"}, {"name": "Memory Usage", "ts": 1716620729732607.5, "pid": 315211264, "tid": 0, "args": {"Usage(%)": 0.036631}, "ph": "C"}, {"name": "Memory Usage", "ts": 1716620729753104.8, "pid": 315211264, "tid": 0, "args": {"Usage(%)": 0.036631}, "ph": "C"}, {"name": "Memory Usage", "ts": 1716620729773666.0, "pid": 315211264, "tid": 0, "args": {"Usage(%)": 0.036631}, "ph": "C"}, {"name": "Memory Usage", "ts": 1716620729794208.2, "pid": 315211264, "tid": 0, "args": {"Usage(%)": 0.036631}, "ph": "C"}, {"name": "Memory Usage", "ts": 1716620729814720.8, "pid": 315211264, "tid": 0, "args": {"Usage(%)": 0.036631}, "ph": "C"}, {"name": "Memory Usage", "ts": 1716620729835292.8, "pid": 315211264, "tid": 0, "args": {"Usage(%)": 0.036631}, "ph": "C"}, {"name": "Memory Usage", "ts": 1716620729855748.0, "pid": 315211264, "tid": 0, "args": {"Usage(%)": 0.036631}, "ph": "C"}, {"name": "Memory Usage", "ts": 1716620729876275.0, "pid": 315211264, "tid": 0, "args": {"Usage(%)": 0.036631}, "ph": "C"}, {"name": "Memory Usage", "ts": 1716620729896763.5, "pid": 315211264, "tid": 0, "args": {"Usage(%)": 0.036631}, "ph": "C"}, {"name": "Memory Usage", "ts": 1716620729917308.2, "pid": 315211264, "tid": 0, "args": {"Usage(%)": 0.036631}, "ph": "C"}, {"name": "Memory Usage", "ts": 1716620729937798.0, "pid": 315211264, "tid": 0, "args": {"Usage(%)": 0.036631}, "ph": "C"}, {"name": "Memory Usage", "ts": 1716620729958277.8, "pid": 315211264, "tid": 0, "args": {"Usage(%)": 0.036631}, "ph": "C"}, {"name": "Memory Usage", "ts": 1716620729978750.8, "pid": 315211264, "tid": 0, "args": {"Usage(%)": 0.036631}, "ph": "C"}, {"name": "Memory Usage", "ts": 1716620729999260.5, "pid": 315211264, "tid": 0, "args": {"Usage(%)": 0.036631}, "ph": "C"}, {"name": "Memory Usage", "ts": 1716620730019799.0, "pid": 315211264, "tid": 0, "args": {"Usage(%)": 0.036631}, "ph": "C"}, {"name": "Memory Usage", "ts": 1716620730040267.5, "pid": 315211264, "tid": 0, "args": {"Usage(%)": 0.036631}, "ph": "C"}, {"name": "Memory Usage", "ts": 1716620730060764.0, "pid": 315211264, "tid": 0, "args": {"Usage(%)": 0.036631}, "ph": "C"}, {"name": "Memory Usage", "ts": 1716620730081245.8, "pid": 315211264, "tid": 0, "args": {"Usage(%)": 0.036631}, "ph": "C"}, {"name": "Memory Usage", "ts": 1716620730101782.5, "pid": 315211264, "tid": 0, "args": {"Usage(%)": 0.036631}, "ph": "C"}, {"name": "Memory Usage", "ts": 1716620730122279.5, "pid": 315211264, "tid": 0, "args": {"Usage(%)": 0.036631}, "ph": "C"}, {"name": "Memory Usage", "ts": 1716620730142770.8, "pid": 315211264, "tid": 0, "args": {"Usage(%)": 0.036631}, "ph": "C"}, {"name": "Memory Usage", "ts": 1716620730163286.5, "pid": 315211264, "tid": 0, "args": {"Usage(%)": 0.036631}, "ph": "C"}, {"name": "Memory Usage", "ts": 1716620730183773.2, "pid": 315211264, "tid": 0, "args": {"Usage(%)": 0.036631}, "ph": "C"}, {"name": "Memory Usage", "ts": 1716620730204377.8, "pid": 315211264, "tid": 0, "args": {"Usage(%)": 0.036631}, "ph": "C"}, {"name": "Memory Usage", "ts": 1716620730224878.0, "pid": 315211264, "tid": 0, "args": {"Usage(%)": 0.036631}, "ph": "C"}, {"name": "Memory Usage", "ts": 1716620730245382.2, "pid": 315211264, "tid": 0, "args": {"Usage(%)": 0.036631}, "ph": "C"}, {"name": "Memory Usage", "ts": 1716620730265868.0, "pid": 315211264, "tid": 0, "args": {"Usage(%)": 0.036631}, "ph": "C"}, {"name": "Memory Usage", "ts": 1716620730286361.0, "pid": 315211264, "tid": 0, "args": {"Usage(%)": 0.036631}, "ph": "C"}, {"name": "Memory Usage", "ts": 1716620730306863.0, "pid": 315211264, "tid": 0, "args": {"Usage(%)": 0.036631}, "ph": "C"}, {"name": "Memory Usage", "ts": 1716620730327317.0, "pid": 315211264, "tid": 0, "args": {"Usage(%)": 0.036631}, "ph": "C"}, {"name": "Memory Usage", "ts": 1716620730347849.8, "pid": 315211264, "tid": 0, "args": {"Usage(%)": 0.036631}, "ph": "C"}, {"name": "Memory Usage", "ts": 1716620730368424.0, "pid": 315211264, "tid": 0, "args": {"Usage(%)": 0.036631}, "ph": "C"}, {"name": "Memory Usage", "ts": 1716620730388998.5, "pid": 315211264, "tid": 0, "args": {"Usage(%)": 0.036645}, "ph": "C"}, {"name": "Memory Usage", "ts": 1716620730409555.2, "pid": 315211264, "tid": 0, "args": {"Usage(%)": 0.036645}, "ph": "C"}, {"name": "Memory Usage", "ts": 1716620730430086.5, "pid": 315211264, "tid": 0, "args": {"Usage(%)": 0.036645}, "ph": "C"}, {"name": "Memory Usage", "ts": 1716620730450542.0, "pid": 315211264, "tid": 0, "args": {"Usage(%)": 0.036645}, "ph": "C"}, {"name": "Memory Usage", "ts": 1716620730470976.8, "pid": 315211264, "tid": 0, "args": {"Usage(%)": 0.036645}, "ph": "C"}, {"name": "Memory Usage", "ts": 1716620730491386.5, "pid": 315211264, "tid": 0, "args": {"Usage(%)": 0.036645}, "ph": "C"}, {"name": "Memory Usage", "ts": 1716620730511753.8, "pid": 315211264, "tid": 0, "args": {"Usage(%)": 0.036645}, "ph": "C"}, {"name": "Memory Usage", "ts": 1716620730532202.5, "pid": 315211264, "tid": 0, "args": {"Usage(%)": 0.036645}, "ph": "C"}, {"name": "Memory Usage", "ts": 1716620730552616.0, "pid": 315211264, "tid": 0, "args": {"Usage(%)": 0.036646}, "ph": "C"}, {"name": "Memory Usage", "ts": 1716620730573016.0, "pid": 315211264, "tid": 0, "args": {"Usage(%)": 0.036771}, "ph": "C"}, {"name": "Memory Usage", "ts": 1716620730593449.2, "pid": 315211264, "tid": 0, "args": {"Usage(%)": 0.037534}, "ph": "C"}, {"name": "Memory Usage", "ts": 1716620730613865.0, "pid": 315211264, "tid": 0, "args": {"Usage(%)": 0.037534}, "ph": "C"}, {"name": "Memory Usage", "ts": 1716620730634251.0, "pid": 315211264, "tid": 0, "args": {"Usage(%)": 0.037534}, "ph": "C"}, {"name": "Memory Usage", "ts": 1716620730654674.0, "pid": 315211264, "tid": 0, "args": {"Usage(%)": 0.037534}, "ph": "C"}, {"name": "Memory Usage", "ts": 1716620730675077.8, "pid": 315211264, "tid": 0, "args": {"Usage(%)": 0.037534}, "ph": "C"}, {"name": "Memory Usage", "ts": 1716620730695449.2, "pid": 315211264, "tid": 0, "args": {"Usage(%)": 0.037534}, "ph": "C"}, {"name": "Memory Usage", "ts": 1716620730715828.5, "pid": 315211264, "tid": 0, "args": {"Usage(%)": 0.037534}, "ph": "C"}, {"name": "Memory Usage", "ts": 1716620730736240.2, "pid": 315211264, "tid": 0, "args": {"Usage(%)": 0.037534}, "ph": "C"}, {"name": "Memory Usage", "ts": 1716620730756642.0, "pid": 315211264, "tid": 0, "args": {"Usage(%)": 0.037534}, "ph": "C"}, {"name": "Memory Usage", "ts": 1716620730777054.8, "pid": 315211264, "tid": 0, "args": {"Usage(%)": 0.037534}, "ph": "C"}, {"name": "Memory Usage", "ts": 1716620730797431.2, "pid": 315211264, "tid": 0, "args": {"Usage(%)": 0.037534}, "ph": "C"}, {"name": "Memory Usage", "ts": 1716620730817865.5, "pid": 315211264, "tid": 0, "args": {"Usage(%)": 0.037534}, "ph": "C"}, {"name": "Memory Usage", "ts": 1716620730838286.8, "pid": 315211264, "tid": 0, "args": {"Usage(%)": 0.037534}, "ph": "C"}, {"name": "Memory Usage", "ts": 1716620730858689.8, "pid": 315211264, "tid": 0, "args": {"Usage(%)": 0.037534}, "ph": "C"}, {"name": "Memory Usage", "ts": 1716620730879086.5, "pid": 315211264, "tid": 0, "args": {"Usage(%)": 0.037534}, "ph": "C"}, {"name": "Memory Usage", "ts": 1716620730899577.5, "pid": 315211264, "tid": 0, "args": {"Usage(%)": 0.037534}, "ph": "C"}, {"name": "Memory Usage", "ts": 1716620730919997.0, "pid": 315211264, "tid": 0, "args": {"Usage(%)": 0.037537}, "ph": "C"}, {"name": "Memory Usage", "ts": 1716620730940466.2, "pid": 315211264, "tid": 0, "args": {"Usage(%)": 0.037537}, "ph": "C"}, {"name": "Memory Usage", "ts": 1716620730960912.8, "pid": 315211264, "tid": 0, "args": {"Usage(%)": 0.037537}, "ph": "C"}, {"name": "Memory Usage", "ts": 1716620730981304.2, "pid": 315211264, "tid": 0, "args": {"Usage(%)": 0.037537}, "ph": "C"}, {"name": "Memory Usage", "ts": 1716620731001774.0, "pid": 315211264, "tid": 0, "args": {"Usage(%)": 0.037537}, "ph": "C"}, {"name": "Memory Usage", "ts": 1716620731022193.0, "pid": 315211264, "tid": 0, "args": {"Usage(%)": 0.037592}, "ph": "C"}, {"name": "Memory Usage", "ts": 1716620731042635.8, "pid": 315211264, "tid": 0, "args": {"Usage(%)": 0.037592}, "ph": "C"}, {"name": "Memory Usage", "ts": 1716620731063079.2, "pid": 315211264, "tid": 0, "args": {"Usage(%)": 0.037592}, "ph": "C"}, {"name": "Memory Usage", "ts": 1716620731083446.5, "pid": 315211264, "tid": 0, "args": {"Usage(%)": 0.037592}, "ph": "C"}, {"name": "Memory Usage", "ts": 1716620731103902.2, "pid": 315211264, "tid": 0, "args": {"Usage(%)": 0.037592}, "ph": "C"}, {"name": "Memory Usage", "ts": 1716620731124282.2, "pid": 315211264, "tid": 0, "args": {"Usage(%)": 0.037592}, "ph": "C"}, {"name": "Memory Usage", "ts": 1716620731144693.8, "pid": 315211264, "tid": 0, "args": {"Usage(%)": 0.037592}, "ph": "C"}, {"name": "Memory Usage", "ts": 1716620731165096.2, "pid": 315211264, "tid": 0, "args": {"Usage(%)": 0.037592}, "ph": "C"}, {"name": "Memory Usage", "ts": 1716620731185523.5, "pid": 315211264, "tid": 0, "args": {"Usage(%)": 0.037592}, "ph": "C"}, {"name": "Memory Usage", "ts": 1716620731205951.8, "pid": 315211264, "tid": 0, "args": {"Usage(%)": 0.037592}, "ph": "C"}, {"name": "Memory Usage", "ts": 1716620731226418.2, "pid": 315211264, "tid": 0, "args": {"Usage(%)": 0.037592}, "ph": "C"}, {"name": "Memory Usage", "ts": 1716620731246841.0, "pid": 315211264, "tid": 0, "args": {"Usage(%)": 0.037592}, "ph": "C"}, {"name": "Memory Usage", "ts": 1716620731267249.8, "pid": 315211264, "tid": 0, "args": {"Usage(%)": 0.037592}, "ph": "C"}, {"name": "Memory Usage", "ts": 1716620731287681.2, "pid": 315211264, "tid": 0, "args": {"Usage(%)": 0.037592}, "ph": "C"}, {"name": "Memory Usage", "ts": 1716620731308141.5, "pid": 315211264, "tid": 0, "args": {"Usage(%)": 0.037592}, "ph": "C"}, {"name": "Memory Usage", "ts": 1716620731328582.8, "pid": 315211264, "tid": 0, "args": {"Usage(%)": 0.037592}, "ph": "C"}, {"name": "Memory Usage", "ts": 1716620731349017.0, "pid": 315211264, "tid": 0, "args": {"Usage(%)": 0.037592}, "ph": "C"}, {"name": "Memory Usage", "ts": 1716620731369416.0, "pid": 315211264, "tid": 0, "args": {"Usage(%)": 0.037592}, "ph": "C"}, {"name": "Memory Usage", "ts": 1716620731389885.8, "pid": 315211264, "tid": 0, "args": {"Usage(%)": 0.037592}, "ph": "C"}, {"name": "Memory Usage", "ts": 1716620731410310.8, "pid": 315211264, "tid": 0, "args": {"Usage(%)": 0.037592}, "ph": "C"}, {"name": "Memory Usage", "ts": 1716620731430763.5, "pid": 315211264, "tid": 0, "args": {"Usage(%)": 0.037592}, "ph": "C"}, {"name": "Memory Usage", "ts": 1716620731451231.0, "pid": 315211264, "tid": 0, "args": {"Usage(%)": 0.037592}, "ph": "C"}, {"name": "Memory Usage", "ts": 1716620731471650.0, "pid": 315211264, "tid": 0, "args": {"Usage(%)": 0.037592}, "ph": "C"}, {"name": "Memory Usage", "ts": 1716620731492080.2, "pid": 315211264, "tid": 0, "args": {"Usage(%)": 0.037592}, "ph": "C"}, {"name": "Memory Usage", "ts": 1716620731512507.5, "pid": 315211264, "tid": 0, "args": {"Usage(%)": 0.037592}, "ph": "C"}, {"name": "Memory Usage", "ts": 1716620731532897.0, "pid": 315211264, "tid": 0, "args": {"Usage(%)": 0.037592}, "ph": "C"}, {"name": "Memory Usage", "ts": 1716620731553313.8, "pid": 315211264, "tid": 0, "args": {"Usage(%)": 0.037592}, "ph": "C"}, {"name": "Memory Usage", "ts": 1716620731573711.2, "pid": 315211264, "tid": 0, "args": {"Usage(%)": 0.037592}, "ph": "C"}, {"name": "Memory Usage", "ts": 1716620731594135.8, "pid": 315211264, "tid": 0, "args": {"Usage(%)": 0.037592}, "ph": "C"}, {"name": "Memory Usage", "ts": 1716620731614571.2, "pid": 315211264, "tid": 0, "args": {"Usage(%)": 0.037592}, "ph": "C"}, {"name": "Memory Usage", "ts": 1716620731634932.2, "pid": 315211264, "tid": 0, "args": {"Usage(%)": 0.037592}, "ph": "C"}, {"name": "Memory Usage", "ts": 1716620731655350.2, "pid": 315211264, "tid": 0, "args": {"Usage(%)": 0.037592}, "ph": "C"}, {"name": "Memory Usage", "ts": 1716620731675860.2, "pid": 315211264, "tid": 0, "args": {"Usage(%)": 0.037592}, "ph": "C"}, {"name": "Memory Usage", "ts": 1716620731696306.5, "pid": 315211264, "tid": 0, "args": {"Usage(%)": 0.037592}, "ph": "C"}, {"name": "Memory Usage", "ts": 1716620731716725.0, "pid": 315211264, "tid": 0, "args": {"Usage(%)": 0.037592}, "ph": "C"}, {"name": "Memory Usage", "ts": 1716620731737096.2, "pid": 315211264, "tid": 0, "args": {"Usage(%)": 0.037592}, "ph": "C"}, {"name": "Memory Usage", "ts": 1716620731757502.8, "pid": 315211264, "tid": 0, "args": {"Usage(%)": 0.037592}, "ph": "C"}, {"name": "Memory Usage", "ts": 1716620731777975.2, "pid": 315211264, "tid": 0, "args": {"Usage(%)": 0.037592}, "ph": "C"}, {"name": "Memory Usage", "ts": 1716620731798369.0, "pid": 315211264, "tid": 0, "args": {"Usage(%)": 0.037592}, "ph": "C"}, {"name": "Memory Usage", "ts": 1716620731818735.0, "pid": 315211264, "tid": 0, "args": {"Usage(%)": 0.037592}, "ph": "C"}, {"name": "Memory Usage", "ts": 1716620731839130.8, "pid": 315211264, "tid": 0, "args": {"Usage(%)": 0.037592}, "ph": "C"}, {"name": "Memory Usage", "ts": 1716620731859542.0, "pid": 315211264, "tid": 0, "args": {"Usage(%)": 0.037592}, "ph": "C"}, {"name": "Memory Usage", "ts": 1716620731879946.2, "pid": 315211264, "tid": 0, "args": {"Usage(%)": 0.037592}, "ph": "C"}, {"name": "Memory Usage", "ts": 1716620731900389.0, "pid": 315211264, "tid": 0, "args": {"Usage(%)": 0.037592}, "ph": "C"}, {"name": "Memory Usage", "ts": 1716620731920770.2, "pid": 315211264, "tid": 0, "args": {"Usage(%)": 0.037592}, "ph": "C"}, {"name": "Memory Usage", "ts": 1716620731941212.0, "pid": 315211264, "tid": 0, "args": {"Usage(%)": 0.037592}, "ph": "C"}, {"name": "Memory Usage", "ts": 1716620731961705.0, "pid": 315211264, "tid": 0, "args": {"Usage(%)": 0.037592}, "ph": "C"}, {"name": "Memory Usage", "ts": 1716620731982138.2, "pid": 315211264, "tid": 0, "args": {"Usage(%)": 0.037592}, "ph": "C"}, {"name": "Memory Usage", "ts": 1716620732002583.8, "pid": 315211264, "tid": 0, "args": {"Usage(%)": 0.037592}, "ph": "C"}, {"name": "Memory Usage", "ts": 1716620732022954.5, "pid": 315211264, "tid": 0, "args": {"Usage(%)": 0.037592}, "ph": "C"}, {"name": "Memory Usage", "ts": 1716620732043354.8, "pid": 315211264, "tid": 0, "args": {"Usage(%)": 0.037592}, "ph": "C"}, {"name": "Memory Usage", "ts": 1716620732063767.5, "pid": 315211264, "tid": 0, "args": {"Usage(%)": 0.037592}, "ph": "C"}, {"name": "Memory Usage", "ts": 1716620732084167.8, "pid": 315211264, "tid": 0, "args": {"Usage(%)": 0.037592}, "ph": "C"}, {"name": "Memory Usage", "ts": 1716620732104520.8, "pid": 315211264, "tid": 0, "args": {"Usage(%)": 0.037592}, "ph": "C"}, {"name": "Memory Usage", "ts": 1716620732124918.5, "pid": 315211264, "tid": 0, "args": {"Usage(%)": 0.037592}, "ph": "C"}, {"name": "Memory Usage", "ts": 1716620732145348.5, "pid": 315211264, "tid": 0, "args": {"Usage(%)": 0.037592}, "ph": "C"}, {"name": "Memory Usage", "ts": 1716620732165758.8, "pid": 315211264, "tid": 0, "args": {"Usage(%)": 0.037592}, "ph": "C"}, {"name": "Memory Usage", "ts": 1716620732186190.2, "pid": 315211264, "tid": 0, "args": {"Usage(%)": 0.037592}, "ph": "C"}, {"name": "Memory Usage", "ts": 1716620732206556.8, "pid": 315211264, "tid": 0, "args": {"Usage(%)": 0.037592}, "ph": "C"}, {"name": "Memory Usage", "ts": 1716620732226933.5, "pid": 315211264, "tid": 0, "args": {"Usage(%)": 0.037592}, "ph": "C"}, {"name": "Memory Usage", "ts": 1716620732247349.2, "pid": 315211264, "tid": 0, "args": {"Usage(%)": 0.037592}, "ph": "C"}, {"name": "Memory Usage", "ts": 1716620732267778.0, "pid": 315211264, "tid": 0, "args": {"Usage(%)": 0.037592}, "ph": "C"}, {"name": "Memory Usage", "ts": 1716620732288183.8, "pid": 315211264, "tid": 0, "args": {"Usage(%)": 0.037592}, "ph": "C"}, {"name": "Memory Usage", "ts": 1716620732308591.2, "pid": 315211264, "tid": 0, "args": {"Usage(%)": 0.037592}, "ph": "C"}, {"name": "Memory Usage", "ts": 1716620732328977.8, "pid": 315211264, "tid": 0, "args": {"Usage(%)": 0.037592}, "ph": "C"}, {"name": "Memory Usage", "ts": 1716620732349421.2, "pid": 315211264, "tid": 0, "args": {"Usage(%)": 0.037592}, "ph": "C"}, {"name": "Memory Usage", "ts": 1716620732369863.8, "pid": 315211264, "tid": 0, "args": {"Usage(%)": 0.037592}, "ph": "C"}, {"name": "Memory Usage", "ts": 1716620732390390.2, "pid": 315211264, "tid": 0, "args": {"Usage(%)": 0.037592}, "ph": "C"}, {"name": "Memory Usage", "ts": 1716620732410819.5, "pid": 315211264, "tid": 0, "args": {"Usage(%)": 0.037592}, "ph": "C"}, {"name": "Memory Usage", "ts": 1716620732431235.5, "pid": 315211264, "tid": 0, "args": {"Usage(%)": 0.037592}, "ph": "C"}, {"name": "Memory Usage", "ts": 1716620732451780.5, "pid": 315211264, "tid": 0, "args": {"Usage(%)": 0.037592}, "ph": "C"}, {"name": "Memory Usage", "ts": 1716620732472451.8, "pid": 315211264, "tid": 0, "args": {"Usage(%)": 0.037592}, "ph": "C"}, {"name": "Memory Usage", "ts": 1716620732492949.8, "pid": 315211264, "tid": 0, "args": {"Usage(%)": 0.037592}, "ph": "C"}, {"name": "Memory Usage", "ts": 1716620732513435.8, "pid": 315211264, "tid": 0, "args": {"Usage(%)": 0.037592}, "ph": "C"}, {"name": "Memory Usage", "ts": 1716620732533922.2, "pid": 315211264, "tid": 0, "args": {"Usage(%)": 0.037592}, "ph": "C"}, {"name": "Memory Usage", "ts": 1716620732554367.0, "pid": 315211264, "tid": 0, "args": {"Usage(%)": 0.037592}, "ph": "C"}, {"name": "Memory Usage", "ts": 1716620732574809.8, "pid": 315211264, "tid": 0, "args": {"Usage(%)": 0.037592}, "ph": "C"}, {"name": "Memory Usage", "ts": 1716620732595267.8, "pid": 315211264, "tid": 0, "args": {"Usage(%)": 0.037592}, "ph": "C"}, {"name": "Memory Usage", "ts": 1716620732615730.5, "pid": 315211264, "tid": 0, "args": {"Usage(%)": 0.037592}, "ph": "C"}, {"name": "Memory Usage", "ts": 1716620732636194.5, "pid": 315211264, "tid": 0, "args": {"Usage(%)": 0.037592}, "ph": "C"}, {"name": "Memory Usage", "ts": 1716620732656659.2, "pid": 315211264, "tid": 0, "args": {"Usage(%)": 0.037592}, "ph": "C"}, {"name": "Memory Usage", "ts": 1716620732677073.2, "pid": 315211264, "tid": 0, "args": {"Usage(%)": 0.0376}, "ph": "C"}, {"name": "Memory Usage", "ts": 1716620732697510.0, "pid": 315211264, "tid": 0, "args": {"Usage(%)": 0.0376}, "ph": "C"}, {"name": "Memory Usage", "ts": 1716620732717964.0, "pid": 315211264, "tid": 0, "args": {"Usage(%)": 0.037601}, "ph": "C"}, {"name": "Memory Usage", "ts": 1716620732738364.2, "pid": 315211264, "tid": 0, "args": {"Usage(%)": 0.037601}, "ph": "C"}, {"name": "Memory Usage", "ts": 1716620732758742.5, "pid": 315211264, "tid": 0, "args": {"Usage(%)": 0.037601}, "ph": "C"}, {"name": "Memory Usage", "ts": 1716620732779111.8, "pid": 315211264, "tid": 0, "args": {"Usage(%)": 0.037601}, "ph": "C"}, {"name": "Memory Usage", "ts": 1716620732799495.2, "pid": 315211264, "tid": 0, "args": {"Usage(%)": 0.037604}, "ph": "C"}, {"name": "Memory Usage", "ts": 1716620732819871.8, "pid": 315211264, "tid": 0, "args": {"Usage(%)": 0.037604}, "ph": "C"}, {"name": "Memory Usage", "ts": 1716620732840308.0, "pid": 315211264, "tid": 0, "args": {"Usage(%)": 0.037604}, "ph": "C"}, {"name": "Memory Usage", "ts": 1716620732860712.5, "pid": 315211264, "tid": 0, "args": {"Usage(%)": 0.037604}, "ph": "C"}, {"name": "Memory Usage", "ts": 1716620732881150.8, "pid": 315211264, "tid": 0, "args": {"Usage(%)": 0.037604}, "ph": "C"}, {"name": "Memory Usage", "ts": 1716620732901766.2, "pid": 315211264, "tid": 0, "args": {"Usage(%)": 0.037604}, "ph": "C"}, {"name": "Memory Usage", "ts": 1716620732922412.5, "pid": 315211264, "tid": 0, "args": {"Usage(%)": 0.037604}, "ph": "C"}, {"name": "Memory Usage", "ts": 1716620732942932.8, "pid": 315211264, "tid": 0, "args": {"Usage(%)": 0.037604}, "ph": "C"}, {"name": "Memory Usage", "ts": 1716620732963523.5, "pid": 315211264, "tid": 0, "args": {"Usage(%)": 0.037604}, "ph": "C"}, {"name": "Memory Usage", "ts": 1716620732984177.0, "pid": 315211264, "tid": 0, "args": {"Usage(%)": 0.037604}, "ph": "C"}, {"name": "Memory Usage", "ts": 1716620733004766.5, "pid": 315211264, "tid": 0, "args": {"Usage(%)": 0.037604}, "ph": "C"}, {"name": "Memory Usage", "ts": 1716620733025300.2, "pid": 315211264, "tid": 0, "args": {"Usage(%)": 0.037604}, "ph": "C"}, {"name": "Memory Usage", "ts": 1716620733045830.2, "pid": 315211264, "tid": 0, "args": {"Usage(%)": 0.037604}, "ph": "C"}, {"name": "Memory Usage", "ts": 1716620733066338.2, "pid": 315211264, "tid": 0, "args": {"Usage(%)": 0.037604}, "ph": "C"}, {"name": "Memory Usage", "ts": 1716620733086809.8, "pid": 315211264, "tid": 0, "args": {"Usage(%)": 0.037604}, "ph": "C"}, {"name": "Memory Usage", "ts": 1716620733107281.2, "pid": 315211264, "tid": 0, "args": {"Usage(%)": 0.037604}, "ph": "C"}, {"name": "Memory Usage", "ts": 1716620733127755.2, "pid": 315211264, "tid": 0, "args": {"Usage(%)": 0.037604}, "ph": "C"}, {"name": "Memory Usage", "ts": 1716620733148249.5, "pid": 315211264, "tid": 0, "args": {"Usage(%)": 0.037604}, "ph": "C"}, {"name": "Memory Usage", "ts": 1716620733168756.8, "pid": 315211264, "tid": 0, "args": {"Usage(%)": 0.037604}, "ph": "C"}, {"name": "Memory Usage", "ts": 1716620733189288.5, "pid": 315211264, "tid": 0, "args": {"Usage(%)": 0.037604}, "ph": "C"}, {"name": "Memory Usage", "ts": 1716620733209818.8, "pid": 315211264, "tid": 0, "args": {"Usage(%)": 0.037604}, "ph": "C"}, {"name": "Memory Usage", "ts": 1716620733230362.0, "pid": 315211264, "tid": 0, "args": {"Usage(%)": 0.037604}, "ph": "C"}, {"name": "Memory Usage", "ts": 1716620733250833.2, "pid": 315211264, "tid": 0, "args": {"Usage(%)": 0.037604}, "ph": "C"}, {"name": "Memory Usage", "ts": 1716620733271374.5, "pid": 315211264, "tid": 0, "args": {"Usage(%)": 0.037604}, "ph": "C"}, {"name": "Memory Usage", "ts": 1716620733291880.2, "pid": 315211264, "tid": 0, "args": {"Usage(%)": 0.037604}, "ph": "C"}, {"name": "Memory Usage", "ts": 1716620733312426.2, "pid": 315211264, "tid": 0, "args": {"Usage(%)": 0.037604}, "ph": "C"}, {"name": "Memory Usage", "ts": 1716620733353381.0, "pid": 315211264, "tid": 0, "args": {"Usage(%)": 0.037604}, "ph": "C"}, {"name": "Memory Usage", "ts": 1716620733373978.5, "pid": 315211264, "tid": 0, "args": {"Usage(%)": 0.037604}, "ph": "C"}, {"name": "Memory Usage", "ts": 1716620733394451.8, "pid": 315211264, "tid": 0, "args": {"Usage(%)": 0.037604}, "ph": "C"}, {"name": "Memory Usage", "ts": 1716620733414936.2, "pid": 315211264, "tid": 0, "args": {"Usage(%)": 0.037604}, "ph": "C"}, {"name": "Memory Usage", "ts": 1716620733435352.8, "pid": 315211264, "tid": 0, "args": {"Usage(%)": 0.037604}, "ph": "C"}, {"name": "Memory Usage", "ts": 1716620733455851.2, "pid": 315211264, "tid": 0, "args": {"Usage(%)": 0.037604}, "ph": "C"}, {"name": "Memory Usage", "ts": 1716620733476329.8, "pid": 315211264, "tid": 0, "args": {"Usage(%)": 0.037604}, "ph": "C"}, {"name": "Memory Usage", "ts": 1716620733496787.2, "pid": 315211264, "tid": 0, "args": {"Usage(%)": 0.037616}, "ph": "C"}, {"name": "Memory Usage", "ts": 1716620733517247.2, "pid": 315211264, "tid": 0, "args": {"Usage(%)": 0.037616}, "ph": "C"}, {"name": "Memory Usage", "ts": 1716620733537721.2, "pid": 315211264, "tid": 0, "args": {"Usage(%)": 0.037616}, "ph": "C"}, {"name": "Memory Usage", "ts": 1716620733558223.0, "pid": 315211264, "tid": 0, "args": {"Usage(%)": 0.037616}, "ph": "C"}, {"name": "Memory Usage", "ts": 1716620733578676.2, "pid": 315211264, "tid": 0, "args": {"Usage(%)": 0.037616}, "ph": "C"}, {"name": "Memory Usage", "ts": 1716620733599284.8, "pid": 315211264, "tid": 0, "args": {"Usage(%)": 0.037616}, "ph": "C"}, {"name": "Memory Usage", "ts": 1716620733619752.0, "pid": 315211264, "tid": 0, "args": {"Usage(%)": 0.037616}, "ph": "C"}, {"name": "Memory Usage", "ts": 1716620733640227.0, "pid": 315211264, "tid": 0, "args": {"Usage(%)": 0.037616}, "ph": "C"}, {"name": "Memory Usage", "ts": 1716620733660872.8, "pid": 315211264, "tid": 0, "args": {"Usage(%)": 0.037616}, "ph": "C"}, {"name": "Memory Usage", "ts": 1716620733681395.0, "pid": 315211264, "tid": 0, "args": {"Usage(%)": 0.037616}, "ph": "C"}, {"name": "Memory Usage", "ts": 1716620733701891.8, "pid": 315211264, "tid": 0, "args": {"Usage(%)": 0.037616}, "ph": "C"}, {"name": "Memory Usage", "ts": 1716620733722316.5, "pid": 315211264, "tid": 0, "args": {"Usage(%)": 0.037616}, "ph": "C"}, {"name": "Memory Usage", "ts": 1716620733742738.5, "pid": 315211264, "tid": 0, "args": {"Usage(%)": 0.037616}, "ph": "C"}, {"name": "Memory Usage", "ts": 1716620733763229.0, "pid": 315211264, "tid": 0, "args": {"Usage(%)": 0.037616}, "ph": "C"}, {"name": "Memory Usage", "ts": 1716620733783693.0, "pid": 315211264, "tid": 0, "args": {"Usage(%)": 0.037616}, "ph": "C"}, {"name": "Memory Usage", "ts": 1716620733804180.0, "pid": 315211264, "tid": 0, "args": {"Usage(%)": 0.037616}, "ph": "C"}, {"name": "Memory Usage", "ts": 1716620733824620.0, "pid": 315211264, "tid": 0, "args": {"Usage(%)": 0.037616}, "ph": "C"}, {"name": "Memory Usage", "ts": 1716620733845079.2, "pid": 315211264, "tid": 0, "args": {"Usage(%)": 0.037616}, "ph": "C"}, {"name": "Memory Usage", "ts": 1716620733865581.8, "pid": 315211264, "tid": 0, "args": {"Usage(%)": 0.037616}, "ph": "C"}, {"name": "Memory Usage", "ts": 1716620733886068.8, "pid": 315211264, "tid": 0, "args": {"Usage(%)": 0.037616}, "ph": "C"}, {"name": "Memory Usage", "ts": 1716620733906493.5, "pid": 315211264, "tid": 0, "args": {"Usage(%)": 0.037617}, "ph": "C"}, {"name": "Memory Usage", "ts": 1716620733926944.5, "pid": 315211264, "tid": 0, "args": {"Usage(%)": 0.024114}, "ph": "C"}, {"name": "Memory Usage", "ts": 1716620733947461.8, "pid": 315211264, "tid": 0, "args": {"Usage(%)": 0.024139}, "ph": "C"}, {"name": "Memory Usage", "ts": 1716620733967794.5, "pid": 315211264, "tid": 0, "args": {"Usage(%)": 0.024151}, "ph": "C"}, {"name": "Memory Usage", "ts": 1716620733988027.8, "pid": 315211264, "tid": 0, "args": {"Usage(%)": 0.024151}, "ph": "C"}, {"name": "Memory Usage", "ts": 1716620734008251.8, "pid": 315211264, "tid": 0, "args": {"Usage(%)": 0.02411}, "ph": "C"}, {"name": "process_name", "pid": 315221264, "tid": 0, "args": {"name": "device_1 Memory Usage"}, "ph": "M"}, {"name": "process_labels", "pid": 315221264, "tid": 0, "args": {"labels": "NPU"}, "ph": "M"}, {"name": "process_sort_index", "pid": 315221264, "tid": 0, "args": {"sort_index": 12}, "ph": "M"}, {"name": "Memory Usage", "ts": 1716620726429090.8, "pid": 315221264, "tid": 0, "args": {"Usage(%)": 0.018164}, "ph": "C"}, {"name": "Memory Usage", "ts": 1716620726449611.8, "pid": 315221264, "tid": 0, "args": {"Usage(%)": 0.018164}, "ph": "C"}, {"name": "Memory Usage", "ts": 1716620726470023.0, "pid": 315221264, "tid": 0, "args": {"Usage(%)": 0.018164}, "ph": "C"}, {"name": "Memory Usage", "ts": 1716620726490232.0, "pid": 315221264, "tid": 0, "args": {"Usage(%)": 0.018165}, "ph": "C"}, {"name": "Memory Usage", "ts": 1716620726510364.5, "pid": 315221264, "tid": 0, "args": {"Usage(%)": 0.018165}, "ph": "C"}, {"name": "Memory Usage", "ts": 1716620726530475.8, "pid": 315221264, "tid": 0, "args": {"Usage(%)": 0.018165}, "ph": "C"}, {"name": "Memory Usage", "ts": 1716620726550585.8, "pid": 315221264, "tid": 0, "args": {"Usage(%)": 0.018165}, "ph": "C"}, {"name": "Memory Usage", "ts": 1716620726570740.8, "pid": 315221264, "tid": 0, "args": {"Usage(%)": 0.018165}, "ph": "C"}, {"name": "Memory Usage", "ts": 1716620726590883.0, "pid": 315221264, "tid": 0, "args": {"Usage(%)": 0.018165}, "ph": "C"}, {"name": "Memory Usage", "ts": 1716620726610988.8, "pid": 315221264, "tid": 0, "args": {"Usage(%)": 0.018165}, "ph": "C"}, {"name": "Memory Usage", "ts": 1716620726631080.8, "pid": 315221264, "tid": 0, "args": {"Usage(%)": 0.018397}, "ph": "C"}, {"name": "Memory Usage", "ts": 1716620726651285.5, "pid": 315221264, "tid": 0, "args": {"Usage(%)": 0.018555}, "ph": "C"}, {"name": "Memory Usage", "ts": 1716620726671603.0, "pid": 315221264, "tid": 0, "args": {"Usage(%)": 0.021774}, "ph": "C"}, {"name": "Memory Usage", "ts": 1716620726691862.0, "pid": 315221264, "tid": 0, "args": {"Usage(%)": 0.02644}, "ph": "C"}, {"name": "Memory Usage", "ts": 1716620726712140.2, "pid": 315221264, "tid": 0, "args": {"Usage(%)": 0.0312}, "ph": "C"}, {"name": "Memory Usage", "ts": 1716620726732365.5, "pid": 315221264, "tid": 0, "args": {"Usage(%)": 0.035085}, "ph": "C"}, {"name": "Memory Usage", "ts": 1716620726752799.8, "pid": 315221264, "tid": 0, "args": {"Usage(%)": 0.036439}, "ph": "C"}, {"name": "Memory Usage", "ts": 1716620726773274.2, "pid": 315221264, "tid": 0, "args": {"Usage(%)": 0.036591}, "ph": "C"}, {"name": "Memory Usage", "ts": 1716620726793754.0, "pid": 315221264, "tid": 0, "args": {"Usage(%)": 0.036591}, "ph": "C"}, {"name": "Memory Usage", "ts": 1716620726814323.2, "pid": 315221264, "tid": 0, "args": {"Usage(%)": 0.036591}, "ph": "C"}, {"name": "Memory Usage", "ts": 1716620726834809.5, "pid": 315221264, "tid": 0, "args": {"Usage(%)": 0.036591}, "ph": "C"}, {"name": "Memory Usage", "ts": 1716620726855279.0, "pid": 315221264, "tid": 0, "args": {"Usage(%)": 0.036591}, "ph": "C"}, {"name": "Memory Usage", "ts": 1716620726875722.2, "pid": 315221264, "tid": 0, "args": {"Usage(%)": 0.036591}, "ph": "C"}, {"name": "Memory Usage", "ts": 1716620726896142.2, "pid": 315221264, "tid": 0, "args": {"Usage(%)": 0.036591}, "ph": "C"}, {"name": "Memory Usage", "ts": 1716620726916571.5, "pid": 315221264, "tid": 0, "args": {"Usage(%)": 0.036591}, "ph": "C"}, {"name": "Memory Usage", "ts": 1716620726936974.8, "pid": 315221264, "tid": 0, "args": {"Usage(%)": 0.036591}, "ph": "C"}, {"name": "Memory Usage", "ts": 1716620726957410.2, "pid": 315221264, "tid": 0, "args": {"Usage(%)": 0.036591}, "ph": "C"}, {"name": "Memory Usage", "ts": 1716620726977859.8, "pid": 315221264, "tid": 0, "args": {"Usage(%)": 0.036591}, "ph": "C"}, {"name": "Memory Usage", "ts": 1716620726998235.2, "pid": 315221264, "tid": 0, "args": {"Usage(%)": 0.036591}, "ph": "C"}, {"name": "Memory Usage", "ts": 1716620727018772.5, "pid": 315221264, "tid": 0, "args": {"Usage(%)": 0.036591}, "ph": "C"}, {"name": "Memory Usage", "ts": 1716620727039218.5, "pid": 315221264, "tid": 0, "args": {"Usage(%)": 0.036591}, "ph": "C"}, {"name": "Memory Usage", "ts": 1716620727059632.2, "pid": 315221264, "tid": 0, "args": {"Usage(%)": 0.036591}, "ph": "C"}, {"name": "Memory Usage", "ts": 1716620727080142.0, "pid": 315221264, "tid": 0, "args": {"Usage(%)": 0.036591}, "ph": "C"}, {"name": "Memory Usage", "ts": 1716620727100544.2, "pid": 315221264, "tid": 0, "args": {"Usage(%)": 0.036591}, "ph": "C"}, {"name": "Memory Usage", "ts": 1716620727121000.0, "pid": 315221264, "tid": 0, "args": {"Usage(%)": 0.036591}, "ph": "C"}, {"name": "Memory Usage", "ts": 1716620727141506.0, "pid": 315221264, "tid": 0, "args": {"Usage(%)": 0.036591}, "ph": "C"}, {"name": "Memory Usage", "ts": 1716620727162058.5, "pid": 315221264, "tid": 0, "args": {"Usage(%)": 0.036591}, "ph": "C"}, {"name": "Memory Usage", "ts": 1716620727182476.2, "pid": 315221264, "tid": 0, "args": {"Usage(%)": 0.036591}, "ph": "C"}, {"name": "Memory Usage", "ts": 1716620727202921.5, "pid": 315221264, "tid": 0, "args": {"Usage(%)": 0.036591}, "ph": "C"}, {"name": "Memory Usage", "ts": 1716620727223341.8, "pid": 315221264, "tid": 0, "args": {"Usage(%)": 0.036591}, "ph": "C"}, {"name": "Memory Usage", "ts": 1716620727243779.5, "pid": 315221264, "tid": 0, "args": {"Usage(%)": 0.036591}, "ph": "C"}, {"name": "Memory Usage", "ts": 1716620727264277.5, "pid": 315221264, "tid": 0, "args": {"Usage(%)": 0.036591}, "ph": "C"}, {"name": "Memory Usage", "ts": 1716620727284809.2, "pid": 315221264, "tid": 0, "args": {"Usage(%)": 0.036591}, "ph": "C"}, {"name": "Memory Usage", "ts": 1716620727305326.0, "pid": 315221264, "tid": 0, "args": {"Usage(%)": 0.036591}, "ph": "C"}, {"name": "Memory Usage", "ts": 1716620727326019.8, "pid": 315221264, "tid": 0, "args": {"Usage(%)": 0.036591}, "ph": "C"}, {"name": "Memory Usage", "ts": 1716620727346574.8, "pid": 315221264, "tid": 0, "args": {"Usage(%)": 0.036591}, "ph": "C"}, {"name": "Memory Usage", "ts": 1716620727367117.8, "pid": 315221264, "tid": 0, "args": {"Usage(%)": 0.036591}, "ph": "C"}, {"name": "Memory Usage", "ts": 1716620727387772.2, "pid": 315221264, "tid": 0, "args": {"Usage(%)": 0.036591}, "ph": "C"}, {"name": "Memory Usage", "ts": 1716620727408725.2, "pid": 315221264, "tid": 0, "args": {"Usage(%)": 0.036591}, "ph": "C"}, {"name": "Memory Usage", "ts": 1716620727429364.8, "pid": 315221264, "tid": 0, "args": {"Usage(%)": 0.036591}, "ph": "C"}, {"name": "Memory Usage", "ts": 1716620727449875.2, "pid": 315221264, "tid": 0, "args": {"Usage(%)": 0.036591}, "ph": "C"}, {"name": "Memory Usage", "ts": 1716620727470328.0, "pid": 315221264, "tid": 0, "args": {"Usage(%)": 0.036591}, "ph": "C"}, {"name": "Memory Usage", "ts": 1716620727490842.2, "pid": 315221264, "tid": 0, "args": {"Usage(%)": 0.036591}, "ph": "C"}, {"name": "Memory Usage", "ts": 1716620727511308.5, "pid": 315221264, "tid": 0, "args": {"Usage(%)": 0.036591}, "ph": "C"}, {"name": "Memory Usage", "ts": 1716620727531917.8, "pid": 315221264, "tid": 0, "args": {"Usage(%)": 0.036591}, "ph": "C"}, {"name": "Memory Usage", "ts": 1716620727552456.5, "pid": 315221264, "tid": 0, "args": {"Usage(%)": 0.036591}, "ph": "C"}, {"name": "Memory Usage", "ts": 1716620727572963.8, "pid": 315221264, "tid": 0, "args": {"Usage(%)": 0.036591}, "ph": "C"}, {"name": "Memory Usage", "ts": 1716620727593472.8, "pid": 315221264, "tid": 0, "args": {"Usage(%)": 0.036591}, "ph": "C"}, {"name": "Memory Usage", "ts": 1716620727613961.0, "pid": 315221264, "tid": 0, "args": {"Usage(%)": 0.036591}, "ph": "C"}, {"name": "Memory Usage", "ts": 1716620727634400.8, "pid": 315221264, "tid": 0, "args": {"Usage(%)": 0.036591}, "ph": "C"}, {"name": "Memory Usage", "ts": 1716620727654875.5, "pid": 315221264, "tid": 0, "args": {"Usage(%)": 0.036591}, "ph": "C"}, {"name": "Memory Usage", "ts": 1716620727675343.0, "pid": 315221264, "tid": 0, "args": {"Usage(%)": 0.036591}, "ph": "C"}, {"name": "Memory Usage", "ts": 1716620727695808.8, "pid": 315221264, "tid": 0, "args": {"Usage(%)": 0.036591}, "ph": "C"}, {"name": "Memory Usage", "ts": 1716620727716273.5, "pid": 315221264, "tid": 0, "args": {"Usage(%)": 0.036591}, "ph": "C"}, {"name": "Memory Usage", "ts": 1716620727736711.8, "pid": 315221264, "tid": 0, "args": {"Usage(%)": 0.036591}, "ph": "C"}, {"name": "Memory Usage", "ts": 1716620727757139.0, "pid": 315221264, "tid": 0, "args": {"Usage(%)": 0.036591}, "ph": "C"}, {"name": "Memory Usage", "ts": 1716620727777643.2, "pid": 315221264, "tid": 0, "args": {"Usage(%)": 0.036591}, "ph": "C"}, {"name": "Memory Usage", "ts": 1716620727798094.2, "pid": 315221264, "tid": 0, "args": {"Usage(%)": 0.036591}, "ph": "C"}, {"name": "Memory Usage", "ts": 1716620727818619.5, "pid": 315221264, "tid": 0, "args": {"Usage(%)": 0.036591}, "ph": "C"}, {"name": "Memory Usage", "ts": 1716620727839081.2, "pid": 315221264, "tid": 0, "args": {"Usage(%)": 0.036591}, "ph": "C"}, {"name": "Memory Usage", "ts": 1716620727859545.5, "pid": 315221264, "tid": 0, "args": {"Usage(%)": 0.036591}, "ph": "C"}, {"name": "Memory Usage", "ts": 1716620727880017.8, "pid": 315221264, "tid": 0, "args": {"Usage(%)": 0.036591}, "ph": "C"}, {"name": "Memory Usage", "ts": 1716620727900779.2, "pid": 315221264, "tid": 0, "args": {"Usage(%)": 0.036591}, "ph": "C"}, {"name": "Memory Usage", "ts": 1716620727921383.5, "pid": 315221264, "tid": 0, "args": {"Usage(%)": 0.036591}, "ph": "C"}, {"name": "Memory Usage", "ts": 1716620727941869.2, "pid": 315221264, "tid": 0, "args": {"Usage(%)": 0.036591}, "ph": "C"}, {"name": "Memory Usage", "ts": 1716620727962459.5, "pid": 315221264, "tid": 0, "args": {"Usage(%)": 0.036591}, "ph": "C"}, {"name": "Memory Usage", "ts": 1716620727983142.8, "pid": 315221264, "tid": 0, "args": {"Usage(%)": 0.036591}, "ph": "C"}, {"name": "Memory Usage", "ts": 1716620728003802.2, "pid": 315221264, "tid": 0, "args": {"Usage(%)": 0.036591}, "ph": "C"}, {"name": "Memory Usage", "ts": 1716620728024408.0, "pid": 315221264, "tid": 0, "args": {"Usage(%)": 0.036591}, "ph": "C"}, {"name": "Memory Usage", "ts": 1716620728044993.2, "pid": 315221264, "tid": 0, "args": {"Usage(%)": 0.036591}, "ph": "C"}, {"name": "Memory Usage", "ts": 1716620728065568.2, "pid": 315221264, "tid": 0, "args": {"Usage(%)": 0.036591}, "ph": "C"}, {"name": "Memory Usage", "ts": 1716620728086049.8, "pid": 315221264, "tid": 0, "args": {"Usage(%)": 0.036591}, "ph": "C"}, {"name": "Memory Usage", "ts": 1716620728106516.5, "pid": 315221264, "tid": 0, "args": {"Usage(%)": 0.036591}, "ph": "C"}, {"name": "Memory Usage", "ts": 1716620728126977.0, "pid": 315221264, "tid": 0, "args": {"Usage(%)": 0.036591}, "ph": "C"}, {"name": "Memory Usage", "ts": 1716620728147476.8, "pid": 315221264, "tid": 0, "args": {"Usage(%)": 0.036591}, "ph": "C"}, {"name": "Memory Usage", "ts": 1716620728167992.8, "pid": 315221264, "tid": 0, "args": {"Usage(%)": 0.036591}, "ph": "C"}, {"name": "Memory Usage", "ts": 1716620728188506.8, "pid": 315221264, "tid": 0, "args": {"Usage(%)": 0.036591}, "ph": "C"}, {"name": "Memory Usage", "ts": 1716620728209004.5, "pid": 315221264, "tid": 0, "args": {"Usage(%)": 0.036591}, "ph": "C"}, {"name": "Memory Usage", "ts": 1716620728229475.2, "pid": 315221264, "tid": 0, "args": {"Usage(%)": 0.036591}, "ph": "C"}, {"name": "Memory Usage", "ts": 1716620728249911.0, "pid": 315221264, "tid": 0, "args": {"Usage(%)": 0.036591}, "ph": "C"}, {"name": "Memory Usage", "ts": 1716620728270387.8, "pid": 315221264, "tid": 0, "args": {"Usage(%)": 0.036591}, "ph": "C"}, {"name": "Memory Usage", "ts": 1716620728290908.5, "pid": 315221264, "tid": 0, "args": {"Usage(%)": 0.036591}, "ph": "C"}, {"name": "Memory Usage", "ts": 1716620728311338.8, "pid": 315221264, "tid": 0, "args": {"Usage(%)": 0.036591}, "ph": "C"}, {"name": "Memory Usage", "ts": 1716620728331820.0, "pid": 315221264, "tid": 0, "args": {"Usage(%)": 0.036591}, "ph": "C"}, {"name": "Memory Usage", "ts": 1716620728352368.5, "pid": 315221264, "tid": 0, "args": {"Usage(%)": 0.036591}, "ph": "C"}, {"name": "Memory Usage", "ts": 1716620728372884.2, "pid": 315221264, "tid": 0, "args": {"Usage(%)": 0.036591}, "ph": "C"}, {"name": "Memory Usage", "ts": 1716620728393466.5, "pid": 315221264, "tid": 0, "args": {"Usage(%)": 0.036591}, "ph": "C"}, {"name": "Memory Usage", "ts": 1716620728414079.8, "pid": 315221264, "tid": 0, "args": {"Usage(%)": 0.036591}, "ph": "C"}, {"name": "Memory Usage", "ts": 1716620728434630.8, "pid": 315221264, "tid": 0, "args": {"Usage(%)": 0.036591}, "ph": "C"}, {"name": "Memory Usage", "ts": 1716620728455214.5, "pid": 315221264, "tid": 0, "args": {"Usage(%)": 0.036591}, "ph": "C"}, {"name": "Memory Usage", "ts": 1716620728475731.2, "pid": 315221264, "tid": 0, "args": {"Usage(%)": 0.036591}, "ph": "C"}, {"name": "Memory Usage", "ts": 1716620728496280.0, "pid": 315221264, "tid": 0, "args": {"Usage(%)": 0.036591}, "ph": "C"}, {"name": "Memory Usage", "ts": 1716620728516841.5, "pid": 315221264, "tid": 0, "args": {"Usage(%)": 0.036591}, "ph": "C"}, {"name": "Memory Usage", "ts": 1716620728537337.0, "pid": 315221264, "tid": 0, "args": {"Usage(%)": 0.036591}, "ph": "C"}, {"name": "Memory Usage", "ts": 1716620728557832.8, "pid": 315221264, "tid": 0, "args": {"Usage(%)": 0.036591}, "ph": "C"}, {"name": "Memory Usage", "ts": 1716620728578313.8, "pid": 315221264, "tid": 0, "args": {"Usage(%)": 0.036591}, "ph": "C"}, {"name": "Memory Usage", "ts": 1716620728598805.2, "pid": 315221264, "tid": 0, "args": {"Usage(%)": 0.036591}, "ph": "C"}, {"name": "Memory Usage", "ts": 1716620728619276.0, "pid": 315221264, "tid": 0, "args": {"Usage(%)": 0.036591}, "ph": "C"}, {"name": "Memory Usage", "ts": 1716620728639776.2, "pid": 315221264, "tid": 0, "args": {"Usage(%)": 0.036591}, "ph": "C"}, {"name": "Memory Usage", "ts": 1716620728660239.2, "pid": 315221264, "tid": 0, "args": {"Usage(%)": 0.036591}, "ph": "C"}, {"name": "Memory Usage", "ts": 1716620728680732.5, "pid": 315221264, "tid": 0, "args": {"Usage(%)": 0.036591}, "ph": "C"}, {"name": "Memory Usage", "ts": 1716620728701194.0, "pid": 315221264, "tid": 0, "args": {"Usage(%)": 0.036591}, "ph": "C"}, {"name": "Memory Usage", "ts": 1716620728721697.8, "pid": 315221264, "tid": 0, "args": {"Usage(%)": 0.036591}, "ph": "C"}, {"name": "Memory Usage", "ts": 1716620728742208.8, "pid": 315221264, "tid": 0, "args": {"Usage(%)": 0.036591}, "ph": "C"}, {"name": "Memory Usage", "ts": 1716620728762836.0, "pid": 315221264, "tid": 0, "args": {"Usage(%)": 0.036591}, "ph": "C"}, {"name": "Memory Usage", "ts": 1716620728783446.0, "pid": 315221264, "tid": 0, "args": {"Usage(%)": 0.036591}, "ph": "C"}, {"name": "Memory Usage", "ts": 1716620728803955.8, "pid": 315221264, "tid": 0, "args": {"Usage(%)": 0.036591}, "ph": "C"}, {"name": "Memory Usage", "ts": 1716620728824443.5, "pid": 315221264, "tid": 0, "args": {"Usage(%)": 0.036591}, "ph": "C"}, {"name": "Memory Usage", "ts": 1716620728844985.5, "pid": 315221264, "tid": 0, "args": {"Usage(%)": 0.036591}, "ph": "C"}, {"name": "Memory Usage", "ts": 1716620728865519.5, "pid": 315221264, "tid": 0, "args": {"Usage(%)": 0.036591}, "ph": "C"}, {"name": "Memory Usage", "ts": 1716620728886040.8, "pid": 315221264, "tid": 0, "args": {"Usage(%)": 0.036591}, "ph": "C"}, {"name": "Memory Usage", "ts": 1716620728906574.2, "pid": 315221264, "tid": 0, "args": {"Usage(%)": 0.036591}, "ph": "C"}, {"name": "Memory Usage", "ts": 1716620728927113.5, "pid": 315221264, "tid": 0, "args": {"Usage(%)": 0.036591}, "ph": "C"}, {"name": "Memory Usage", "ts": 1716620728947659.5, "pid": 315221264, "tid": 0, "args": {"Usage(%)": 0.036591}, "ph": "C"}, {"name": "Memory Usage", "ts": 1716620728968182.0, "pid": 315221264, "tid": 0, "args": {"Usage(%)": 0.036591}, "ph": "C"}, {"name": "Memory Usage", "ts": 1716620728988658.0, "pid": 315221264, "tid": 0, "args": {"Usage(%)": 0.036591}, "ph": "C"}, {"name": "Memory Usage", "ts": 1716620729009127.0, "pid": 315221264, "tid": 0, "args": {"Usage(%)": 0.036591}, "ph": "C"}, {"name": "Memory Usage", "ts": 1716620729029695.5, "pid": 315221264, "tid": 0, "args": {"Usage(%)": 0.036591}, "ph": "C"}, {"name": "Memory Usage", "ts": 1716620729050159.2, "pid": 315221264, "tid": 0, "args": {"Usage(%)": 0.036591}, "ph": "C"}, {"name": "Memory Usage", "ts": 1716620729070646.0, "pid": 315221264, "tid": 0, "args": {"Usage(%)": 0.036591}, "ph": "C"}, {"name": "Memory Usage", "ts": 1716620729091159.2, "pid": 315221264, "tid": 0, "args": {"Usage(%)": 0.036591}, "ph": "C"}, {"name": "Memory Usage", "ts": 1716620729111657.2, "pid": 315221264, "tid": 0, "args": {"Usage(%)": 0.036591}, "ph": "C"}, {"name": "Memory Usage", "ts": 1716620729132266.5, "pid": 315221264, "tid": 0, "args": {"Usage(%)": 0.036591}, "ph": "C"}, {"name": "Memory Usage", "ts": 1716620729152885.5, "pid": 315221264, "tid": 0, "args": {"Usage(%)": 0.036591}, "ph": "C"}, {"name": "Memory Usage", "ts": 1716620729173375.5, "pid": 315221264, "tid": 0, "args": {"Usage(%)": 0.036591}, "ph": "C"}, {"name": "Memory Usage", "ts": 1716620729193861.8, "pid": 315221264, "tid": 0, "args": {"Usage(%)": 0.036591}, "ph": "C"}, {"name": "Memory Usage", "ts": 1716620729214364.8, "pid": 315221264, "tid": 0, "args": {"Usage(%)": 0.036591}, "ph": "C"}, {"name": "Memory Usage", "ts": 1716620729234876.2, "pid": 315221264, "tid": 0, "args": {"Usage(%)": 0.036591}, "ph": "C"}, {"name": "Memory Usage", "ts": 1716620729255394.0, "pid": 315221264, "tid": 0, "args": {"Usage(%)": 0.036591}, "ph": "C"}, {"name": "Memory Usage", "ts": 1716620729275861.2, "pid": 315221264, "tid": 0, "args": {"Usage(%)": 0.036591}, "ph": "C"}, {"name": "Memory Usage", "ts": 1716620729296361.2, "pid": 315221264, "tid": 0, "args": {"Usage(%)": 0.036591}, "ph": "C"}, {"name": "Memory Usage", "ts": 1716620729316995.5, "pid": 315221264, "tid": 0, "args": {"Usage(%)": 0.036591}, "ph": "C"}, {"name": "Memory Usage", "ts": 1716620729337541.5, "pid": 315221264, "tid": 0, "args": {"Usage(%)": 0.036591}, "ph": "C"}, {"name": "Memory Usage", "ts": 1716620729358063.2, "pid": 315221264, "tid": 0, "args": {"Usage(%)": 0.036591}, "ph": "C"}, {"name": "Memory Usage", "ts": 1716620729378560.2, "pid": 315221264, "tid": 0, "args": {"Usage(%)": 0.036591}, "ph": "C"}, {"name": "Memory Usage", "ts": 1716620729399055.8, "pid": 315221264, "tid": 0, "args": {"Usage(%)": 0.036591}, "ph": "C"}, {"name": "Memory Usage", "ts": 1716620729419551.2, "pid": 315221264, "tid": 0, "args": {"Usage(%)": 0.036591}, "ph": "C"}, {"name": "Memory Usage", "ts": 1716620729440066.5, "pid": 315221264, "tid": 0, "args": {"Usage(%)": 0.036591}, "ph": "C"}, {"name": "Memory Usage", "ts": 1716620729460555.8, "pid": 315221264, "tid": 0, "args": {"Usage(%)": 0.036591}, "ph": "C"}, {"name": "Memory Usage", "ts": 1716620729481063.0, "pid": 315221264, "tid": 0, "args": {"Usage(%)": 0.036591}, "ph": "C"}, {"name": "Memory Usage", "ts": 1716620729501546.8, "pid": 315221264, "tid": 0, "args": {"Usage(%)": 0.036591}, "ph": "C"}, {"name": "Memory Usage", "ts": 1716620729522093.0, "pid": 315221264, "tid": 0, "args": {"Usage(%)": 0.036591}, "ph": "C"}, {"name": "Memory Usage", "ts": 1716620729542557.0, "pid": 315221264, "tid": 0, "args": {"Usage(%)": 0.036591}, "ph": "C"}, {"name": "Memory Usage", "ts": 1716620729563048.5, "pid": 315221264, "tid": 0, "args": {"Usage(%)": 0.036591}, "ph": "C"}, {"name": "Memory Usage", "ts": 1716620729583604.8, "pid": 315221264, "tid": 0, "args": {"Usage(%)": 0.036591}, "ph": "C"}, {"name": "Memory Usage", "ts": 1716620729604153.5, "pid": 315221264, "tid": 0, "args": {"Usage(%)": 0.036591}, "ph": "C"}, {"name": "Memory Usage", "ts": 1716620729624687.2, "pid": 315221264, "tid": 0, "args": {"Usage(%)": 0.036591}, "ph": "C"}, {"name": "Memory Usage", "ts": 1716620729645200.5, "pid": 315221264, "tid": 0, "args": {"Usage(%)": 0.036591}, "ph": "C"}, {"name": "Memory Usage", "ts": 1716620729665715.8, "pid": 315221264, "tid": 0, "args": {"Usage(%)": 0.036591}, "ph": "C"}, {"name": "Memory Usage", "ts": 1716620729686254.5, "pid": 315221264, "tid": 0, "args": {"Usage(%)": 0.036591}, "ph": "C"}, {"name": "Memory Usage", "ts": 1716620729706805.0, "pid": 315221264, "tid": 0, "args": {"Usage(%)": 0.036591}, "ph": "C"}, {"name": "Memory Usage", "ts": 1716620729727321.0, "pid": 315221264, "tid": 0, "args": {"Usage(%)": 0.036591}, "ph": "C"}, {"name": "Memory Usage", "ts": 1716620729747767.5, "pid": 315221264, "tid": 0, "args": {"Usage(%)": 0.036591}, "ph": "C"}, {"name": "Memory Usage", "ts": 1716620729768265.5, "pid": 315221264, "tid": 0, "args": {"Usage(%)": 0.036591}, "ph": "C"}, {"name": "Memory Usage", "ts": 1716620729788749.0, "pid": 315221264, "tid": 0, "args": {"Usage(%)": 0.036591}, "ph": "C"}, {"name": "Memory Usage", "ts": 1716620729809291.0, "pid": 315221264, "tid": 0, "args": {"Usage(%)": 0.036591}, "ph": "C"}, {"name": "Memory Usage", "ts": 1716620729829742.0, "pid": 315221264, "tid": 0, "args": {"Usage(%)": 0.036591}, "ph": "C"}, {"name": "Memory Usage", "ts": 1716620729850231.5, "pid": 315221264, "tid": 0, "args": {"Usage(%)": 0.036591}, "ph": "C"}, {"name": "Memory Usage", "ts": 1716620729870748.8, "pid": 315221264, "tid": 0, "args": {"Usage(%)": 0.036591}, "ph": "C"}, {"name": "Memory Usage", "ts": 1716620729891263.8, "pid": 315221264, "tid": 0, "args": {"Usage(%)": 0.036591}, "ph": "C"}, {"name": "Memory Usage", "ts": 1716620729911764.2, "pid": 315221264, "tid": 0, "args": {"Usage(%)": 0.036591}, "ph": "C"}, {"name": "Memory Usage", "ts": 1716620729932240.5, "pid": 315221264, "tid": 0, "args": {"Usage(%)": 0.036591}, "ph": "C"}, {"name": "Memory Usage", "ts": 1716620729952729.8, "pid": 315221264, "tid": 0, "args": {"Usage(%)": 0.036591}, "ph": "C"}, {"name": "Memory Usage", "ts": 1716620729973225.8, "pid": 315221264, "tid": 0, "args": {"Usage(%)": 0.036591}, "ph": "C"}, {"name": "Memory Usage", "ts": 1716620729993726.8, "pid": 315221264, "tid": 0, "args": {"Usage(%)": 0.036591}, "ph": "C"}, {"name": "Memory Usage", "ts": 1716620730014219.2, "pid": 315221264, "tid": 0, "args": {"Usage(%)": 0.036591}, "ph": "C"}, {"name": "Memory Usage", "ts": 1716620730034738.0, "pid": 315221264, "tid": 0, "args": {"Usage(%)": 0.036591}, "ph": "C"}, {"name": "Memory Usage", "ts": 1716620730055282.8, "pid": 315221264, "tid": 0, "args": {"Usage(%)": 0.036591}, "ph": "C"}, {"name": "Memory Usage", "ts": 1716620730075826.5, "pid": 315221264, "tid": 0, "args": {"Usage(%)": 0.036591}, "ph": "C"}, {"name": "Memory Usage", "ts": 1716620730096319.8, "pid": 315221264, "tid": 0, "args": {"Usage(%)": 0.036591}, "ph": "C"}, {"name": "Memory Usage", "ts": 1716620730116747.2, "pid": 315221264, "tid": 0, "args": {"Usage(%)": 0.036591}, "ph": "C"}, {"name": "Memory Usage", "ts": 1716620730137232.2, "pid": 315221264, "tid": 0, "args": {"Usage(%)": 0.036591}, "ph": "C"}, {"name": "Memory Usage", "ts": 1716620730157767.8, "pid": 315221264, "tid": 0, "args": {"Usage(%)": 0.036591}, "ph": "C"}, {"name": "Memory Usage", "ts": 1716620730178285.5, "pid": 315221264, "tid": 0, "args": {"Usage(%)": 0.036591}, "ph": "C"}, {"name": "Memory Usage", "ts": 1716620730198784.5, "pid": 315221264, "tid": 0, "args": {"Usage(%)": 0.036591}, "ph": "C"}, {"name": "Memory Usage", "ts": 1716620730219396.5, "pid": 315221264, "tid": 0, "args": {"Usage(%)": 0.036591}, "ph": "C"}, {"name": "Memory Usage", "ts": 1716620730239904.5, "pid": 315221264, "tid": 0, "args": {"Usage(%)": 0.036591}, "ph": "C"}, {"name": "Memory Usage", "ts": 1716620730260441.8, "pid": 315221264, "tid": 0, "args": {"Usage(%)": 0.036591}, "ph": "C"}, {"name": "Memory Usage", "ts": 1716620730280923.0, "pid": 315221264, "tid": 0, "args": {"Usage(%)": 0.036591}, "ph": "C"}, {"name": "Memory Usage", "ts": 1716620730301374.5, "pid": 315221264, "tid": 0, "args": {"Usage(%)": 0.036591}, "ph": "C"}, {"name": "Memory Usage", "ts": 1716620730321874.5, "pid": 315221264, "tid": 0, "args": {"Usage(%)": 0.036591}, "ph": "C"}, {"name": "Memory Usage", "ts": 1716620730342373.8, "pid": 315221264, "tid": 0, "args": {"Usage(%)": 0.036591}, "ph": "C"}, {"name": "Memory Usage", "ts": 1716620730362921.0, "pid": 315221264, "tid": 0, "args": {"Usage(%)": 0.036591}, "ph": "C"}, {"name": "Memory Usage", "ts": 1716620730383476.8, "pid": 315221264, "tid": 0, "args": {"Usage(%)": 0.036591}, "ph": "C"}, {"name": "Memory Usage", "ts": 1716620730403961.0, "pid": 315221264, "tid": 0, "args": {"Usage(%)": 0.036594}, "ph": "C"}, {"name": "Memory Usage", "ts": 1716620730424497.5, "pid": 315221264, "tid": 0, "args": {"Usage(%)": 0.036594}, "ph": "C"}, {"name": "Memory Usage", "ts": 1716620730445034.8, "pid": 315221264, "tid": 0, "args": {"Usage(%)": 0.036594}, "ph": "C"}, {"name": "Memory Usage", "ts": 1716620730465468.8, "pid": 315221264, "tid": 0, "args": {"Usage(%)": 0.036594}, "ph": "C"}, {"name": "Memory Usage", "ts": 1716620730485827.0, "pid": 315221264, "tid": 0, "args": {"Usage(%)": 0.036594}, "ph": "C"}, {"name": "Memory Usage", "ts": 1716620730506228.0, "pid": 315221264, "tid": 0, "args": {"Usage(%)": 0.036594}, "ph": "C"}, {"name": "Memory Usage", "ts": 1716620730526677.8, "pid": 315221264, "tid": 0, "args": {"Usage(%)": 0.036594}, "ph": "C"}, {"name": "Memory Usage", "ts": 1716620730547128.0, "pid": 315221264, "tid": 0, "args": {"Usage(%)": 0.036594}, "ph": "C"}, {"name": "Memory Usage", "ts": 1716620730567541.8, "pid": 315221264, "tid": 0, "args": {"Usage(%)": 0.036595}, "ph": "C"}, {"name": "Memory Usage", "ts": 1716620730587976.8, "pid": 315221264, "tid": 0, "args": {"Usage(%)": 0.037479}, "ph": "C"}, {"name": "Memory Usage", "ts": 1716620730608393.8, "pid": 315221264, "tid": 0, "args": {"Usage(%)": 0.037479}, "ph": "C"}, {"name": "Memory Usage", "ts": 1716620730628772.2, "pid": 315221264, "tid": 0, "args": {"Usage(%)": 0.037479}, "ph": "C"}, {"name": "Memory Usage", "ts": 1716620730649208.2, "pid": 315221264, "tid": 0, "args": {"Usage(%)": 0.037479}, "ph": "C"}, {"name": "Memory Usage", "ts": 1716620730669537.8, "pid": 315221264, "tid": 0, "args": {"Usage(%)": 0.037479}, "ph": "C"}, {"name": "Memory Usage", "ts": 1716620730689936.8, "pid": 315221264, "tid": 0, "args": {"Usage(%)": 0.037479}, "ph": "C"}, {"name": "Memory Usage", "ts": 1716620730710357.0, "pid": 315221264, "tid": 0, "args": {"Usage(%)": 0.037479}, "ph": "C"}, {"name": "Memory Usage", "ts": 1716620730730731.5, "pid": 315221264, "tid": 0, "args": {"Usage(%)": 0.037479}, "ph": "C"}, {"name": "Memory Usage", "ts": 1716620730751151.8, "pid": 315221264, "tid": 0, "args": {"Usage(%)": 0.037479}, "ph": "C"}, {"name": "Memory Usage", "ts": 1716620730771557.5, "pid": 315221264, "tid": 0, "args": {"Usage(%)": 0.037479}, "ph": "C"}, {"name": "Memory Usage", "ts": 1716620730791935.8, "pid": 315221264, "tid": 0, "args": {"Usage(%)": 0.037479}, "ph": "C"}, {"name": "Memory Usage", "ts": 1716620730812342.2, "pid": 315221264, "tid": 0, "args": {"Usage(%)": 0.037479}, "ph": "C"}, {"name": "Memory Usage", "ts": 1716620730832777.5, "pid": 315221264, "tid": 0, "args": {"Usage(%)": 0.037479}, "ph": "C"}, {"name": "Memory Usage", "ts": 1716620730853204.0, "pid": 315221264, "tid": 0, "args": {"Usage(%)": 0.037479}, "ph": "C"}, {"name": "Memory Usage", "ts": 1716620730873648.0, "pid": 315221264, "tid": 0, "args": {"Usage(%)": 0.037479}, "ph": "C"}, {"name": "Memory Usage", "ts": 1716620730894056.8, "pid": 315221264, "tid": 0, "args": {"Usage(%)": 0.037479}, "ph": "C"}, {"name": "Memory Usage", "ts": 1716620730914482.2, "pid": 315221264, "tid": 0, "args": {"Usage(%)": 0.037483}, "ph": "C"}, {"name": "Memory Usage", "ts": 1716620730934968.5, "pid": 315221264, "tid": 0, "args": {"Usage(%)": 0.037483}, "ph": "C"}, {"name": "Memory Usage", "ts": 1716620730955338.0, "pid": 315221264, "tid": 0, "args": {"Usage(%)": 0.037483}, "ph": "C"}, {"name": "Memory Usage", "ts": 1716620730975745.8, "pid": 315221264, "tid": 0, "args": {"Usage(%)": 0.037483}, "ph": "C"}, {"name": "Memory Usage", "ts": 1716620730996185.8, "pid": 315221264, "tid": 0, "args": {"Usage(%)": 0.037483}, "ph": "C"}, {"name": "Memory Usage", "ts": 1716620731016614.8, "pid": 315221264, "tid": 0, "args": {"Usage(%)": 0.03754}, "ph": "C"}, {"name": "Memory Usage", "ts": 1716620731037107.8, "pid": 315221264, "tid": 0, "args": {"Usage(%)": 0.03754}, "ph": "C"}, {"name": "Memory Usage", "ts": 1716620731057521.5, "pid": 315221264, "tid": 0, "args": {"Usage(%)": 0.03754}, "ph": "C"}, {"name": "Memory Usage", "ts": 1716620731077978.8, "pid": 315221264, "tid": 0, "args": {"Usage(%)": 0.03754}, "ph": "C"}, {"name": "Memory Usage", "ts": 1716620731098403.2, "pid": 315221264, "tid": 0, "args": {"Usage(%)": 0.03754}, "ph": "C"}, {"name": "Memory Usage", "ts": 1716620731118831.2, "pid": 315221264, "tid": 0, "args": {"Usage(%)": 0.03754}, "ph": "C"}, {"name": "Memory Usage", "ts": 1716620731139266.5, "pid": 315221264, "tid": 0, "args": {"Usage(%)": 0.03754}, "ph": "C"}, {"name": "Memory Usage", "ts": 1716620731159681.8, "pid": 315221264, "tid": 0, "args": {"Usage(%)": 0.03754}, "ph": "C"}, {"name": "Memory Usage", "ts": 1716620731180093.8, "pid": 315221264, "tid": 0, "args": {"Usage(%)": 0.03754}, "ph": "C"}, {"name": "Memory Usage", "ts": 1716620731200506.5, "pid": 315221264, "tid": 0, "args": {"Usage(%)": 0.03754}, "ph": "C"}, {"name": "Memory Usage", "ts": 1716620731220962.0, "pid": 315221264, "tid": 0, "args": {"Usage(%)": 0.03754}, "ph": "C"}, {"name": "Memory Usage", "ts": 1716620731241341.2, "pid": 315221264, "tid": 0, "args": {"Usage(%)": 0.03754}, "ph": "C"}, {"name": "Memory Usage", "ts": 1716620731261779.8, "pid": 315221264, "tid": 0, "args": {"Usage(%)": 0.03754}, "ph": "C"}, {"name": "Memory Usage", "ts": 1716620731282216.5, "pid": 315221264, "tid": 0, "args": {"Usage(%)": 0.03754}, "ph": "C"}, {"name": "Memory Usage", "ts": 1716620731302626.8, "pid": 315221264, "tid": 0, "args": {"Usage(%)": 0.03754}, "ph": "C"}, {"name": "Memory Usage", "ts": 1716620731323066.0, "pid": 315221264, "tid": 0, "args": {"Usage(%)": 0.03754}, "ph": "C"}, {"name": "Memory Usage", "ts": 1716620731343465.5, "pid": 315221264, "tid": 0, "args": {"Usage(%)": 0.03754}, "ph": "C"}, {"name": "Memory Usage", "ts": 1716620731363880.5, "pid": 315221264, "tid": 0, "args": {"Usage(%)": 0.03754}, "ph": "C"}, {"name": "Memory Usage", "ts": 1716620731384331.2, "pid": 315221264, "tid": 0, "args": {"Usage(%)": 0.03754}, "ph": "C"}, {"name": "Memory Usage", "ts": 1716620731404733.0, "pid": 315221264, "tid": 0, "args": {"Usage(%)": 0.03754}, "ph": "C"}, {"name": "Memory Usage", "ts": 1716620731425115.8, "pid": 315221264, "tid": 0, "args": {"Usage(%)": 0.03754}, "ph": "C"}, {"name": "Memory Usage", "ts": 1716620731445597.2, "pid": 315221264, "tid": 0, "args": {"Usage(%)": 0.03754}, "ph": "C"}, {"name": "Memory Usage", "ts": 1716620731466013.2, "pid": 315221264, "tid": 0, "args": {"Usage(%)": 0.03754}, "ph": "C"}, {"name": "Memory Usage", "ts": 1716620731486422.2, "pid": 315221264, "tid": 0, "args": {"Usage(%)": 0.03754}, "ph": "C"}, {"name": "Memory Usage", "ts": 1716620731506874.2, "pid": 315221264, "tid": 0, "args": {"Usage(%)": 0.03754}, "ph": "C"}, {"name": "Memory Usage", "ts": 1716620731527261.0, "pid": 315221264, "tid": 0, "args": {"Usage(%)": 0.03754}, "ph": "C"}, {"name": "Memory Usage", "ts": 1716620731547735.0, "pid": 315221264, "tid": 0, "args": {"Usage(%)": 0.03754}, "ph": "C"}, {"name": "Memory Usage", "ts": 1716620731568131.2, "pid": 315221264, "tid": 0, "args": {"Usage(%)": 0.03754}, "ph": "C"}, {"name": "Memory Usage", "ts": 1716620731588614.5, "pid": 315221264, "tid": 0, "args": {"Usage(%)": 0.03754}, "ph": "C"}, {"name": "Memory Usage", "ts": 1716620731609035.5, "pid": 315221264, "tid": 0, "args": {"Usage(%)": 0.03754}, "ph": "C"}, {"name": "Memory Usage", "ts": 1716620731629426.8, "pid": 315221264, "tid": 0, "args": {"Usage(%)": 0.03754}, "ph": "C"}, {"name": "Memory Usage", "ts": 1716620731649852.5, "pid": 315221264, "tid": 0, "args": {"Usage(%)": 0.03754}, "ph": "C"}, {"name": "Memory Usage", "ts": 1716620731670390.8, "pid": 315221264, "tid": 0, "args": {"Usage(%)": 0.03754}, "ph": "C"}, {"name": "Memory Usage", "ts": 1716620731690846.0, "pid": 315221264, "tid": 0, "args": {"Usage(%)": 0.03754}, "ph": "C"}, {"name": "Memory Usage", "ts": 1716620731711272.2, "pid": 315221264, "tid": 0, "args": {"Usage(%)": 0.03754}, "ph": "C"}, {"name": "Memory Usage", "ts": 1716620731731672.5, "pid": 315221264, "tid": 0, "args": {"Usage(%)": 0.03754}, "ph": "C"}, {"name": "Memory Usage", "ts": 1716620731752089.5, "pid": 315221264, "tid": 0, "args": {"Usage(%)": 0.03754}, "ph": "C"}, {"name": "Memory Usage", "ts": 1716620731772504.8, "pid": 315221264, "tid": 0, "args": {"Usage(%)": 0.03754}, "ph": "C"}, {"name": "Memory Usage", "ts": 1716620731792873.2, "pid": 315221264, "tid": 0, "args": {"Usage(%)": 0.03754}, "ph": "C"}, {"name": "Memory Usage", "ts": 1716620731813237.8, "pid": 315221264, "tid": 0, "args": {"Usage(%)": 0.03754}, "ph": "C"}, {"name": "Memory Usage", "ts": 1716620731833649.2, "pid": 315221264, "tid": 0, "args": {"Usage(%)": 0.03754}, "ph": "C"}, {"name": "Memory Usage", "ts": 1716620731854056.0, "pid": 315221264, "tid": 0, "args": {"Usage(%)": 0.03754}, "ph": "C"}, {"name": "Memory Usage", "ts": 1716620731874514.0, "pid": 315221264, "tid": 0, "args": {"Usage(%)": 0.03754}, "ph": "C"}, {"name": "Memory Usage", "ts": 1716620731894930.8, "pid": 315221264, "tid": 0, "args": {"Usage(%)": 0.03754}, "ph": "C"}, {"name": "Memory Usage", "ts": 1716620731915331.0, "pid": 315221264, "tid": 0, "args": {"Usage(%)": 0.03754}, "ph": "C"}, {"name": "Memory Usage", "ts": 1716620731935771.0, "pid": 315221264, "tid": 0, "args": {"Usage(%)": 0.03754}, "ph": "C"}, {"name": "Memory Usage", "ts": 1716620731956197.5, "pid": 315221264, "tid": 0, "args": {"Usage(%)": 0.03754}, "ph": "C"}, {"name": "Memory Usage", "ts": 1716620731976611.5, "pid": 315221264, "tid": 0, "args": {"Usage(%)": 0.03754}, "ph": "C"}, {"name": "Memory Usage", "ts": 1716620731997044.2, "pid": 315221264, "tid": 0, "args": {"Usage(%)": 0.03754}, "ph": "C"}, {"name": "Memory Usage", "ts": 1716620732017445.0, "pid": 315221264, "tid": 0, "args": {"Usage(%)": 0.03754}, "ph": "C"}, {"name": "Memory Usage", "ts": 1716620732037887.8, "pid": 315221264, "tid": 0, "args": {"Usage(%)": 0.03754}, "ph": "C"}, {"name": "Memory Usage", "ts": 1716620732058324.2, "pid": 315221264, "tid": 0, "args": {"Usage(%)": 0.03754}, "ph": "C"}, {"name": "Memory Usage", "ts": 1716620732078828.5, "pid": 315221264, "tid": 0, "args": {"Usage(%)": 0.03754}, "ph": "C"}, {"name": "Memory Usage", "ts": 1716620732099260.0, "pid": 315221264, "tid": 0, "args": {"Usage(%)": 0.03754}, "ph": "C"}, {"name": "Memory Usage", "ts": 1716620732119683.2, "pid": 315221264, "tid": 0, "args": {"Usage(%)": 0.03754}, "ph": "C"}, {"name": "Memory Usage", "ts": 1716620732140095.0, "pid": 315221264, "tid": 0, "args": {"Usage(%)": 0.03754}, "ph": "C"}, {"name": "Memory Usage", "ts": 1716620732160483.2, "pid": 315221264, "tid": 0, "args": {"Usage(%)": 0.03754}, "ph": "C"}, {"name": "Memory Usage", "ts": 1716620732180850.0, "pid": 315221264, "tid": 0, "args": {"Usage(%)": 0.03754}, "ph": "C"}, {"name": "Memory Usage", "ts": 1716620732201251.0, "pid": 315221264, "tid": 0, "args": {"Usage(%)": 0.03754}, "ph": "C"}, {"name": "Memory Usage", "ts": 1716620732221684.5, "pid": 315221264, "tid": 0, "args": {"Usage(%)": 0.03754}, "ph": "C"}, {"name": "Memory Usage", "ts": 1716620732242085.5, "pid": 315221264, "tid": 0, "args": {"Usage(%)": 0.03754}, "ph": "C"}, {"name": "Memory Usage", "ts": 1716620732262492.5, "pid": 315221264, "tid": 0, "args": {"Usage(%)": 0.03754}, "ph": "C"}, {"name": "Memory Usage", "ts": 1716620732282943.5, "pid": 315221264, "tid": 0, "args": {"Usage(%)": 0.03754}, "ph": "C"}, {"name": "Memory Usage", "ts": 1716620732303330.0, "pid": 315221264, "tid": 0, "args": {"Usage(%)": 0.03754}, "ph": "C"}, {"name": "Memory Usage", "ts": 1716620732323774.5, "pid": 315221264, "tid": 0, "args": {"Usage(%)": 0.03754}, "ph": "C"}, {"name": "Memory Usage", "ts": 1716620732344183.8, "pid": 315221264, "tid": 0, "args": {"Usage(%)": 0.03754}, "ph": "C"}, {"name": "Memory Usage", "ts": 1716620732364558.5, "pid": 315221264, "tid": 0, "args": {"Usage(%)": 0.03754}, "ph": "C"}, {"name": "Memory Usage", "ts": 1716620732385143.2, "pid": 315221264, "tid": 0, "args": {"Usage(%)": 0.03754}, "ph": "C"}, {"name": "Memory Usage", "ts": 1716620732405577.0, "pid": 315221264, "tid": 0, "args": {"Usage(%)": 0.03754}, "ph": "C"}, {"name": "Memory Usage", "ts": 1716620732425986.8, "pid": 315221264, "tid": 0, "args": {"Usage(%)": 0.03754}, "ph": "C"}, {"name": "Memory Usage", "ts": 1716620732446473.2, "pid": 315221264, "tid": 0, "args": {"Usage(%)": 0.03754}, "ph": "C"}, {"name": "Memory Usage", "ts": 1716620732467133.2, "pid": 315221264, "tid": 0, "args": {"Usage(%)": 0.03754}, "ph": "C"}, {"name": "Memory Usage", "ts": 1716620732487748.0, "pid": 315221264, "tid": 0, "args": {"Usage(%)": 0.03754}, "ph": "C"}, {"name": "Memory Usage", "ts": 1716620732508233.8, "pid": 315221264, "tid": 0, "args": {"Usage(%)": 0.03754}, "ph": "C"}, {"name": "Memory Usage", "ts": 1716620732528668.5, "pid": 315221264, "tid": 0, "args": {"Usage(%)": 0.03754}, "ph": "C"}, {"name": "Memory Usage", "ts": 1716620732549110.5, "pid": 315221264, "tid": 0, "args": {"Usage(%)": 0.03754}, "ph": "C"}, {"name": "Memory Usage", "ts": 1716620732569534.2, "pid": 315221264, "tid": 0, "args": {"Usage(%)": 0.03754}, "ph": "C"}, {"name": "Memory Usage", "ts": 1716620732590013.0, "pid": 315221264, "tid": 0, "args": {"Usage(%)": 0.03754}, "ph": "C"}, {"name": "Memory Usage", "ts": 1716620732610455.2, "pid": 315221264, "tid": 0, "args": {"Usage(%)": 0.03754}, "ph": "C"}, {"name": "Memory Usage", "ts": 1716620732630894.0, "pid": 315221264, "tid": 0, "args": {"Usage(%)": 0.03754}, "ph": "C"}, {"name": "Memory Usage", "ts": 1716620732651332.5, "pid": 315221264, "tid": 0, "args": {"Usage(%)": 0.03754}, "ph": "C"}, {"name": "Memory Usage", "ts": 1716620732671758.2, "pid": 315221264, "tid": 0, "args": {"Usage(%)": 0.037555}, "ph": "C"}, {"name": "Memory Usage", "ts": 1716620732692166.2, "pid": 315221264, "tid": 0, "args": {"Usage(%)": 0.037555}, "ph": "C"}, {"name": "Memory Usage", "ts": 1716620732712576.2, "pid": 315221264, "tid": 0, "args": {"Usage(%)": 0.037555}, "ph": "C"}, {"name": "Memory Usage", "ts": 1716620732732963.0, "pid": 315221264, "tid": 0, "args": {"Usage(%)": 0.037555}, "ph": "C"}, {"name": "Memory Usage", "ts": 1716620732753340.2, "pid": 315221264, "tid": 0, "args": {"Usage(%)": 0.037555}, "ph": "C"}, {"name": "Memory Usage", "ts": 1716620732773732.2, "pid": 315221264, "tid": 0, "args": {"Usage(%)": 0.037555}, "ph": "C"}, {"name": "Memory Usage", "ts": 1716620732794116.8, "pid": 315221264, "tid": 0, "args": {"Usage(%)": 0.037555}, "ph": "C"}, {"name": "Memory Usage", "ts": 1716620732814588.5, "pid": 315221264, "tid": 0, "args": {"Usage(%)": 0.037555}, "ph": "C"}, {"name": "Memory Usage", "ts": 1716620732835016.0, "pid": 315221264, "tid": 0, "args": {"Usage(%)": 0.037555}, "ph": "C"}, {"name": "Memory Usage", "ts": 1716620732855442.2, "pid": 315221264, "tid": 0, "args": {"Usage(%)": 0.037555}, "ph": "C"}, {"name": "Memory Usage", "ts": 1716620732875935.5, "pid": 315221264, "tid": 0, "args": {"Usage(%)": 0.037555}, "ph": "C"}, {"name": "Memory Usage", "ts": 1716620732896392.8, "pid": 315221264, "tid": 0, "args": {"Usage(%)": 0.037555}, "ph": "C"}, {"name": "Memory Usage", "ts": 1716620732916873.2, "pid": 315221264, "tid": 0, "args": {"Usage(%)": 0.037555}, "ph": "C"}, {"name": "Memory Usage", "ts": 1716620732937315.5, "pid": 315221264, "tid": 0, "args": {"Usage(%)": 0.037555}, "ph": "C"}, {"name": "Memory Usage", "ts": 1716620732957820.8, "pid": 315221264, "tid": 0, "args": {"Usage(%)": 0.037555}, "ph": "C"}, {"name": "Memory Usage", "ts": 1716620732978358.0, "pid": 315221264, "tid": 0, "args": {"Usage(%)": 0.037555}, "ph": "C"}, {"name": "Memory Usage", "ts": 1716620732998925.2, "pid": 315221264, "tid": 0, "args": {"Usage(%)": 0.037555}, "ph": "C"}, {"name": "Memory Usage", "ts": 1716620733019508.0, "pid": 315221264, "tid": 0, "args": {"Usage(%)": 0.037555}, "ph": "C"}, {"name": "Memory Usage", "ts": 1716620733040098.2, "pid": 315221264, "tid": 0, "args": {"Usage(%)": 0.037561}, "ph": "C"}, {"name": "Memory Usage", "ts": 1716620733060578.5, "pid": 315221264, "tid": 0, "args": {"Usage(%)": 0.037561}, "ph": "C"}, {"name": "Memory Usage", "ts": 1716620733080996.0, "pid": 315221264, "tid": 0, "args": {"Usage(%)": 0.037561}, "ph": "C"}, {"name": "Memory Usage", "ts": 1716620733101432.5, "pid": 315221264, "tid": 0, "args": {"Usage(%)": 0.037561}, "ph": "C"}, {"name": "Memory Usage", "ts": 1716620733121832.2, "pid": 315221264, "tid": 0, "args": {"Usage(%)": 0.037561}, "ph": "C"}, {"name": "Memory Usage", "ts": 1716620733142318.2, "pid": 315221264, "tid": 0, "args": {"Usage(%)": 0.037561}, "ph": "C"}, {"name": "Memory Usage", "ts": 1716620733162750.5, "pid": 315221264, "tid": 0, "args": {"Usage(%)": 0.037561}, "ph": "C"}, {"name": "Memory Usage", "ts": 1716620733183210.8, "pid": 315221264, "tid": 0, "args": {"Usage(%)": 0.037561}, "ph": "C"}, {"name": "Memory Usage", "ts": 1716620733203710.2, "pid": 315221264, "tid": 0, "args": {"Usage(%)": 0.037561}, "ph": "C"}, {"name": "Memory Usage", "ts": 1716620733224071.5, "pid": 315221264, "tid": 0, "args": {"Usage(%)": 0.037561}, "ph": "C"}, {"name": "Memory Usage", "ts": 1716620733244514.0, "pid": 315221264, "tid": 0, "args": {"Usage(%)": 0.037561}, "ph": "C"}, {"name": "Memory Usage", "ts": 1716620733264973.2, "pid": 315221264, "tid": 0, "args": {"Usage(%)": 0.037561}, "ph": "C"}, {"name": "Memory Usage", "ts": 1716620733285429.5, "pid": 315221264, "tid": 0, "args": {"Usage(%)": 0.037561}, "ph": "C"}, {"name": "Memory Usage", "ts": 1716620733326382.2, "pid": 315221264, "tid": 0, "args": {"Usage(%)": 0.037561}, "ph": "C"}, {"name": "Memory Usage", "ts": 1716620733346866.2, "pid": 315221264, "tid": 0, "args": {"Usage(%)": 0.037561}, "ph": "C"}, {"name": "Memory Usage", "ts": 1716620733367316.8, "pid": 315221264, "tid": 0, "args": {"Usage(%)": 0.037561}, "ph": "C"}, {"name": "Memory Usage", "ts": 1716620733387808.5, "pid": 315221264, "tid": 0, "args": {"Usage(%)": 0.037561}, "ph": "C"}, {"name": "Memory Usage", "ts": 1716620733408248.5, "pid": 315221264, "tid": 0, "args": {"Usage(%)": 0.037561}, "ph": "C"}, {"name": "Memory Usage", "ts": 1716620733428711.2, "pid": 315221264, "tid": 0, "args": {"Usage(%)": 0.037561}, "ph": "C"}, {"name": "Memory Usage", "ts": 1716620733449194.2, "pid": 315221264, "tid": 0, "args": {"Usage(%)": 0.037561}, "ph": "C"}, {"name": "Memory Usage", "ts": 1716620733469606.2, "pid": 315221264, "tid": 0, "args": {"Usage(%)": 0.037561}, "ph": "C"}, {"name": "Memory Usage", "ts": 1716620733490035.2, "pid": 315221264, "tid": 0, "args": {"Usage(%)": 0.037573}, "ph": "C"}, {"name": "Memory Usage", "ts": 1716620733510485.5, "pid": 315221264, "tid": 0, "args": {"Usage(%)": 0.037573}, "ph": "C"}, {"name": "Memory Usage", "ts": 1716620733530932.8, "pid": 315221264, "tid": 0, "args": {"Usage(%)": 0.037573}, "ph": "C"}, {"name": "Memory Usage", "ts": 1716620733551411.2, "pid": 315221264, "tid": 0, "args": {"Usage(%)": 0.037573}, "ph": "C"}, {"name": "Memory Usage", "ts": 1716620733571884.8, "pid": 315221264, "tid": 0, "args": {"Usage(%)": 0.037573}, "ph": "C"}, {"name": "Memory Usage", "ts": 1716620733592326.2, "pid": 315221264, "tid": 0, "args": {"Usage(%)": 0.037573}, "ph": "C"}, {"name": "Memory Usage", "ts": 1716620733612857.0, "pid": 315221264, "tid": 0, "args": {"Usage(%)": 0.037573}, "ph": "C"}, {"name": "Memory Usage", "ts": 1716620733633337.8, "pid": 315221264, "tid": 0, "args": {"Usage(%)": 0.037573}, "ph": "C"}, {"name": "Memory Usage", "ts": 1716620733653836.8, "pid": 315221264, "tid": 0, "args": {"Usage(%)": 0.037573}, "ph": "C"}, {"name": "Memory Usage", "ts": 1716620733674355.8, "pid": 315221264, "tid": 0, "args": {"Usage(%)": 0.037573}, "ph": "C"}, {"name": "Memory Usage", "ts": 1716620733694846.8, "pid": 315221264, "tid": 0, "args": {"Usage(%)": 0.037573}, "ph": "C"}, {"name": "Memory Usage", "ts": 1716620733715319.0, "pid": 315221264, "tid": 0, "args": {"Usage(%)": 0.037573}, "ph": "C"}, {"name": "Memory Usage", "ts": 1716620733735754.2, "pid": 315221264, "tid": 0, "args": {"Usage(%)": 0.037573}, "ph": "C"}, {"name": "Memory Usage", "ts": 1716620733756228.5, "pid": 315221264, "tid": 0, "args": {"Usage(%)": 0.037573}, "ph": "C"}, {"name": "Memory Usage", "ts": 1716620733776641.8, "pid": 315221264, "tid": 0, "args": {"Usage(%)": 0.037573}, "ph": "C"}, {"name": "Memory Usage", "ts": 1716620733797076.0, "pid": 315221264, "tid": 0, "args": {"Usage(%)": 0.037573}, "ph": "C"}, {"name": "Memory Usage", "ts": 1716620733817562.5, "pid": 315221264, "tid": 0, "args": {"Usage(%)": 0.037573}, "ph": "C"}, {"name": "Memory Usage", "ts": 1716620733837966.0, "pid": 315221264, "tid": 0, "args": {"Usage(%)": 0.037573}, "ph": "C"}, {"name": "Memory Usage", "ts": 1716620733858409.8, "pid": 315221264, "tid": 0, "args": {"Usage(%)": 0.037573}, "ph": "C"}, {"name": "Memory Usage", "ts": 1716620733878933.0, "pid": 315221264, "tid": 0, "args": {"Usage(%)": 0.037573}, "ph": "C"}, {"name": "Memory Usage", "ts": 1716620733899382.5, "pid": 315221264, "tid": 0, "args": {"Usage(%)": 0.037573}, "ph": "C"}, {"name": "Memory Usage", "ts": 1716620733919813.5, "pid": 315221264, "tid": 0, "args": {"Usage(%)": 0.037573}, "ph": "C"}, {"name": "Memory Usage", "ts": 1716620733940322.2, "pid": 315221264, "tid": 0, "args": {"Usage(%)": 0.037573}, "ph": "C"}, {"name": "Memory Usage", "ts": 1716620733960790.2, "pid": 315221264, "tid": 0, "args": {"Usage(%)": 0.037573}, "ph": "C"}, {"name": "Memory Usage", "ts": 1716620733981173.5, "pid": 315221264, "tid": 0, "args": {"Usage(%)": 0.037573}, "ph": "C"}, {"name": "Memory Usage", "ts": 1716620734001548.5, "pid": 315221264, "tid": 0, "args": {"Usage(%)": 0.037573}, "ph": "C"}, {"name": "Memory Usage", "ts": 1716620734022026.0, "pid": 315221264, "tid": 0, "args": {"Usage(%)": 0.037573}, "ph": "C"}, {"name": "Memory Usage", "ts": 1716620734042739.8, "pid": 315221264, "tid": 0, "args": {"Usage(%)": 0.024085}, "ph": "C"}, {"name": "Memory Usage", "ts": 1716620734063135.2, "pid": 315221264, "tid": 0, "args": {"Usage(%)": 0.024109}, "ph": "C"}, {"name": "Memory Usage", "ts": 1716620734083480.2, "pid": 315221264, "tid": 0, "args": {"Usage(%)": 0.024109}, "ph": "C"}, {"name": "Memory Usage", "ts": 1716620734103899.0, "pid": 315221264, "tid": 0, "args": {"Usage(%)": 0.024122}, "ph": "C"}, {"name": "Memory Usage", "ts": 1716620734124290.8, "pid": 315221264, "tid": 0, "args": {"Usage(%)": 0.024122}, "ph": "C"}]