[{"name": "process_name", "pid": 315212200, "tid": 0, "args": {"name": "device_0 Overlap Analysis"}, "ph": "M"}, {"name": "thread_name", "pid": 315212200, "tid": 0, "args": {"name": "device_0 Computing"}, "ph": "M"}, {"name": "thread_name", "pid": 315212200, "tid": 1, "args": {"name": "device_0 Communication"}, "ph": "M"}, {"name": "thread_name", "pid": 315212200, "tid": 2, "args": {"name": "device_0 Communication(Not Overlapped)"}, "ph": "M"}, {"name": "thread_name", "pid": 315212200, "tid": 3, "args": {"name": "device_0 Free"}, "ph": "M"}, {"name": "process_labels", "pid": 315212200, "tid": 0, "args": {"labels": "NPU"}, "ph": "M"}, {"name": "process_sort_index", "pid": 315212200, "tid": 0, "args": {"sort_index": 22}, "ph": "M"}, {"name": "Communication", "pid": 315212200, "tid": 1, "ts": "1716620731038828.47460000000", "dur": 52882.7965, "ph": "X"}, {"name": "Communication(Not Overlapped)", "pid": 315212200, "tid": 2, "ts": "1716620731038828.47460000000", "dur": 52882.7965, "ph": "X"}, {"name": "Free", "pid": 315212200, "tid": 3, "ts": "1716620731091711.2710000000", "dur": 2.90025, "ph": "X"}, {"name": "Communication", "pid": 315212200, "tid": 1, "ts": "1716620731091714.17110000000", "dur": 52895.71675, "ph": "X"}, {"name": "Communication(Not Overlapped)", "pid": 315212200, "tid": 2, "ts": "1716620731091714.17110000000", "dur": 52895.71675, "ph": "X"}, {"name": "Free", "pid": 315212200, "tid": 3, "ts": "1716620731144609.8880000000", "dur": 2.78, "ph": "X"}, {"name": "Communication", "pid": 315212200, "tid": 1, "ts": "1716620731144612.6680000000", "dur": 52895.337, "ph": "X"}, {"name": "Communication(Not Overlapped)", "pid": 315212200, "tid": 2, "ts": "1716620731144612.6680000000", "dur": 52895.337, "ph": "X"}, {"name": "Free", "pid": 315212200, "tid": 3, "ts": "1716620731197508.0050000000", "dur": 3.02, "ph": "X"}, {"name": "Communication", "pid": 315212200, "tid": 1, "ts": "1716620731197511.0250000000", "dur": 52897.45675, "ph": "X"}, {"name": "Communication(Not Overlapped)", "pid": 315212200, "tid": 2, "ts": "1716620731197511.0250000000", "dur": 52897.45675, "ph": "X"}, {"name": "Free", "pid": 315212200, "tid": 3, "ts": "1716620731250408.48170000000", "dur": 2.80025, "ph": "X"}, {"name": "Communication", "pid": 315212200, "tid": 1, "ts": "1716620731250411.2820000000", "dur": 52898.05675, "ph": "X"}, {"name": "Communication(Not Overlapped)", "pid": 315212200, "tid": 2, "ts": "1716620731250411.2820000000", "dur": 52898.05675, "ph": "X"}, {"name": "Free", "pid": 315212200, "tid": 3, "ts": "1716620731303309.33890000000", "dur": 3.0, "ph": "X"}, {"name": "Communication", "pid": 315212200, "tid": 1, "ts": "1716620731303312.33890000000", "dur": 52894.977, "ph": "X"}, {"name": "Communication(Not Overlapped)", "pid": 315212200, "tid": 2, "ts": "1716620731303312.33890000000", "dur": 52894.977, "ph": "X"}, {"name": "Free", "pid": 315212200, "tid": 3, "ts": "1716620731356207.31570000000", "dur": 2.94, "ph": "X"}, {"name": "Communication", "pid": 315212200, "tid": 1, "ts": "1716620731356210.25590000000", "dur": 52897.817, "ph": "X"}, {"name": "Communication(Not Overlapped)", "pid": 315212200, "tid": 2, "ts": "1716620731356210.25590000000", "dur": 52897.817, "ph": "X"}, {"name": "Free", "pid": 315212200, "tid": 3, "ts": "1716620731409108.07280000000", "dur": 2.78, "ph": "X"}, {"name": "Communication", "pid": 315212200, "tid": 1, "ts": "1716620731409110.85280000000", "dur": 52897.63675, "ph": "X"}, {"name": "Communication(Not Overlapped)", "pid": 315212200, "tid": 2, "ts": "1716620731409110.85280000000", "dur": 52897.63675, "ph": "X"}, {"name": "Free", "pid": 315212200, "tid": 3, "ts": "1716620731462008.48950000000", "dur": 2.84025, "ph": "X"}, {"name": "Communication", "pid": 315212200, "tid": 1, "ts": "1716620731462011.32980000000", "dur": 52895.43675, "ph": "X"}, {"name": "Communication(Not Overlapped)", "pid": 315212200, "tid": 2, "ts": "1716620731462011.32980000000", "dur": 52895.43675, "ph": "X"}, {"name": "Free", "pid": 315212200, "tid": 3, "ts": "1716620731514906.76660000000", "dur": 2.82, "ph": "X"}, {"name": "Communication", "pid": 315212200, "tid": 1, "ts": "1716620731514909.58640000000", "dur": 52896.397, "ph": "X"}, {"name": "Communication(Not Overlapped)", "pid": 315212200, "tid": 2, "ts": "1716620731514909.58640000000", "dur": 52896.397, "ph": "X"}, {"name": "Free", "pid": 315212200, "tid": 3, "ts": "1716620731567805.98340000000", "dur": 2.76, "ph": "X"}, {"name": "Communication", "pid": 315212200, "tid": 1, "ts": "1716620731567808.74340000000", "dur": 52897.817, "ph": "X"}, {"name": "Communication(Not Overlapped)", "pid": 315212200, "tid": 2, "ts": "1716620731567808.74340000000", "dur": 52897.817, "ph": "X"}, {"name": "Free", "pid": 315212200, "tid": 3, "ts": "1716620731620706.56050000000", "dur": 2.8, "ph": "X"}, {"name": "Communication", "pid": 315212200, "tid": 1, "ts": "1716620731620709.36060000000", "dur": 52896.33675, "ph": "X"}, {"name": "Communication(Not Overlapped)", "pid": 315212200, "tid": 2, "ts": "1716620731620709.36060000000", "dur": 52896.33675, "ph": "X"}, {"name": "Free", "pid": 315212200, "tid": 3, "ts": "1716620731673605.69730000000", "dur": 3.00025, "ph": "X"}, {"name": "Communication", "pid": 315212200, "tid": 1, "ts": "1716620731673608.69750000000", "dur": 52897.37675, "ph": "X"}, {"name": "Communication(Not Overlapped)", "pid": 315212200, "tid": 2, "ts": "1716620731673608.69750000000", "dur": 52897.37675, "ph": "X"}, {"name": "Free", "pid": 315212200, "tid": 3, "ts": "1716620731726506.07420000000", "dur": 3.0, "ph": "X"}, {"name": "Communication", "pid": 315212200, "tid": 1, "ts": "1716620731726509.07420000000", "dur": 52896.817, "ph": "X"}, {"name": "Communication(Not Overlapped)", "pid": 315212200, "tid": 2, "ts": "1716620731726509.07420000000", "dur": 52896.817, "ph": "X"}, {"name": "Free", "pid": 315212200, "tid": 3, "ts": "1716620731779405.89140000000", "dur": 2.84, "ph": "X"}, {"name": "Communication", "pid": 315212200, "tid": 1, "ts": "1716620731779408.73120000000", "dur": 52896.197, "ph": "X"}, {"name": "Communication(Not Overlapped)", "pid": 315212200, "tid": 2, "ts": "1716620731779408.73120000000", "dur": 52896.197, "ph": "X"}, {"name": "Free", "pid": 315212200, "tid": 3, "ts": "1716620731832304.92820000000", "dur": 2.98, "ph": "X"}, {"name": "Communication", "pid": 315212200, "tid": 1, "ts": "1716620731832307.90820000000", "dur": 52896.19675, "ph": "X"}, {"name": "Communication(Not Overlapped)", "pid": 315212200, "tid": 2, "ts": "1716620731832307.90820000000", "dur": 52896.19675, "ph": "X"}, {"name": "Free", "pid": 315212200, "tid": 3, "ts": "1716620731885204.1050000000", "dur": 3.0, "ph": "X"}, {"name": "Communication", "pid": 315212200, "tid": 1, "ts": "1716620731885207.1050000000", "dur": 52895.597, "ph": "X"}, {"name": "Communication(Not Overlapped)", "pid": 315212200, "tid": 2, "ts": "1716620731885207.1050000000", "dur": 52895.597, "ph": "X"}, {"name": "Free", "pid": 315212200, "tid": 3, "ts": "1716620731938102.7020000000", "dur": 2.84, "ph": "X"}, {"name": "Communication", "pid": 315212200, "tid": 1, "ts": "1716620731938105.5420000000", "dur": 52898.097, "ph": "X"}, {"name": "Communication(Not Overlapped)", "pid": 315212200, "tid": 2, "ts": "1716620731938105.5420000000", "dur": 52898.097, "ph": "X"}, {"name": "Free", "pid": 315212200, "tid": 3, "ts": "1716620731991003.6390000000", "dur": 3.08, "ph": "X"}, {"name": "Communication", "pid": 315212200, "tid": 1, "ts": "1716620731991006.7190000000", "dur": 52898.257, "ph": "X"}, {"name": "Communication(Not Overlapped)", "pid": 315212200, "tid": 2, "ts": "1716620731991006.7190000000", "dur": 52898.257, "ph": "X"}, {"name": "Free", "pid": 315212200, "tid": 3, "ts": "1716620732043904.9760000000", "dur": 3.0, "ph": "X"}, {"name": "Communication", "pid": 315212200, "tid": 1, "ts": "1716620732043907.9760000000", "dur": 52895.23675, "ph": "X"}, {"name": "Communication(Not Overlapped)", "pid": 315212200, "tid": 2, "ts": "1716620732043907.9760000000", "dur": 52895.23675, "ph": "X"}, {"name": "Free", "pid": 315212200, "tid": 3, "ts": "1716620732096803.21260000000", "dur": 2.82, "ph": "X"}, {"name": "Communication", "pid": 315212200, "tid": 1, "ts": "1716620732096806.03270000000", "dur": 52896.337, "ph": "X"}, {"name": "Communication(Not Overlapped)", "pid": 315212200, "tid": 2, "ts": "1716620732096806.03270000000", "dur": 52896.337, "ph": "X"}, {"name": "Free", "pid": 315212200, "tid": 3, "ts": "1716620732149702.36960000000", "dur": 2.9, "ph": "X"}, {"name": "Communication", "pid": 315212200, "tid": 1, "ts": "1716620732149705.26980000000", "dur": 52896.577, "ph": "X"}, {"name": "Communication(Not Overlapped)", "pid": 315212200, "tid": 2, "ts": "1716620732149705.26980000000", "dur": 52896.577, "ph": "X"}, {"name": "Free", "pid": 315212200, "tid": 3, "ts": "1716620732202601.84670000000", "dur": 2.9, "ph": "X"}, {"name": "Communication", "pid": 315212200, "tid": 1, "ts": "1716620732202604.74680000000", "dur": 52897.75675, "ph": "X"}, {"name": "Communication(Not Overlapped)", "pid": 315212200, "tid": 2, "ts": "1716620732202604.74680000000", "dur": 52897.75675, "ph": "X"}, {"name": "Free", "pid": 315212200, "tid": 3, "ts": "1716620732255502.50340000000", "dur": 2.90025, "ph": "X"}, {"name": "Communication", "pid": 315212200, "tid": 1, "ts": "1716620732255505.40380000000", "dur": 52897.99675, "ph": "X"}, {"name": "Communication(Not Overlapped)", "pid": 315212200, "tid": 2, "ts": "1716620732255505.40380000000", "dur": 52897.99675, "ph": "X"}, {"name": "Free", "pid": 315212200, "tid": 3, "ts": "1716620732308403.40040000000", "dur": 2.80025, "ph": "X"}, {"name": "Communication", "pid": 315212200, "tid": 1, "ts": "1716620732308406.20070000000", "dur": 52897.53675, "ph": "X"}, {"name": "Communication(Not Overlapped)", "pid": 315212200, "tid": 2, "ts": "1716620732308406.20070000000", "dur": 52897.53675, "ph": "X"}, {"name": "process_name", "pid": 315222201, "tid": 0, "args": {"name": "device_1 Overlap Analysis"}, "ph": "M"}, {"name": "thread_name", "pid": 315222201, "tid": 0, "args": {"name": "device_1 Computing"}, "ph": "M"}, {"name": "thread_name", "pid": 315222201, "tid": 1, "args": {"name": "device_1 Communication"}, "ph": "M"}, {"name": "thread_name", "pid": 315222201, "tid": 2, "args": {"name": "device_1 Communication(Not Overlapped)"}, "ph": "M"}, {"name": "thread_name", "pid": 315222201, "tid": 3, "args": {"name": "device_1 Free"}, "ph": "M"}, {"name": "process_labels", "pid": 315222201, "tid": 0, "args": {"labels": "NPU"}, "ph": "M"}, {"name": "process_sort_index", "pid": 315222201, "tid": 0, "args": {"sort_index": 22}, "ph": "M"}, {"name": "Communication", "pid": 315222201, "tid": 1, "ts": "1716620731036166.05440000000", "dur": 57168.24225, "ph": "X"}, {"name": "Communication(Not Overlapped)", "pid": 315222201, "tid": 2, "ts": "1716620731036166.05440000000", "dur": 57168.24225, "ph": "X"}, {"name": "Free", "pid": 315222201, "tid": 3, "ts": "1716620731093334.29660000000", "dur": 3.76, "ph": "X"}, {"name": "Communication", "pid": 315222201, "tid": 1, "ts": "1716620731093338.05660000000", "dur": 52894.63675, "ph": "X"}, {"name": "Communication(Not Overlapped)", "pid": 315222201, "tid": 2, "ts": "1716620731093338.05660000000", "dur": 52894.63675, "ph": "X"}, {"name": "Free", "pid": 315222201, "tid": 3, "ts": "1716620731146232.69360000000", "dur": 3.42, "ph": "X"}, {"name": "Communication", "pid": 315222201, "tid": 1, "ts": "1716620731146236.11350000000", "dur": 52896.157, "ph": "X"}, {"name": "Communication(Not Overlapped)", "pid": 315222201, "tid": 2, "ts": "1716620731146236.11350000000", "dur": 52896.157, "ph": "X"}, {"name": "Free", "pid": 315222201, "tid": 3, "ts": "1716620731199132.27050000000", "dur": 3.76, "ph": "X"}, {"name": "Communication", "pid": 315222201, "tid": 1, "ts": "1716620731199136.03050000000", "dur": 52898.357, "ph": "X"}, {"name": "Communication(Not Overlapped)", "pid": 315222201, "tid": 2, "ts": "1716620731199136.03050000000", "dur": 52898.357, "ph": "X"}, {"name": "Free", "pid": 315222201, "tid": 3, "ts": "1716620731252034.38750000000", "dur": 3.4, "ph": "X"}, {"name": "Communication", "pid": 315222201, "tid": 1, "ts": "1716620731252037.78760000000", "dur": 52894.33675, "ph": "X"}, {"name": "Communication(Not Overlapped)", "pid": 315222201, "tid": 2, "ts": "1716620731252037.78760000000", "dur": 52894.33675, "ph": "X"}, {"name": "Free", "pid": 315222201, "tid": 3, "ts": "1716620731304932.12430000000", "dur": 3.62025, "ph": "X"}, {"name": "Communication", "pid": 315222201, "tid": 1, "ts": "1716620731304935.74440000000", "dur": 52896.53675, "ph": "X"}, {"name": "Communication(Not Overlapped)", "pid": 315222201, "tid": 2, "ts": "1716620731304935.74440000000", "dur": 52896.53675, "ph": "X"}, {"name": "Free", "pid": 315222201, "tid": 3, "ts": "1716620731357832.28120000000", "dur": 4.00025, "ph": "X"}, {"name": "Communication", "pid": 315222201, "tid": 1, "ts": "1716620731357836.28150000000", "dur": 52896.67675, "ph": "X"}, {"name": "Communication(Not Overlapped)", "pid": 315222201, "tid": 2, "ts": "1716620731357836.28150000000", "dur": 52896.67675, "ph": "X"}, {"name": "Free", "pid": 315222201, "tid": 3, "ts": "1716620731410732.95830000000", "dur": 3.52, "ph": "X"}, {"name": "Communication", "pid": 315222201, "tid": 1, "ts": "1716620731410736.47830000000", "dur": 52895.217, "ph": "X"}, {"name": "Communication(Not Overlapped)", "pid": 315222201, "tid": 2, "ts": "1716620731410736.47830000000", "dur": 52895.217, "ph": "X"}, {"name": "Free", "pid": 315222201, "tid": 3, "ts": "1716620731463631.69530000000", "dur": 3.42, "ph": "X"}, {"name": "Communication", "pid": 315222201, "tid": 1, "ts": "1716620731463635.11520000000", "dur": 52895.63675, "ph": "X"}, {"name": "Communication(Not Overlapped)", "pid": 315222201, "tid": 2, "ts": "1716620731463635.11520000000", "dur": 52895.63675, "ph": "X"}, {"name": "Free", "pid": 315222201, "tid": 3, "ts": "1716620731516530.7520000000", "dur": 3.42025, "ph": "X"}, {"name": "Communication", "pid": 315222201, "tid": 1, "ts": "1716620731516534.17240000000", "dur": 52897.35675, "ph": "X"}, {"name": "Communication(Not Overlapped)", "pid": 315222201, "tid": 2, "ts": "1716620731516534.17240000000", "dur": 52897.35675, "ph": "X"}, {"name": "Free", "pid": 315222201, "tid": 3, "ts": "1716620731569431.5290000000", "dur": 3.56, "ph": "X"}, {"name": "Communication", "pid": 315222201, "tid": 1, "ts": "1716620731569435.0890000000", "dur": 52895.577, "ph": "X"}, {"name": "Communication(Not Overlapped)", "pid": 315222201, "tid": 2, "ts": "1716620731569435.0890000000", "dur": 52895.577, "ph": "X"}, {"name": "Free", "pid": 315222201, "tid": 3, "ts": "1716620731622330.6660000000", "dur": 3.48, "ph": "X"}, {"name": "Communication", "pid": 315222201, "tid": 1, "ts": "1716620731622334.1460000000", "dur": 52896.917, "ph": "X"}, {"name": "Communication(Not Overlapped)", "pid": 315222201, "tid": 2, "ts": "1716620731622334.1460000000", "dur": 52896.917, "ph": "X"}, {"name": "Free", "pid": 315222201, "tid": 3, "ts": "1716620731675231.0630000000", "dur": 3.4, "ph": "X"}, {"name": "Communication", "pid": 315222201, "tid": 1, "ts": "1716620731675234.4630000000", "dur": 52896.01675, "ph": "X"}, {"name": "Communication(Not Overlapped)", "pid": 315222201, "tid": 2, "ts": "1716620731675234.4630000000", "dur": 52896.01675, "ph": "X"}, {"name": "Free", "pid": 315222201, "tid": 3, "ts": "1716620731728130.47970000000", "dur": 3.40025, "ph": "X"}, {"name": "Communication", "pid": 315222201, "tid": 1, "ts": "1716620731728133.880000000", "dur": 52895.33675, "ph": "X"}, {"name": "Communication(Not Overlapped)", "pid": 315222201, "tid": 2, "ts": "1716620731728133.880000000", "dur": 52895.33675, "ph": "X"}, {"name": "Free", "pid": 315222201, "tid": 3, "ts": "1716620731781029.21680000000", "dur": 3.54, "ph": "X"}, {"name": "Communication", "pid": 315222201, "tid": 1, "ts": "1716620731781032.75680000000", "dur": 52895.797, "ph": "X"}, {"name": "Communication(Not Overlapped)", "pid": 315222201, "tid": 2, "ts": "1716620731781032.75680000000", "dur": 52895.797, "ph": "X"}, {"name": "Free", "pid": 315222201, "tid": 3, "ts": "1716620731833928.55370000000", "dur": 3.5, "ph": "X"}, {"name": "Communication", "pid": 315222201, "tid": 1, "ts": "1716620731833932.05370000000", "dur": 52895.27675, "ph": "X"}, {"name": "Communication(Not Overlapped)", "pid": 315222201, "tid": 2, "ts": "1716620731833932.05370000000", "dur": 52895.27675, "ph": "X"}, {"name": "Free", "pid": 315222201, "tid": 3, "ts": "1716620731886827.33060000000", "dur": 3.78025, "ph": "X"}, {"name": "Communication", "pid": 315222201, "tid": 1, "ts": "1716620731886831.11080000000", "dur": 52896.81675, "ph": "X"}, {"name": "Communication(Not Overlapped)", "pid": 315222201, "tid": 2, "ts": "1716620731886831.11080000000", "dur": 52896.81675, "ph": "X"}, {"name": "Free", "pid": 315222201, "tid": 3, "ts": "1716620731939727.92750000000", "dur": 3.58025, "ph": "X"}, {"name": "Communication", "pid": 315222201, "tid": 1, "ts": "1716620731939731.50780000000", "dur": 52898.51675, "ph": "X"}, {"name": "Communication(Not Overlapped)", "pid": 315222201, "tid": 2, "ts": "1716620731939731.50780000000", "dur": 52898.51675, "ph": "X"}, {"name": "Free", "pid": 315222201, "tid": 3, "ts": "1716620731992630.02440000000", "dur": 3.46, "ph": "X"}, {"name": "Communication", "pid": 315222201, "tid": 1, "ts": "1716620731992633.48460000000", "dur": 52894.457, "ph": "X"}, {"name": "Communication(Not Overlapped)", "pid": 315222201, "tid": 2, "ts": "1716620731992633.48460000000", "dur": 52894.457, "ph": "X"}, {"name": "Free", "pid": 315222201, "tid": 3, "ts": "1716620732045527.94140000000", "dur": 3.56, "ph": "X"}, {"name": "Communication", "pid": 315222201, "tid": 1, "ts": "1716620732045531.50150000000", "dur": 52896.077, "ph": "X"}, {"name": "Communication(Not Overlapped)", "pid": 315222201, "tid": 2, "ts": "1716620732045531.50150000000", "dur": 52896.077, "ph": "X"}, {"name": "Free", "pid": 315222201, "tid": 3, "ts": "1716620732098427.57860000000", "dur": 3.42, "ph": "X"}, {"name": "Communication", "pid": 315222201, "tid": 1, "ts": "1716620732098430.99850000000", "dur": 52895.33675, "ph": "X"}, {"name": "Communication(Not Overlapped)", "pid": 315222201, "tid": 2, "ts": "1716620732098430.99850000000", "dur": 52895.33675, "ph": "X"}, {"name": "Free", "pid": 315222201, "tid": 3, "ts": "1716620732151326.33520000000", "dur": 3.48025, "ph": "X"}, {"name": "Communication", "pid": 315222201, "tid": 1, "ts": "1716620732151329.81540000000", "dur": 52897.69675, "ph": "X"}, {"name": "Communication(Not Overlapped)", "pid": 315222201, "tid": 2, "ts": "1716620732151329.81540000000", "dur": 52897.69675, "ph": "X"}, {"name": "Free", "pid": 315222201, "tid": 3, "ts": "1716620732204227.51220000000", "dur": 3.62, "ph": "X"}, {"name": "Communication", "pid": 315222201, "tid": 1, "ts": "1716620732204231.13230000000", "dur": 52896.477, "ph": "X"}, {"name": "Communication(Not Overlapped)", "pid": 315222201, "tid": 2, "ts": "1716620732204231.13230000000", "dur": 52896.477, "ph": "X"}, {"name": "Free", "pid": 315222201, "tid": 3, "ts": "1716620732257127.60910000000", "dur": 3.74, "ph": "X"}, {"name": "Communication", "pid": 315222201, "tid": 1, "ts": "1716620732257131.34940000000", "dur": 52897.517, "ph": "X"}, {"name": "Communication(Not Overlapped)", "pid": 315222201, "tid": 2, "ts": "1716620732257131.34940000000", "dur": 52897.517, "ph": "X"}, {"name": "Free", "pid": 315222201, "tid": 3, "ts": "1716620732310028.86620000000", "dur": 3.42, "ph": "X"}, {"name": "Communication", "pid": 315222201, "tid": 1, "ts": "1716620732310032.28610000000", "dur": 52896.17675, "ph": "X"}, {"name": "Communication(Not Overlapped)", "pid": 315222201, "tid": 2, "ts": "1716620732310032.28610000000", "dur": 52896.17675, "ph": "X"}]