[{"name": "process_name", "pid": 315212000, "tid": 0, "args": {"name": "device_0 Stars Soc Info"}, "ph": "M"}, {"name": "process_labels", "pid": 315212000, "tid": 0, "args": {"labels": "NPU"}, "ph": "M"}, {"name": "process_sort_index", "pid": 315212000, "tid": 0, "args": {"sort_index": 20}, "ph": "M"}, {"name": "Mata Bw Level", "ts": 1716620726688535.5, "pid": 315212000, "tid": 0, "args": {"Mata Bw Level": 0}, "ph": "C"}, {"name": "L2 Buffer Bw Level", "ts": 1716620726688535.5, "pid": 315212000, "tid": 0, "args": {"L2 Buffer Bw Level": 0}, "ph": "C"}, {"name": "Mata Bw Level", "ts": 1716620726729496.2, "pid": 315212000, "tid": 0, "args": {"Mata Bw Level": 0}, "ph": "C"}, {"name": "L2 Buffer Bw Level", "ts": 1716620726729496.2, "pid": 315212000, "tid": 0, "args": {"L2 Buffer Bw Level": 0}, "ph": "C"}, {"name": "Mata Bw Level", "ts": 1716620726770457.0, "pid": 315212000, "tid": 0, "args": {"Mata Bw Level": 0}, "ph": "C"}, {"name": "L2 Buffer Bw Level", "ts": 1716620726770457.0, "pid": 315212000, "tid": 0, "args": {"L2 Buffer Bw Level": 0}, "ph": "C"}, {"name": "Mata Bw Level", "ts": 1716620726811418.0, "pid": 315212000, "tid": 0, "args": {"Mata Bw Level": 0}, "ph": "C"}, {"name": "L2 Buffer Bw Level", "ts": 1716620726811418.0, "pid": 315212000, "tid": 0, "args": {"L2 Buffer Bw Level": 0}, "ph": "C"}, {"name": "Mata Bw Level", "ts": 1716620726852378.8, "pid": 315212000, "tid": 0, "args": {"Mata Bw Level": 0}, "ph": "C"}, {"name": "L2 Buffer Bw Level", "ts": 1716620726852378.8, "pid": 315212000, "tid": 0, "args": {"L2 Buffer Bw Level": 0}, "ph": "C"}, {"name": "Mata Bw Level", "ts": 1716620726893339.5, "pid": 315212000, "tid": 0, "args": {"Mata Bw Level": 0}, "ph": "C"}, {"name": "L2 Buffer Bw Level", "ts": 1716620726893339.5, "pid": 315212000, "tid": 0, "args": {"L2 Buffer Bw Level": 0}, "ph": "C"}, {"name": "Mata Bw Level", "ts": 1716620726934300.2, "pid": 315212000, "tid": 0, "args": {"Mata Bw Level": 0}, "ph": "C"}, {"name": "L2 Buffer Bw Level", "ts": 1716620726934300.2, "pid": 315212000, "tid": 0, "args": {"L2 Buffer Bw Level": 0}, "ph": "C"}, {"name": "Mata Bw Level", "ts": 1716620726975261.2, "pid": 315212000, "tid": 0, "args": {"Mata Bw Level": 0}, "ph": "C"}, {"name": "L2 Buffer Bw Level", "ts": 1716620726975261.2, "pid": 315212000, "tid": 0, "args": {"L2 Buffer Bw Level": 0}, "ph": "C"}, {"name": "Mata Bw Level", "ts": 1716620727016222.0, "pid": 315212000, "tid": 0, "args": {"Mata Bw Level": 0}, "ph": "C"}, {"name": "L2 Buffer Bw Level", "ts": 1716620727016222.0, "pid": 315212000, "tid": 0, "args": {"L2 Buffer Bw Level": 0}, "ph": "C"}, {"name": "Mata Bw Level", "ts": 1716620727057182.8, "pid": 315212000, "tid": 0, "args": {"Mata Bw Level": 0}, "ph": "C"}, {"name": "L2 Buffer Bw Level", "ts": 1716620727057182.8, "pid": 315212000, "tid": 0, "args": {"L2 Buffer Bw Level": 0}, "ph": "C"}, {"name": "Mata Bw Level", "ts": 1716620727098143.5, "pid": 315212000, "tid": 0, "args": {"Mata Bw Level": 0}, "ph": "C"}, {"name": "L2 Buffer Bw Level", "ts": 1716620727098143.5, "pid": 315212000, "tid": 0, "args": {"L2 Buffer Bw Level": 0}, "ph": "C"}, {"name": "Mata Bw Level", "ts": 1716620727139104.5, "pid": 315212000, "tid": 0, "args": {"Mata Bw Level": 0}, "ph": "C"}, {"name": "L2 Buffer Bw Level", "ts": 1716620727139104.5, "pid": 315212000, "tid": 0, "args": {"L2 Buffer Bw Level": 0}, "ph": "C"}, {"name": "Mata Bw Level", "ts": 1716620727180065.2, "pid": 315212000, "tid": 0, "args": {"Mata Bw Level": 0}, "ph": "C"}, {"name": "L2 Buffer Bw Level", "ts": 1716620727180065.2, "pid": 315212000, "tid": 0, "args": {"L2 Buffer Bw Level": 0}, "ph": "C"}, {"name": "Mata Bw Level", "ts": 1716620727221026.0, "pid": 315212000, "tid": 0, "args": {"Mata Bw Level": 0}, "ph": "C"}, {"name": "L2 Buffer Bw Level", "ts": 1716620727221026.0, "pid": 315212000, "tid": 0, "args": {"L2 Buffer Bw Level": 0}, "ph": "C"}, {"name": "Mata Bw Level", "ts": 1716620727261987.0, "pid": 315212000, "tid": 0, "args": {"Mata Bw Level": 0}, "ph": "C"}, {"name": "L2 Buffer Bw Level", "ts": 1716620727261987.0, "pid": 315212000, "tid": 0, "args": {"L2 Buffer Bw Level": 0}, "ph": "C"}, {"name": "Mata Bw Level", "ts": 1716620727302947.8, "pid": 315212000, "tid": 0, "args": {"Mata Bw Level": 0}, "ph": "C"}, {"name": "L2 Buffer Bw Level", "ts": 1716620727302947.8, "pid": 315212000, "tid": 0, "args": {"L2 Buffer Bw Level": 0}, "ph": "C"}, {"name": "Mata Bw Level", "ts": 1716620727343908.5, "pid": 315212000, "tid": 0, "args": {"Mata Bw Level": 0}, "ph": "C"}, {"name": "L2 Buffer Bw Level", "ts": 1716620727343908.5, "pid": 315212000, "tid": 0, "args": {"L2 Buffer Bw Level": 0}, "ph": "C"}, {"name": "Mata Bw Level", "ts": 1716620727384869.2, "pid": 315212000, "tid": 0, "args": {"Mata Bw Level": 0}, "ph": "C"}, {"name": "L2 Buffer Bw Level", "ts": 1716620727384869.2, "pid": 315212000, "tid": 0, "args": {"L2 Buffer Bw Level": 0}, "ph": "C"}, {"name": "Mata Bw Level", "ts": 1716620727425830.2, "pid": 315212000, "tid": 0, "args": {"Mata Bw Level": 0}, "ph": "C"}, {"name": "L2 Buffer Bw Level", "ts": 1716620727425830.2, "pid": 315212000, "tid": 0, "args": {"L2 Buffer Bw Level": 0}, "ph": "C"}, {"name": "Mata Bw Level", "ts": 1716620727466791.0, "pid": 315212000, "tid": 0, "args": {"Mata Bw Level": 0}, "ph": "C"}, {"name": "L2 Buffer Bw Level", "ts": 1716620727466791.0, "pid": 315212000, "tid": 0, "args": {"L2 Buffer Bw Level": 0}, "ph": "C"}, {"name": "Mata Bw Level", "ts": 1716620727507751.8, "pid": 315212000, "tid": 0, "args": {"Mata Bw Level": 0}, "ph": "C"}, {"name": "L2 Buffer Bw Level", "ts": 1716620727507751.8, "pid": 315212000, "tid": 0, "args": {"L2 Buffer Bw Level": 0}, "ph": "C"}, {"name": "Mata Bw Level", "ts": 1716620727548712.8, "pid": 315212000, "tid": 0, "args": {"Mata Bw Level": 0}, "ph": "C"}, {"name": "L2 Buffer Bw Level", "ts": 1716620727548712.8, "pid": 315212000, "tid": 0, "args": {"L2 Buffer Bw Level": 0}, "ph": "C"}, {"name": "Mata Bw Level", "ts": 1716620727589673.5, "pid": 315212000, "tid": 0, "args": {"Mata Bw Level": 0}, "ph": "C"}, {"name": "L2 Buffer Bw Level", "ts": 1716620727589673.5, "pid": 315212000, "tid": 0, "args": {"L2 Buffer Bw Level": 0}, "ph": "C"}, {"name": "Mata Bw Level", "ts": 1716620727630634.2, "pid": 315212000, "tid": 0, "args": {"Mata Bw Level": 0}, "ph": "C"}, {"name": "L2 Buffer Bw Level", "ts": 1716620727630634.2, "pid": 315212000, "tid": 0, "args": {"L2 Buffer Bw Level": 0}, "ph": "C"}, {"name": "Mata Bw Level", "ts": 1716620727671595.0, "pid": 315212000, "tid": 0, "args": {"Mata Bw Level": 0}, "ph": "C"}, {"name": "L2 Buffer Bw Level", "ts": 1716620727671595.0, "pid": 315212000, "tid": 0, "args": {"L2 Buffer Bw Level": 0}, "ph": "C"}, {"name": "Mata Bw Level", "ts": 1716620727712556.0, "pid": 315212000, "tid": 0, "args": {"Mata Bw Level": 0}, "ph": "C"}, {"name": "L2 Buffer Bw Level", "ts": 1716620727712556.0, "pid": 315212000, "tid": 0, "args": {"L2 Buffer Bw Level": 0}, "ph": "C"}, {"name": "Mata Bw Level", "ts": 1716620727753516.8, "pid": 315212000, "tid": 0, "args": {"Mata Bw Level": 0}, "ph": "C"}, {"name": "L2 Buffer Bw Level", "ts": 1716620727753516.8, "pid": 315212000, "tid": 0, "args": {"L2 Buffer Bw Level": 0}, "ph": "C"}, {"name": "Mata Bw Level", "ts": 1716620727794477.5, "pid": 315212000, "tid": 0, "args": {"Mata Bw Level": 0}, "ph": "C"}, {"name": "L2 Buffer Bw Level", "ts": 1716620727794477.5, "pid": 315212000, "tid": 0, "args": {"L2 Buffer Bw Level": 0}, "ph": "C"}, {"name": "Mata Bw Level", "ts": 1716620727835438.5, "pid": 315212000, "tid": 0, "args": {"Mata Bw Level": 0}, "ph": "C"}, {"name": "L2 Buffer Bw Level", "ts": 1716620727835438.5, "pid": 315212000, "tid": 0, "args": {"L2 Buffer Bw Level": 0}, "ph": "C"}, {"name": "Mata Bw Level", "ts": 1716620727876399.2, "pid": 315212000, "tid": 0, "args": {"Mata Bw Level": 0}, "ph": "C"}, {"name": "L2 Buffer Bw Level", "ts": 1716620727876399.2, "pid": 315212000, "tid": 0, "args": {"L2 Buffer Bw Level": 0}, "ph": "C"}, {"name": "Mata Bw Level", "ts": 1716620727917360.0, "pid": 315212000, "tid": 0, "args": {"Mata Bw Level": 0}, "ph": "C"}, {"name": "L2 Buffer Bw Level", "ts": 1716620727917360.0, "pid": 315212000, "tid": 0, "args": {"L2 Buffer Bw Level": 0}, "ph": "C"}, {"name": "Mata Bw Level", "ts": 1716620727958320.8, "pid": 315212000, "tid": 0, "args": {"Mata Bw Level": 0}, "ph": "C"}, {"name": "L2 Buffer Bw Level", "ts": 1716620727958320.8, "pid": 315212000, "tid": 0, "args": {"L2 Buffer Bw Level": 0}, "ph": "C"}, {"name": "Mata Bw Level", "ts": 1716620727999281.8, "pid": 315212000, "tid": 0, "args": {"Mata Bw Level": 0}, "ph": "C"}, {"name": "L2 Buffer Bw Level", "ts": 1716620727999281.8, "pid": 315212000, "tid": 0, "args": {"L2 Buffer Bw Level": 0}, "ph": "C"}, {"name": "Mata Bw Level", "ts": 1716620728040242.5, "pid": 315212000, "tid": 0, "args": {"Mata Bw Level": 0}, "ph": "C"}, {"name": "L2 Buffer Bw Level", "ts": 1716620728040242.5, "pid": 315212000, "tid": 0, "args": {"L2 Buffer Bw Level": 0}, "ph": "C"}, {"name": "Mata Bw Level", "ts": 1716620728081203.2, "pid": 315212000, "tid": 0, "args": {"Mata Bw Level": 0}, "ph": "C"}, {"name": "L2 Buffer Bw Level", "ts": 1716620728081203.2, "pid": 315212000, "tid": 0, "args": {"L2 Buffer Bw Level": 0}, "ph": "C"}, {"name": "Mata Bw Level", "ts": 1716620728122164.2, "pid": 315212000, "tid": 0, "args": {"Mata Bw Level": 0}, "ph": "C"}, {"name": "L2 Buffer Bw Level", "ts": 1716620728122164.2, "pid": 315212000, "tid": 0, "args": {"L2 Buffer Bw Level": 0}, "ph": "C"}, {"name": "Mata Bw Level", "ts": 1716620728163125.0, "pid": 315212000, "tid": 0, "args": {"Mata Bw Level": 0}, "ph": "C"}, {"name": "L2 Buffer Bw Level", "ts": 1716620728163125.0, "pid": 315212000, "tid": 0, "args": {"L2 Buffer Bw Level": 0}, "ph": "C"}, {"name": "Mata Bw Level", "ts": 1716620728204085.8, "pid": 315212000, "tid": 0, "args": {"Mata Bw Level": 0}, "ph": "C"}, {"name": "L2 Buffer Bw Level", "ts": 1716620728204085.8, "pid": 315212000, "tid": 0, "args": {"L2 Buffer Bw Level": 0}, "ph": "C"}, {"name": "Mata Bw Level", "ts": 1716620728245046.5, "pid": 315212000, "tid": 0, "args": {"Mata Bw Level": 0}, "ph": "C"}, {"name": "L2 Buffer Bw Level", "ts": 1716620728245046.5, "pid": 315212000, "tid": 0, "args": {"L2 Buffer Bw Level": 0}, "ph": "C"}, {"name": "Mata Bw Level", "ts": 1716620728286007.5, "pid": 315212000, "tid": 0, "args": {"Mata Bw Level": 0}, "ph": "C"}, {"name": "L2 Buffer Bw Level", "ts": 1716620728286007.5, "pid": 315212000, "tid": 0, "args": {"L2 Buffer Bw Level": 0}, "ph": "C"}, {"name": "Mata Bw Level", "ts": 1716620728326968.2, "pid": 315212000, "tid": 0, "args": {"Mata Bw Level": 0}, "ph": "C"}, {"name": "L2 Buffer Bw Level", "ts": 1716620728326968.2, "pid": 315212000, "tid": 0, "args": {"L2 Buffer Bw Level": 0}, "ph": "C"}, {"name": "Mata Bw Level", "ts": 1716620728367929.0, "pid": 315212000, "tid": 0, "args": {"Mata Bw Level": 0}, "ph": "C"}, {"name": "L2 Buffer Bw Level", "ts": 1716620728367929.0, "pid": 315212000, "tid": 0, "args": {"L2 Buffer Bw Level": 0}, "ph": "C"}, {"name": "Mata Bw Level", "ts": 1716620728408889.8, "pid": 315212000, "tid": 0, "args": {"Mata Bw Level": 0}, "ph": "C"}, {"name": "L2 Buffer Bw Level", "ts": 1716620728408889.8, "pid": 315212000, "tid": 0, "args": {"L2 Buffer Bw Level": 0}, "ph": "C"}, {"name": "Mata Bw Level", "ts": 1716620728449850.8, "pid": 315212000, "tid": 0, "args": {"Mata Bw Level": 0}, "ph": "C"}, {"name": "L2 Buffer Bw Level", "ts": 1716620728449850.8, "pid": 315212000, "tid": 0, "args": {"L2 Buffer Bw Level": 0}, "ph": "C"}, {"name": "Mata Bw Level", "ts": 1716620728490811.5, "pid": 315212000, "tid": 0, "args": {"Mata Bw Level": 0}, "ph": "C"}, {"name": "L2 Buffer Bw Level", "ts": 1716620728490811.5, "pid": 315212000, "tid": 0, "args": {"L2 Buffer Bw Level": 0}, "ph": "C"}, {"name": "Mata Bw Level", "ts": 1716620728531772.2, "pid": 315212000, "tid": 0, "args": {"Mata Bw Level": 0}, "ph": "C"}, {"name": "L2 Buffer Bw Level", "ts": 1716620728531772.2, "pid": 315212000, "tid": 0, "args": {"L2 Buffer Bw Level": 0}, "ph": "C"}, {"name": "Mata Bw Level", "ts": 1716620728572733.2, "pid": 315212000, "tid": 0, "args": {"Mata Bw Level": 0}, "ph": "C"}, {"name": "L2 Buffer Bw Level", "ts": 1716620728572733.2, "pid": 315212000, "tid": 0, "args": {"L2 Buffer Bw Level": 0}, "ph": "C"}, {"name": "Mata Bw Level", "ts": 1716620728613694.0, "pid": 315212000, "tid": 0, "args": {"Mata Bw Level": 0}, "ph": "C"}, {"name": "L2 Buffer Bw Level", "ts": 1716620728613694.0, "pid": 315212000, "tid": 0, "args": {"L2 Buffer Bw Level": 0}, "ph": "C"}, {"name": "Mata Bw Level", "ts": 1716620728654654.8, "pid": 315212000, "tid": 0, "args": {"Mata Bw Level": 0}, "ph": "C"}, {"name": "L2 Buffer Bw Level", "ts": 1716620728654654.8, "pid": 315212000, "tid": 0, "args": {"L2 Buffer Bw Level": 0}, "ph": "C"}, {"name": "Mata Bw Level", "ts": 1716620728695615.5, "pid": 315212000, "tid": 0, "args": {"Mata Bw Level": 0}, "ph": "C"}, {"name": "L2 Buffer Bw Level", "ts": 1716620728695615.5, "pid": 315212000, "tid": 0, "args": {"L2 Buffer Bw Level": 0}, "ph": "C"}, {"name": "Mata Bw Level", "ts": 1716620728736576.5, "pid": 315212000, "tid": 0, "args": {"Mata Bw Level": 0}, "ph": "C"}, {"name": "L2 Buffer Bw Level", "ts": 1716620728736576.5, "pid": 315212000, "tid": 0, "args": {"L2 Buffer Bw Level": 0}, "ph": "C"}, {"name": "Mata Bw Level", "ts": 1716620728777537.2, "pid": 315212000, "tid": 0, "args": {"Mata Bw Level": 0}, "ph": "C"}, {"name": "L2 Buffer Bw Level", "ts": 1716620728777537.2, "pid": 315212000, "tid": 0, "args": {"L2 Buffer Bw Level": 0}, "ph": "C"}, {"name": "Mata Bw Level", "ts": 1716620728818498.0, "pid": 315212000, "tid": 0, "args": {"Mata Bw Level": 0}, "ph": "C"}, {"name": "L2 Buffer Bw Level", "ts": 1716620728818498.0, "pid": 315212000, "tid": 0, "args": {"L2 Buffer Bw Level": 0}, "ph": "C"}, {"name": "Mata Bw Level", "ts": 1716620728859459.0, "pid": 315212000, "tid": 0, "args": {"Mata Bw Level": 0}, "ph": "C"}, {"name": "L2 Buffer Bw Level", "ts": 1716620728859459.0, "pid": 315212000, "tid": 0, "args": {"L2 Buffer Bw Level": 0}, "ph": "C"}, {"name": "Mata Bw Level", "ts": 1716620728900419.8, "pid": 315212000, "tid": 0, "args": {"Mata Bw Level": 0}, "ph": "C"}, {"name": "L2 Buffer Bw Level", "ts": 1716620728900419.8, "pid": 315212000, "tid": 0, "args": {"L2 Buffer Bw Level": 0}, "ph": "C"}, {"name": "Mata Bw Level", "ts": 1716620728941380.5, "pid": 315212000, "tid": 0, "args": {"Mata Bw Level": 0}, "ph": "C"}, {"name": "L2 Buffer Bw Level", "ts": 1716620728941380.5, "pid": 315212000, "tid": 0, "args": {"L2 Buffer Bw Level": 0}, "ph": "C"}, {"name": "Mata Bw Level", "ts": 1716620728982341.2, "pid": 315212000, "tid": 0, "args": {"Mata Bw Level": 0}, "ph": "C"}, {"name": "L2 Buffer Bw Level", "ts": 1716620728982341.2, "pid": 315212000, "tid": 0, "args": {"L2 Buffer Bw Level": 0}, "ph": "C"}, {"name": "Mata Bw Level", "ts": 1716620729023302.2, "pid": 315212000, "tid": 0, "args": {"Mata Bw Level": 0}, "ph": "C"}, {"name": "L2 Buffer Bw Level", "ts": 1716620729023302.2, "pid": 315212000, "tid": 0, "args": {"L2 Buffer Bw Level": 0}, "ph": "C"}, {"name": "Mata Bw Level", "ts": 1716620729064263.0, "pid": 315212000, "tid": 0, "args": {"Mata Bw Level": 0}, "ph": "C"}, {"name": "L2 Buffer Bw Level", "ts": 1716620729064263.0, "pid": 315212000, "tid": 0, "args": {"L2 Buffer Bw Level": 0}, "ph": "C"}, {"name": "Mata Bw Level", "ts": 1716620729105223.8, "pid": 315212000, "tid": 0, "args": {"Mata Bw Level": 0}, "ph": "C"}, {"name": "L2 Buffer Bw Level", "ts": 1716620729105223.8, "pid": 315212000, "tid": 0, "args": {"L2 Buffer Bw Level": 0}, "ph": "C"}, {"name": "Mata Bw Level", "ts": 1716620729146184.8, "pid": 315212000, "tid": 0, "args": {"Mata Bw Level": 0}, "ph": "C"}, {"name": "L2 Buffer Bw Level", "ts": 1716620729146184.8, "pid": 315212000, "tid": 0, "args": {"L2 Buffer Bw Level": 0}, "ph": "C"}, {"name": "Mata Bw Level", "ts": 1716620729187145.5, "pid": 315212000, "tid": 0, "args": {"Mata Bw Level": 0}, "ph": "C"}, {"name": "L2 Buffer Bw Level", "ts": 1716620729187145.5, "pid": 315212000, "tid": 0, "args": {"L2 Buffer Bw Level": 0}, "ph": "C"}, {"name": "Mata Bw Level", "ts": 1716620729228106.2, "pid": 315212000, "tid": 0, "args": {"Mata Bw Level": 0}, "ph": "C"}, {"name": "L2 Buffer Bw Level", "ts": 1716620729228106.2, "pid": 315212000, "tid": 0, "args": {"L2 Buffer Bw Level": 0}, "ph": "C"}, {"name": "Mata Bw Level", "ts": 1716620729269067.0, "pid": 315212000, "tid": 0, "args": {"Mata Bw Level": 0}, "ph": "C"}, {"name": "L2 Buffer Bw Level", "ts": 1716620729269067.0, "pid": 315212000, "tid": 0, "args": {"L2 Buffer Bw Level": 0}, "ph": "C"}, {"name": "Mata Bw Level", "ts": 1716620729310028.0, "pid": 315212000, "tid": 0, "args": {"Mata Bw Level": 0}, "ph": "C"}, {"name": "L2 Buffer Bw Level", "ts": 1716620729310028.0, "pid": 315212000, "tid": 0, "args": {"L2 Buffer Bw Level": 0}, "ph": "C"}, {"name": "Mata Bw Level", "ts": 1716620729350988.8, "pid": 315212000, "tid": 0, "args": {"Mata Bw Level": 0}, "ph": "C"}, {"name": "L2 Buffer Bw Level", "ts": 1716620729350988.8, "pid": 315212000, "tid": 0, "args": {"L2 Buffer Bw Level": 0}, "ph": "C"}, {"name": "Mata Bw Level", "ts": 1716620729391949.5, "pid": 315212000, "tid": 0, "args": {"Mata Bw Level": 0}, "ph": "C"}, {"name": "L2 Buffer Bw Level", "ts": 1716620729391949.5, "pid": 315212000, "tid": 0, "args": {"L2 Buffer Bw Level": 0}, "ph": "C"}, {"name": "Mata Bw Level", "ts": 1716620729432910.5, "pid": 315212000, "tid": 0, "args": {"Mata Bw Level": 0}, "ph": "C"}, {"name": "L2 Buffer Bw Level", "ts": 1716620729432910.5, "pid": 315212000, "tid": 0, "args": {"L2 Buffer Bw Level": 0}, "ph": "C"}, {"name": "Mata Bw Level", "ts": 1716620729473871.2, "pid": 315212000, "tid": 0, "args": {"Mata Bw Level": 0}, "ph": "C"}, {"name": "L2 Buffer Bw Level", "ts": 1716620729473871.2, "pid": 315212000, "tid": 0, "args": {"L2 Buffer Bw Level": 0}, "ph": "C"}, {"name": "Mata Bw Level", "ts": 1716620729514832.0, "pid": 315212000, "tid": 0, "args": {"Mata Bw Level": 0}, "ph": "C"}, {"name": "L2 Buffer Bw Level", "ts": 1716620729514832.0, "pid": 315212000, "tid": 0, "args": {"L2 Buffer Bw Level": 0}, "ph": "C"}, {"name": "Mata Bw Level", "ts": 1716620729555792.8, "pid": 315212000, "tid": 0, "args": {"Mata Bw Level": 0}, "ph": "C"}, {"name": "L2 Buffer Bw Level", "ts": 1716620729555792.8, "pid": 315212000, "tid": 0, "args": {"L2 Buffer Bw Level": 0}, "ph": "C"}, {"name": "Mata Bw Level", "ts": 1716620729596753.8, "pid": 315212000, "tid": 0, "args": {"Mata Bw Level": 0}, "ph": "C"}, {"name": "L2 Buffer Bw Level", "ts": 1716620729596753.8, "pid": 315212000, "tid": 0, "args": {"L2 Buffer Bw Level": 0}, "ph": "C"}, {"name": "Mata Bw Level", "ts": 1716620729637714.5, "pid": 315212000, "tid": 0, "args": {"Mata Bw Level": 0}, "ph": "C"}, {"name": "L2 Buffer Bw Level", "ts": 1716620729637714.5, "pid": 315212000, "tid": 0, "args": {"L2 Buffer Bw Level": 0}, "ph": "C"}, {"name": "Mata Bw Level", "ts": 1716620729678675.2, "pid": 315212000, "tid": 0, "args": {"Mata Bw Level": 0}, "ph": "C"}, {"name": "L2 Buffer Bw Level", "ts": 1716620729678675.2, "pid": 315212000, "tid": 0, "args": {"L2 Buffer Bw Level": 0}, "ph": "C"}, {"name": "Mata Bw Level", "ts": 1716620729719636.2, "pid": 315212000, "tid": 0, "args": {"Mata Bw Level": 0}, "ph": "C"}, {"name": "L2 Buffer Bw Level", "ts": 1716620729719636.2, "pid": 315212000, "tid": 0, "args": {"L2 Buffer Bw Level": 0}, "ph": "C"}, {"name": "Mata Bw Level", "ts": 1716620729760597.0, "pid": 315212000, "tid": 0, "args": {"Mata Bw Level": 0}, "ph": "C"}, {"name": "L2 Buffer Bw Level", "ts": 1716620729760597.0, "pid": 315212000, "tid": 0, "args": {"L2 Buffer Bw Level": 0}, "ph": "C"}, {"name": "Mata Bw Level", "ts": 1716620729801557.8, "pid": 315212000, "tid": 0, "args": {"Mata Bw Level": 0}, "ph": "C"}, {"name": "L2 Buffer Bw Level", "ts": 1716620729801557.8, "pid": 315212000, "tid": 0, "args": {"L2 Buffer Bw Level": 0}, "ph": "C"}, {"name": "Mata Bw Level", "ts": 1716620729842518.5, "pid": 315212000, "tid": 0, "args": {"Mata Bw Level": 0}, "ph": "C"}, {"name": "L2 Buffer Bw Level", "ts": 1716620729842518.5, "pid": 315212000, "tid": 0, "args": {"L2 Buffer Bw Level": 0}, "ph": "C"}, {"name": "Mata Bw Level", "ts": 1716620729883479.5, "pid": 315212000, "tid": 0, "args": {"Mata Bw Level": 0}, "ph": "C"}, {"name": "L2 Buffer Bw Level", "ts": 1716620729883479.5, "pid": 315212000, "tid": 0, "args": {"L2 Buffer Bw Level": 0}, "ph": "C"}, {"name": "Mata Bw Level", "ts": 1716620729924440.2, "pid": 315212000, "tid": 0, "args": {"Mata Bw Level": 0}, "ph": "C"}, {"name": "L2 Buffer Bw Level", "ts": 1716620729924440.2, "pid": 315212000, "tid": 0, "args": {"L2 Buffer Bw Level": 0}, "ph": "C"}, {"name": "Mata Bw Level", "ts": 1716620729965401.0, "pid": 315212000, "tid": 0, "args": {"Mata Bw Level": 0}, "ph": "C"}, {"name": "L2 Buffer Bw Level", "ts": 1716620729965401.0, "pid": 315212000, "tid": 0, "args": {"L2 Buffer Bw Level": 0}, "ph": "C"}, {"name": "Mata Bw Level", "ts": 1716620730006361.8, "pid": 315212000, "tid": 0, "args": {"Mata Bw Level": 0}, "ph": "C"}, {"name": "L2 Buffer Bw Level", "ts": 1716620730006361.8, "pid": 315212000, "tid": 0, "args": {"L2 Buffer Bw Level": 0}, "ph": "C"}, {"name": "Mata Bw Level", "ts": 1716620730047322.8, "pid": 315212000, "tid": 0, "args": {"Mata Bw Level": 0}, "ph": "C"}, {"name": "L2 Buffer Bw Level", "ts": 1716620730047322.8, "pid": 315212000, "tid": 0, "args": {"L2 Buffer Bw Level": 0}, "ph": "C"}, {"name": "Mata Bw Level", "ts": 1716620730088283.5, "pid": 315212000, "tid": 0, "args": {"Mata Bw Level": 0}, "ph": "C"}, {"name": "L2 Buffer Bw Level", "ts": 1716620730088283.5, "pid": 315212000, "tid": 0, "args": {"L2 Buffer Bw Level": 0}, "ph": "C"}, {"name": "Mata Bw Level", "ts": 1716620730129244.2, "pid": 315212000, "tid": 0, "args": {"Mata Bw Level": 0}, "ph": "C"}, {"name": "L2 Buffer Bw Level", "ts": 1716620730129244.2, "pid": 315212000, "tid": 0, "args": {"L2 Buffer Bw Level": 0}, "ph": "C"}, {"name": "Mata Bw Level", "ts": 1716620730170205.2, "pid": 315212000, "tid": 0, "args": {"Mata Bw Level": 0}, "ph": "C"}, {"name": "L2 Buffer Bw Level", "ts": 1716620730170205.2, "pid": 315212000, "tid": 0, "args": {"L2 Buffer Bw Level": 0}, "ph": "C"}, {"name": "Mata Bw Level", "ts": 1716620730211166.0, "pid": 315212000, "tid": 0, "args": {"Mata Bw Level": 0}, "ph": "C"}, {"name": "L2 Buffer Bw Level", "ts": 1716620730211166.0, "pid": 315212000, "tid": 0, "args": {"L2 Buffer Bw Level": 0}, "ph": "C"}, {"name": "Mata Bw Level", "ts": 1716620730252126.8, "pid": 315212000, "tid": 0, "args": {"Mata Bw Level": 0}, "ph": "C"}, {"name": "L2 Buffer Bw Level", "ts": 1716620730252126.8, "pid": 315212000, "tid": 0, "args": {"L2 Buffer Bw Level": 0}, "ph": "C"}, {"name": "Mata Bw Level", "ts": 1716620730293087.5, "pid": 315212000, "tid": 0, "args": {"Mata Bw Level": 0}, "ph": "C"}, {"name": "L2 Buffer Bw Level", "ts": 1716620730293087.5, "pid": 315212000, "tid": 0, "args": {"L2 Buffer Bw Level": 0}, "ph": "C"}, {"name": "Mata Bw Level", "ts": 1716620730334048.5, "pid": 315212000, "tid": 0, "args": {"Mata Bw Level": 0}, "ph": "C"}, {"name": "L2 Buffer Bw Level", "ts": 1716620730334048.5, "pid": 315212000, "tid": 0, "args": {"L2 Buffer Bw Level": 0}, "ph": "C"}, {"name": "Mata Bw Level", "ts": 1716620730375009.2, "pid": 315212000, "tid": 0, "args": {"Mata Bw Level": 0}, "ph": "C"}, {"name": "L2 Buffer Bw Level", "ts": 1716620730375009.2, "pid": 315212000, "tid": 0, "args": {"L2 Buffer Bw Level": 0}, "ph": "C"}, {"name": "Mata Bw Level", "ts": 1716620730415970.0, "pid": 315212000, "tid": 0, "args": {"Mata Bw Level": 0}, "ph": "C"}, {"name": "L2 Buffer Bw Level", "ts": 1716620730415970.0, "pid": 315212000, "tid": 0, "args": {"L2 Buffer Bw Level": 0}, "ph": "C"}, {"name": "Mata Bw Level", "ts": 1716620730456931.0, "pid": 315212000, "tid": 0, "args": {"Mata Bw Level": 0}, "ph": "C"}, {"name": "L2 Buffer Bw Level", "ts": 1716620730456931.0, "pid": 315212000, "tid": 0, "args": {"L2 Buffer Bw Level": 0}, "ph": "C"}, {"name": "Mata Bw Level", "ts": 1716620730497891.8, "pid": 315212000, "tid": 0, "args": {"Mata Bw Level": 0}, "ph": "C"}, {"name": "L2 Buffer Bw Level", "ts": 1716620730497891.8, "pid": 315212000, "tid": 0, "args": {"L2 Buffer Bw Level": 0}, "ph": "C"}, {"name": "Mata Bw Level", "ts": 1716620730538852.5, "pid": 315212000, "tid": 0, "args": {"Mata Bw Level": 0}, "ph": "C"}, {"name": "L2 Buffer Bw Level", "ts": 1716620730538852.5, "pid": 315212000, "tid": 0, "args": {"L2 Buffer Bw Level": 0}, "ph": "C"}, {"name": "Mata Bw Level", "ts": 1716620730579813.2, "pid": 315212000, "tid": 0, "args": {"Mata Bw Level": 0}, "ph": "C"}, {"name": "L2 Buffer Bw Level", "ts": 1716620730579813.2, "pid": 315212000, "tid": 0, "args": {"L2 Buffer Bw Level": 0}, "ph": "C"}, {"name": "Mata Bw Level", "ts": 1716620730620774.2, "pid": 315212000, "tid": 0, "args": {"Mata Bw Level": 0}, "ph": "C"}, {"name": "L2 Buffer Bw Level", "ts": 1716620730620774.2, "pid": 315212000, "tid": 0, "args": {"L2 Buffer Bw Level": 0}, "ph": "C"}, {"name": "Mata Bw Level", "ts": 1716620730661735.0, "pid": 315212000, "tid": 0, "args": {"Mata Bw Level": 0}, "ph": "C"}, {"name": "L2 Buffer Bw Level", "ts": 1716620730661735.0, "pid": 315212000, "tid": 0, "args": {"L2 Buffer Bw Level": 0}, "ph": "C"}, {"name": "Mata Bw Level", "ts": 1716620730702695.8, "pid": 315212000, "tid": 0, "args": {"Mata Bw Level": 0}, "ph": "C"}, {"name": "L2 Buffer Bw Level", "ts": 1716620730702695.8, "pid": 315212000, "tid": 0, "args": {"L2 Buffer Bw Level": 0}, "ph": "C"}, {"name": "Mata Bw Level", "ts": 1716620730743656.8, "pid": 315212000, "tid": 0, "args": {"Mata Bw Level": 0}, "ph": "C"}, {"name": "L2 Buffer Bw Level", "ts": 1716620730743656.8, "pid": 315212000, "tid": 0, "args": {"L2 Buffer Bw Level": 0}, "ph": "C"}, {"name": "Mata Bw Level", "ts": 1716620730784617.5, "pid": 315212000, "tid": 0, "args": {"Mata Bw Level": 0}, "ph": "C"}, {"name": "L2 Buffer Bw Level", "ts": 1716620730784617.5, "pid": 315212000, "tid": 0, "args": {"L2 Buffer Bw Level": 0}, "ph": "C"}, {"name": "Mata Bw Level", "ts": 1716620730825578.2, "pid": 315212000, "tid": 0, "args": {"Mata Bw Level": 0}, "ph": "C"}, {"name": "L2 Buffer Bw Level", "ts": 1716620730825578.2, "pid": 315212000, "tid": 0, "args": {"L2 Buffer Bw Level": 0}, "ph": "C"}, {"name": "Mata Bw Level", "ts": 1716620730866539.0, "pid": 315212000, "tid": 0, "args": {"Mata Bw Level": 0}, "ph": "C"}, {"name": "L2 Buffer Bw Level", "ts": 1716620730866539.0, "pid": 315212000, "tid": 0, "args": {"L2 Buffer Bw Level": 0}, "ph": "C"}, {"name": "Mata Bw Level", "ts": 1716620730907500.0, "pid": 315212000, "tid": 0, "args": {"Mata Bw Level": 0}, "ph": "C"}, {"name": "L2 Buffer Bw Level", "ts": 1716620730907500.0, "pid": 315212000, "tid": 0, "args": {"L2 Buffer Bw Level": 0}, "ph": "C"}, {"name": "Mata Bw Level", "ts": 1716620730948460.8, "pid": 315212000, "tid": 0, "args": {"Mata Bw Level": 0}, "ph": "C"}, {"name": "L2 Buffer Bw Level", "ts": 1716620730948460.8, "pid": 315212000, "tid": 0, "args": {"L2 Buffer Bw Level": 0}, "ph": "C"}, {"name": "Mata Bw Level", "ts": 1716620730989421.5, "pid": 315212000, "tid": 0, "args": {"Mata Bw Level": 0}, "ph": "C"}, {"name": "L2 Buffer Bw Level", "ts": 1716620730989421.5, "pid": 315212000, "tid": 0, "args": {"L2 Buffer Bw Level": 0}, "ph": "C"}, {"name": "Mata Bw Level", "ts": 1716620731030382.5, "pid": 315212000, "tid": 0, "args": {"Mata Bw Level": 0}, "ph": "C"}, {"name": "L2 Buffer Bw Level", "ts": 1716620731030382.5, "pid": 315212000, "tid": 0, "args": {"L2 Buffer Bw Level": 0}, "ph": "C"}, {"name": "Mata Bw Level", "ts": 1716620731071343.2, "pid": 315212000, "tid": 0, "args": {"Mata Bw Level": 0}, "ph": "C"}, {"name": "L2 Buffer Bw Level", "ts": 1716620731071343.2, "pid": 315212000, "tid": 0, "args": {"L2 Buffer Bw Level": 0}, "ph": "C"}, {"name": "Mata Bw Level", "ts": 1716620731112304.0, "pid": 315212000, "tid": 0, "args": {"Mata Bw Level": 0}, "ph": "C"}, {"name": "L2 Buffer Bw Level", "ts": 1716620731112304.0, "pid": 315212000, "tid": 0, "args": {"L2 Buffer Bw Level": 0}, "ph": "C"}, {"name": "Mata Bw Level", "ts": 1716620731153264.8, "pid": 315212000, "tid": 0, "args": {"Mata Bw Level": 0}, "ph": "C"}, {"name": "L2 Buffer Bw Level", "ts": 1716620731153264.8, "pid": 315212000, "tid": 0, "args": {"L2 Buffer Bw Level": 0}, "ph": "C"}, {"name": "Mata Bw Level", "ts": 1716620731194225.8, "pid": 315212000, "tid": 0, "args": {"Mata Bw Level": 0}, "ph": "C"}, {"name": "L2 Buffer Bw Level", "ts": 1716620731194225.8, "pid": 315212000, "tid": 0, "args": {"L2 Buffer Bw Level": 0}, "ph": "C"}, {"name": "Mata Bw Level", "ts": 1716620731235186.5, "pid": 315212000, "tid": 0, "args": {"Mata Bw Level": 0}, "ph": "C"}, {"name": "L2 Buffer Bw Level", "ts": 1716620731235186.5, "pid": 315212000, "tid": 0, "args": {"L2 Buffer Bw Level": 0}, "ph": "C"}, {"name": "Mata Bw Level", "ts": 1716620731276147.2, "pid": 315212000, "tid": 0, "args": {"Mata Bw Level": 0}, "ph": "C"}, {"name": "L2 Buffer Bw Level", "ts": 1716620731276147.2, "pid": 315212000, "tid": 0, "args": {"L2 Buffer Bw Level": 0}, "ph": "C"}, {"name": "Mata Bw Level", "ts": 1716620731317108.2, "pid": 315212000, "tid": 0, "args": {"Mata Bw Level": 0}, "ph": "C"}, {"name": "L2 Buffer Bw Level", "ts": 1716620731317108.2, "pid": 315212000, "tid": 0, "args": {"L2 Buffer Bw Level": 0}, "ph": "C"}, {"name": "Mata Bw Level", "ts": 1716620731358069.0, "pid": 315212000, "tid": 0, "args": {"Mata Bw Level": 0}, "ph": "C"}, {"name": "L2 Buffer Bw Level", "ts": 1716620731358069.0, "pid": 315212000, "tid": 0, "args": {"L2 Buffer Bw Level": 0}, "ph": "C"}, {"name": "Mata Bw Level", "ts": 1716620731399029.8, "pid": 315212000, "tid": 0, "args": {"Mata Bw Level": 0}, "ph": "C"}, {"name": "L2 Buffer Bw Level", "ts": 1716620731399029.8, "pid": 315212000, "tid": 0, "args": {"L2 Buffer Bw Level": 0}, "ph": "C"}, {"name": "Mata Bw Level", "ts": 1716620731439990.5, "pid": 315212000, "tid": 0, "args": {"Mata Bw Level": 0}, "ph": "C"}, {"name": "L2 Buffer Bw Level", "ts": 1716620731439990.5, "pid": 315212000, "tid": 0, "args": {"L2 Buffer Bw Level": 0}, "ph": "C"}, {"name": "Mata Bw Level", "ts": 1716620731480951.5, "pid": 315212000, "tid": 0, "args": {"Mata Bw Level": 0}, "ph": "C"}, {"name": "L2 Buffer Bw Level", "ts": 1716620731480951.5, "pid": 315212000, "tid": 0, "args": {"L2 Buffer Bw Level": 0}, "ph": "C"}, {"name": "Mata Bw Level", "ts": 1716620731521912.2, "pid": 315212000, "tid": 0, "args": {"Mata Bw Level": 0}, "ph": "C"}, {"name": "L2 Buffer Bw Level", "ts": 1716620731521912.2, "pid": 315212000, "tid": 0, "args": {"L2 Buffer Bw Level": 0}, "ph": "C"}, {"name": "Mata Bw Level", "ts": 1716620731562873.0, "pid": 315212000, "tid": 0, "args": {"Mata Bw Level": 0}, "ph": "C"}, {"name": "L2 Buffer Bw Level", "ts": 1716620731562873.0, "pid": 315212000, "tid": 0, "args": {"L2 Buffer Bw Level": 0}, "ph": "C"}, {"name": "Mata Bw Level", "ts": 1716620731603833.8, "pid": 315212000, "tid": 0, "args": {"Mata Bw Level": 0}, "ph": "C"}, {"name": "L2 Buffer Bw Level", "ts": 1716620731603833.8, "pid": 315212000, "tid": 0, "args": {"L2 Buffer Bw Level": 0}, "ph": "C"}, {"name": "Mata Bw Level", "ts": 1716620731644794.8, "pid": 315212000, "tid": 0, "args": {"Mata Bw Level": 0}, "ph": "C"}, {"name": "L2 Buffer Bw Level", "ts": 1716620731644794.8, "pid": 315212000, "tid": 0, "args": {"L2 Buffer Bw Level": 0}, "ph": "C"}, {"name": "Mata Bw Level", "ts": 1716620731685755.5, "pid": 315212000, "tid": 0, "args": {"Mata Bw Level": 0}, "ph": "C"}, {"name": "L2 Buffer Bw Level", "ts": 1716620731685755.5, "pid": 315212000, "tid": 0, "args": {"L2 Buffer Bw Level": 0}, "ph": "C"}, {"name": "Mata Bw Level", "ts": 1716620731726716.2, "pid": 315212000, "tid": 0, "args": {"Mata Bw Level": 0}, "ph": "C"}, {"name": "L2 Buffer Bw Level", "ts": 1716620731726716.2, "pid": 315212000, "tid": 0, "args": {"L2 Buffer Bw Level": 7}, "ph": "C"}, {"name": "Mata Bw Level", "ts": 1716620731767677.2, "pid": 315212000, "tid": 0, "args": {"Mata Bw Level": 0}, "ph": "C"}, {"name": "L2 Buffer Bw Level", "ts": 1716620731767677.2, "pid": 315212000, "tid": 0, "args": {"L2 Buffer Bw Level": 0}, "ph": "C"}, {"name": "Mata Bw Level", "ts": 1716620731808638.0, "pid": 315212000, "tid": 0, "args": {"Mata Bw Level": 0}, "ph": "C"}, {"name": "L2 Buffer Bw Level", "ts": 1716620731808638.0, "pid": 315212000, "tid": 0, "args": {"L2 Buffer Bw Level": 0}, "ph": "C"}, {"name": "Mata Bw Level", "ts": 1716620731849598.8, "pid": 315212000, "tid": 0, "args": {"Mata Bw Level": 0}, "ph": "C"}, {"name": "L2 Buffer Bw Level", "ts": 1716620731849598.8, "pid": 315212000, "tid": 0, "args": {"L2 Buffer Bw Level": 0}, "ph": "C"}, {"name": "Mata Bw Level", "ts": 1716620731890559.5, "pid": 315212000, "tid": 0, "args": {"Mata Bw Level": 0}, "ph": "C"}, {"name": "L2 Buffer Bw Level", "ts": 1716620731890559.5, "pid": 315212000, "tid": 0, "args": {"L2 Buffer Bw Level": 0}, "ph": "C"}, {"name": "Mata Bw Level", "ts": 1716620731931520.5, "pid": 315212000, "tid": 0, "args": {"Mata Bw Level": 0}, "ph": "C"}, {"name": "L2 Buffer Bw Level", "ts": 1716620731931520.5, "pid": 315212000, "tid": 0, "args": {"L2 Buffer Bw Level": 0}, "ph": "C"}, {"name": "Mata Bw Level", "ts": 1716620731972481.2, "pid": 315212000, "tid": 0, "args": {"Mata Bw Level": 0}, "ph": "C"}, {"name": "L2 Buffer Bw Level", "ts": 1716620731972481.2, "pid": 315212000, "tid": 0, "args": {"L2 Buffer Bw Level": 0}, "ph": "C"}, {"name": "Mata Bw Level", "ts": 1716620732013442.0, "pid": 315212000, "tid": 0, "args": {"Mata Bw Level": 0}, "ph": "C"}, {"name": "L2 Buffer Bw Level", "ts": 1716620732013442.0, "pid": 315212000, "tid": 0, "args": {"L2 Buffer Bw Level": 0}, "ph": "C"}, {"name": "Mata Bw Level", "ts": 1716620732054403.0, "pid": 315212000, "tid": 0, "args": {"Mata Bw Level": 0}, "ph": "C"}, {"name": "L2 Buffer Bw Level", "ts": 1716620732054403.0, "pid": 315212000, "tid": 0, "args": {"L2 Buffer Bw Level": 0}, "ph": "C"}, {"name": "Mata Bw Level", "ts": 1716620732095363.8, "pid": 315212000, "tid": 0, "args": {"Mata Bw Level": 0}, "ph": "C"}, {"name": "L2 Buffer Bw Level", "ts": 1716620732095363.8, "pid": 315212000, "tid": 0, "args": {"L2 Buffer Bw Level": 0}, "ph": "C"}, {"name": "Mata Bw Level", "ts": 1716620732136324.5, "pid": 315212000, "tid": 0, "args": {"Mata Bw Level": 0}, "ph": "C"}, {"name": "L2 Buffer Bw Level", "ts": 1716620732136324.5, "pid": 315212000, "tid": 0, "args": {"L2 Buffer Bw Level": 0}, "ph": "C"}, {"name": "Mata Bw Level", "ts": 1716620732177285.2, "pid": 315212000, "tid": 0, "args": {"Mata Bw Level": 0}, "ph": "C"}, {"name": "L2 Buffer Bw Level", "ts": 1716620732177285.2, "pid": 315212000, "tid": 0, "args": {"L2 Buffer Bw Level": 0}, "ph": "C"}, {"name": "Mata Bw Level", "ts": 1716620732218246.2, "pid": 315212000, "tid": 0, "args": {"Mata Bw Level": 0}, "ph": "C"}, {"name": "L2 Buffer Bw Level", "ts": 1716620732218246.2, "pid": 315212000, "tid": 0, "args": {"L2 Buffer Bw Level": 0}, "ph": "C"}, {"name": "Mata Bw Level", "ts": 1716620732259207.0, "pid": 315212000, "tid": 0, "args": {"Mata Bw Level": 0}, "ph": "C"}, {"name": "L2 Buffer Bw Level", "ts": 1716620732259207.0, "pid": 315212000, "tid": 0, "args": {"L2 Buffer Bw Level": 0}, "ph": "C"}, {"name": "Mata Bw Level", "ts": 1716620732300167.8, "pid": 315212000, "tid": 0, "args": {"Mata Bw Level": 0}, "ph": "C"}, {"name": "L2 Buffer Bw Level", "ts": 1716620732300167.8, "pid": 315212000, "tid": 0, "args": {"L2 Buffer Bw Level": 0}, "ph": "C"}, {"name": "Mata Bw Level", "ts": 1716620732341128.8, "pid": 315212000, "tid": 0, "args": {"Mata Bw Level": 0}, "ph": "C"}, {"name": "L2 Buffer Bw Level", "ts": 1716620732341128.8, "pid": 315212000, "tid": 0, "args": {"L2 Buffer Bw Level": 0}, "ph": "C"}, {"name": "Mata Bw Level", "ts": 1716620732382089.5, "pid": 315212000, "tid": 0, "args": {"Mata Bw Level": 0}, "ph": "C"}, {"name": "L2 Buffer Bw Level", "ts": 1716620732382089.5, "pid": 315212000, "tid": 0, "args": {"L2 Buffer Bw Level": 0}, "ph": "C"}, {"name": "Mata Bw Level", "ts": 1716620732423050.2, "pid": 315212000, "tid": 0, "args": {"Mata Bw Level": 0}, "ph": "C"}, {"name": "L2 Buffer Bw Level", "ts": 1716620732423050.2, "pid": 315212000, "tid": 0, "args": {"L2 Buffer Bw Level": 0}, "ph": "C"}, {"name": "Mata Bw Level", "ts": 1716620732464011.0, "pid": 315212000, "tid": 0, "args": {"Mata Bw Level": 0}, "ph": "C"}, {"name": "L2 Buffer Bw Level", "ts": 1716620732464011.0, "pid": 315212000, "tid": 0, "args": {"L2 Buffer Bw Level": 0}, "ph": "C"}, {"name": "Mata Bw Level", "ts": 1716620732504972.0, "pid": 315212000, "tid": 0, "args": {"Mata Bw Level": 0}, "ph": "C"}, {"name": "L2 Buffer Bw Level", "ts": 1716620732504972.0, "pid": 315212000, "tid": 0, "args": {"L2 Buffer Bw Level": 0}, "ph": "C"}, {"name": "Mata Bw Level", "ts": 1716620732545932.8, "pid": 315212000, "tid": 0, "args": {"Mata Bw Level": 0}, "ph": "C"}, {"name": "L2 Buffer Bw Level", "ts": 1716620732545932.8, "pid": 315212000, "tid": 0, "args": {"L2 Buffer Bw Level": 0}, "ph": "C"}, {"name": "Mata Bw Level", "ts": 1716620732586893.5, "pid": 315212000, "tid": 0, "args": {"Mata Bw Level": 0}, "ph": "C"}, {"name": "L2 Buffer Bw Level", "ts": 1716620732586893.5, "pid": 315212000, "tid": 0, "args": {"L2 Buffer Bw Level": 0}, "ph": "C"}, {"name": "Mata Bw Level", "ts": 1716620732627854.5, "pid": 315212000, "tid": 0, "args": {"Mata Bw Level": 0}, "ph": "C"}, {"name": "L2 Buffer Bw Level", "ts": 1716620732627854.5, "pid": 315212000, "tid": 0, "args": {"L2 Buffer Bw Level": 0}, "ph": "C"}, {"name": "Mata Bw Level", "ts": 1716620732668815.2, "pid": 315212000, "tid": 0, "args": {"Mata Bw Level": 0}, "ph": "C"}, {"name": "L2 Buffer Bw Level", "ts": 1716620732668815.2, "pid": 315212000, "tid": 0, "args": {"L2 Buffer Bw Level": 0}, "ph": "C"}, {"name": "Mata Bw Level", "ts": 1716620732709776.0, "pid": 315212000, "tid": 0, "args": {"Mata Bw Level": 0}, "ph": "C"}, {"name": "L2 Buffer Bw Level", "ts": 1716620732709776.0, "pid": 315212000, "tid": 0, "args": {"L2 Buffer Bw Level": 0}, "ph": "C"}, {"name": "Mata Bw Level", "ts": 1716620732750736.8, "pid": 315212000, "tid": 0, "args": {"Mata Bw Level": 0}, "ph": "C"}, {"name": "L2 Buffer Bw Level", "ts": 1716620732750736.8, "pid": 315212000, "tid": 0, "args": {"L2 Buffer Bw Level": 0}, "ph": "C"}, {"name": "Mata Bw Level", "ts": 1716620732791697.8, "pid": 315212000, "tid": 0, "args": {"Mata Bw Level": 0}, "ph": "C"}, {"name": "L2 Buffer Bw Level", "ts": 1716620732791697.8, "pid": 315212000, "tid": 0, "args": {"L2 Buffer Bw Level": 0}, "ph": "C"}, {"name": "Mata Bw Level", "ts": 1716620732832658.5, "pid": 315212000, "tid": 0, "args": {"Mata Bw Level": 0}, "ph": "C"}, {"name": "L2 Buffer Bw Level", "ts": 1716620732832658.5, "pid": 315212000, "tid": 0, "args": {"L2 Buffer Bw Level": 0}, "ph": "C"}, {"name": "Mata Bw Level", "ts": 1716620732873619.2, "pid": 315212000, "tid": 0, "args": {"Mata Bw Level": 0}, "ph": "C"}, {"name": "L2 Buffer Bw Level", "ts": 1716620732873619.2, "pid": 315212000, "tid": 0, "args": {"L2 Buffer Bw Level": 0}, "ph": "C"}, {"name": "Mata Bw Level", "ts": 1716620732914580.0, "pid": 315212000, "tid": 0, "args": {"Mata Bw Level": 0}, "ph": "C"}, {"name": "L2 Buffer Bw Level", "ts": 1716620732914580.0, "pid": 315212000, "tid": 0, "args": {"L2 Buffer Bw Level": 0}, "ph": "C"}, {"name": "Mata Bw Level", "ts": 1716620732955541.0, "pid": 315212000, "tid": 0, "args": {"Mata Bw Level": 0}, "ph": "C"}, {"name": "L2 Buffer Bw Level", "ts": 1716620732955541.0, "pid": 315212000, "tid": 0, "args": {"L2 Buffer Bw Level": 0}, "ph": "C"}, {"name": "Mata Bw Level", "ts": 1716620732996501.8, "pid": 315212000, "tid": 0, "args": {"Mata Bw Level": 0}, "ph": "C"}, {"name": "L2 Buffer Bw Level", "ts": 1716620732996501.8, "pid": 315212000, "tid": 0, "args": {"L2 Buffer Bw Level": 0}, "ph": "C"}, {"name": "Mata Bw Level", "ts": 1716620733037462.5, "pid": 315212000, "tid": 0, "args": {"Mata Bw Level": 0}, "ph": "C"}, {"name": "L2 Buffer Bw Level", "ts": 1716620733037462.5, "pid": 315212000, "tid": 0, "args": {"L2 Buffer Bw Level": 0}, "ph": "C"}, {"name": "Mata Bw Level", "ts": 1716620733078423.5, "pid": 315212000, "tid": 0, "args": {"Mata Bw Level": 0}, "ph": "C"}, {"name": "L2 Buffer Bw Level", "ts": 1716620733078423.5, "pid": 315212000, "tid": 0, "args": {"L2 Buffer Bw Level": 0}, "ph": "C"}, {"name": "Mata Bw Level", "ts": 1716620733119384.2, "pid": 315212000, "tid": 0, "args": {"Mata Bw Level": 0}, "ph": "C"}, {"name": "L2 Buffer Bw Level", "ts": 1716620733119384.2, "pid": 315212000, "tid": 0, "args": {"L2 Buffer Bw Level": 0}, "ph": "C"}, {"name": "Mata Bw Level", "ts": 1716620733160345.0, "pid": 315212000, "tid": 0, "args": {"Mata Bw Level": 0}, "ph": "C"}, {"name": "L2 Buffer Bw Level", "ts": 1716620733160345.0, "pid": 315212000, "tid": 0, "args": {"L2 Buffer Bw Level": 0}, "ph": "C"}, {"name": "Mata Bw Level", "ts": 1716620733201305.8, "pid": 315212000, "tid": 0, "args": {"Mata Bw Level": 0}, "ph": "C"}, {"name": "L2 Buffer Bw Level", "ts": 1716620733201305.8, "pid": 315212000, "tid": 0, "args": {"L2 Buffer Bw Level": 0}, "ph": "C"}, {"name": "Mata Bw Level", "ts": 1716620733242266.8, "pid": 315212000, "tid": 0, "args": {"Mata Bw Level": 0}, "ph": "C"}, {"name": "L2 Buffer Bw Level", "ts": 1716620733242266.8, "pid": 315212000, "tid": 0, "args": {"L2 Buffer Bw Level": 0}, "ph": "C"}, {"name": "Mata Bw Level", "ts": 1716620733283227.5, "pid": 315212000, "tid": 0, "args": {"Mata Bw Level": 0}, "ph": "C"}, {"name": "L2 Buffer Bw Level", "ts": 1716620733283227.5, "pid": 315212000, "tid": 0, "args": {"L2 Buffer Bw Level": 0}, "ph": "C"}, {"name": "Mata Bw Level", "ts": 1716620733324188.2, "pid": 315212000, "tid": 0, "args": {"Mata Bw Level": 0}, "ph": "C"}, {"name": "L2 Buffer Bw Level", "ts": 1716620733324188.2, "pid": 315212000, "tid": 0, "args": {"L2 Buffer Bw Level": 0}, "ph": "C"}, {"name": "Mata Bw Level", "ts": 1716620733365149.2, "pid": 315212000, "tid": 0, "args": {"Mata Bw Level": 0}, "ph": "C"}, {"name": "L2 Buffer Bw Level", "ts": 1716620733365149.2, "pid": 315212000, "tid": 0, "args": {"L2 Buffer Bw Level": 0}, "ph": "C"}, {"name": "Mata Bw Level", "ts": 1716620733406110.0, "pid": 315212000, "tid": 0, "args": {"Mata Bw Level": 0}, "ph": "C"}, {"name": "L2 Buffer Bw Level", "ts": 1716620733406110.0, "pid": 315212000, "tid": 0, "args": {"L2 Buffer Bw Level": 0}, "ph": "C"}, {"name": "Mata Bw Level", "ts": 1716620733447070.8, "pid": 315212000, "tid": 0, "args": {"Mata Bw Level": 0}, "ph": "C"}, {"name": "L2 Buffer Bw Level", "ts": 1716620733447070.8, "pid": 315212000, "tid": 0, "args": {"L2 Buffer Bw Level": 0}, "ph": "C"}, {"name": "Mata Bw Level", "ts": 1716620733488031.5, "pid": 315212000, "tid": 0, "args": {"Mata Bw Level": 0}, "ph": "C"}, {"name": "L2 Buffer Bw Level", "ts": 1716620733488031.5, "pid": 315212000, "tid": 0, "args": {"L2 Buffer Bw Level": 0}, "ph": "C"}, {"name": "Mata Bw Level", "ts": 1716620733528992.5, "pid": 315212000, "tid": 0, "args": {"Mata Bw Level": 0}, "ph": "C"}, {"name": "L2 Buffer Bw Level", "ts": 1716620733528992.5, "pid": 315212000, "tid": 0, "args": {"L2 Buffer Bw Level": 0}, "ph": "C"}, {"name": "Mata Bw Level", "ts": 1716620733569953.2, "pid": 315212000, "tid": 0, "args": {"Mata Bw Level": 0}, "ph": "C"}, {"name": "L2 Buffer Bw Level", "ts": 1716620733569953.2, "pid": 315212000, "tid": 0, "args": {"L2 Buffer Bw Level": 0}, "ph": "C"}, {"name": "Mata Bw Level", "ts": 1716620733610914.0, "pid": 315212000, "tid": 0, "args": {"Mata Bw Level": 0}, "ph": "C"}, {"name": "L2 Buffer Bw Level", "ts": 1716620733610914.0, "pid": 315212000, "tid": 0, "args": {"L2 Buffer Bw Level": 0}, "ph": "C"}, {"name": "Mata Bw Level", "ts": 1716620733651875.0, "pid": 315212000, "tid": 0, "args": {"Mata Bw Level": 0}, "ph": "C"}, {"name": "L2 Buffer Bw Level", "ts": 1716620733651875.0, "pid": 315212000, "tid": 0, "args": {"L2 Buffer Bw Level": 0}, "ph": "C"}, {"name": "Mata Bw Level", "ts": 1716620733692835.8, "pid": 315212000, "tid": 0, "args": {"Mata Bw Level": 0}, "ph": "C"}, {"name": "L2 Buffer Bw Level", "ts": 1716620733692835.8, "pid": 315212000, "tid": 0, "args": {"L2 Buffer Bw Level": 0}, "ph": "C"}, {"name": "Mata Bw Level", "ts": 1716620733733796.5, "pid": 315212000, "tid": 0, "args": {"Mata Bw Level": 0}, "ph": "C"}, {"name": "L2 Buffer Bw Level", "ts": 1716620733733796.5, "pid": 315212000, "tid": 0, "args": {"L2 Buffer Bw Level": 0}, "ph": "C"}, {"name": "Mata Bw Level", "ts": 1716620733774757.2, "pid": 315212000, "tid": 0, "args": {"Mata Bw Level": 0}, "ph": "C"}, {"name": "L2 Buffer Bw Level", "ts": 1716620733774757.2, "pid": 315212000, "tid": 0, "args": {"L2 Buffer Bw Level": 0}, "ph": "C"}, {"name": "Mata Bw Level", "ts": 1716620733815718.2, "pid": 315212000, "tid": 0, "args": {"Mata Bw Level": 0}, "ph": "C"}, {"name": "L2 Buffer Bw Level", "ts": 1716620733815718.2, "pid": 315212000, "tid": 0, "args": {"L2 Buffer Bw Level": 0}, "ph": "C"}, {"name": "Mata Bw Level", "ts": 1716620733856679.0, "pid": 315212000, "tid": 0, "args": {"Mata Bw Level": 0}, "ph": "C"}, {"name": "L2 Buffer Bw Level", "ts": 1716620733856679.0, "pid": 315212000, "tid": 0, "args": {"L2 Buffer Bw Level": 0}, "ph": "C"}, {"name": "Mata Bw Level", "ts": 1716620733897639.8, "pid": 315212000, "tid": 0, "args": {"Mata Bw Level": 0}, "ph": "C"}, {"name": "L2 Buffer Bw Level", "ts": 1716620733897639.8, "pid": 315212000, "tid": 0, "args": {"L2 Buffer Bw Level": 0}, "ph": "C"}, {"name": "Mata Bw Level", "ts": 1716620733938600.8, "pid": 315212000, "tid": 0, "args": {"Mata Bw Level": 0}, "ph": "C"}, {"name": "L2 Buffer Bw Level", "ts": 1716620733938600.8, "pid": 315212000, "tid": 0, "args": {"L2 Buffer Bw Level": 0}, "ph": "C"}, {"name": "Mata Bw Level", "ts": 1716620733979561.5, "pid": 315212000, "tid": 0, "args": {"Mata Bw Level": 0}, "ph": "C"}, {"name": "L2 Buffer Bw Level", "ts": 1716620733979561.5, "pid": 315212000, "tid": 0, "args": {"L2 Buffer Bw Level": 0}, "ph": "C"}, {"name": "Mata Bw Level", "ts": 1716620734020522.2, "pid": 315212000, "tid": 0, "args": {"Mata Bw Level": 0}, "ph": "C"}, {"name": "L2 Buffer Bw Level", "ts": 1716620734020522.2, "pid": 315212000, "tid": 0, "args": {"L2 Buffer Bw Level": 0}, "ph": "C"}, {"name": "process_name", "pid": 315222001, "tid": 0, "args": {"name": "device_1 Stars Soc Info"}, "ph": "M"}, {"name": "process_labels", "pid": 315222001, "tid": 0, "args": {"labels": "NPU"}, "ph": "M"}, {"name": "process_sort_index", "pid": 315222001, "tid": 0, "args": {"sort_index": 20}, "ph": "M"}, {"name": "Mata Bw Level", "ts": 1716620726698797.8, "pid": 315222001, "tid": 0, "args": {"Mata Bw Level": 0}, "ph": "C"}, {"name": "L2 Buffer Bw Level", "ts": 1716620726698797.8, "pid": 315222001, "tid": 0, "args": {"L2 Buffer Bw Level": 0}, "ph": "C"}, {"name": "Mata Bw Level", "ts": 1716620726739758.5, "pid": 315222001, "tid": 0, "args": {"Mata Bw Level": 0}, "ph": "C"}, {"name": "L2 Buffer Bw Level", "ts": 1716620726739758.5, "pid": 315222001, "tid": 0, "args": {"L2 Buffer Bw Level": 0}, "ph": "C"}, {"name": "Mata Bw Level", "ts": 1716620726780719.5, "pid": 315222001, "tid": 0, "args": {"Mata Bw Level": 0}, "ph": "C"}, {"name": "L2 Buffer Bw Level", "ts": 1716620726780719.5, "pid": 315222001, "tid": 0, "args": {"L2 Buffer Bw Level": 0}, "ph": "C"}, {"name": "Mata Bw Level", "ts": 1716620726821680.2, "pid": 315222001, "tid": 0, "args": {"Mata Bw Level": 0}, "ph": "C"}, {"name": "L2 Buffer Bw Level", "ts": 1716620726821680.2, "pid": 315222001, "tid": 0, "args": {"L2 Buffer Bw Level": 0}, "ph": "C"}, {"name": "Mata Bw Level", "ts": 1716620726862641.0, "pid": 315222001, "tid": 0, "args": {"Mata Bw Level": 0}, "ph": "C"}, {"name": "L2 Buffer Bw Level", "ts": 1716620726862641.0, "pid": 315222001, "tid": 0, "args": {"L2 Buffer Bw Level": 0}, "ph": "C"}, {"name": "Mata Bw Level", "ts": 1716620726903601.8, "pid": 315222001, "tid": 0, "args": {"Mata Bw Level": 0}, "ph": "C"}, {"name": "L2 Buffer Bw Level", "ts": 1716620726903601.8, "pid": 315222001, "tid": 0, "args": {"L2 Buffer Bw Level": 0}, "ph": "C"}, {"name": "Mata Bw Level", "ts": 1716620726944562.8, "pid": 315222001, "tid": 0, "args": {"Mata Bw Level": 0}, "ph": "C"}, {"name": "L2 Buffer Bw Level", "ts": 1716620726944562.8, "pid": 315222001, "tid": 0, "args": {"L2 Buffer Bw Level": 0}, "ph": "C"}, {"name": "Mata Bw Level", "ts": 1716620726985523.5, "pid": 315222001, "tid": 0, "args": {"Mata Bw Level": 0}, "ph": "C"}, {"name": "L2 Buffer Bw Level", "ts": 1716620726985523.5, "pid": 315222001, "tid": 0, "args": {"L2 Buffer Bw Level": 0}, "ph": "C"}, {"name": "Mata Bw Level", "ts": 1716620727026484.2, "pid": 315222001, "tid": 0, "args": {"Mata Bw Level": 0}, "ph": "C"}, {"name": "L2 Buffer Bw Level", "ts": 1716620727026484.2, "pid": 315222001, "tid": 0, "args": {"L2 Buffer Bw Level": 0}, "ph": "C"}, {"name": "Mata Bw Level", "ts": 1716620727067445.2, "pid": 315222001, "tid": 0, "args": {"Mata Bw Level": 0}, "ph": "C"}, {"name": "L2 Buffer Bw Level", "ts": 1716620727067445.2, "pid": 315222001, "tid": 0, "args": {"L2 Buffer Bw Level": 0}, "ph": "C"}, {"name": "Mata Bw Level", "ts": 1716620727108406.0, "pid": 315222001, "tid": 0, "args": {"Mata Bw Level": 0}, "ph": "C"}, {"name": "L2 Buffer Bw Level", "ts": 1716620727108406.0, "pid": 315222001, "tid": 0, "args": {"L2 Buffer Bw Level": 0}, "ph": "C"}, {"name": "Mata Bw Level", "ts": 1716620727149366.8, "pid": 315222001, "tid": 0, "args": {"Mata Bw Level": 0}, "ph": "C"}, {"name": "L2 Buffer Bw Level", "ts": 1716620727149366.8, "pid": 315222001, "tid": 0, "args": {"L2 Buffer Bw Level": 0}, "ph": "C"}, {"name": "Mata Bw Level", "ts": 1716620727190327.5, "pid": 315222001, "tid": 0, "args": {"Mata Bw Level": 0}, "ph": "C"}, {"name": "L2 Buffer Bw Level", "ts": 1716620727190327.5, "pid": 315222001, "tid": 0, "args": {"L2 Buffer Bw Level": 0}, "ph": "C"}, {"name": "Mata Bw Level", "ts": 1716620727231288.5, "pid": 315222001, "tid": 0, "args": {"Mata Bw Level": 0}, "ph": "C"}, {"name": "L2 Buffer Bw Level", "ts": 1716620727231288.5, "pid": 315222001, "tid": 0, "args": {"L2 Buffer Bw Level": 0}, "ph": "C"}, {"name": "Mata Bw Level", "ts": 1716620727272249.2, "pid": 315222001, "tid": 0, "args": {"Mata Bw Level": 0}, "ph": "C"}, {"name": "L2 Buffer Bw Level", "ts": 1716620727272249.2, "pid": 315222001, "tid": 0, "args": {"L2 Buffer Bw Level": 0}, "ph": "C"}, {"name": "Mata Bw Level", "ts": 1716620727313210.0, "pid": 315222001, "tid": 0, "args": {"Mata Bw Level": 0}, "ph": "C"}, {"name": "L2 Buffer Bw Level", "ts": 1716620727313210.0, "pid": 315222001, "tid": 0, "args": {"L2 Buffer Bw Level": 0}, "ph": "C"}, {"name": "Mata Bw Level", "ts": 1716620727354171.0, "pid": 315222001, "tid": 0, "args": {"Mata Bw Level": 0}, "ph": "C"}, {"name": "L2 Buffer Bw Level", "ts": 1716620727354171.0, "pid": 315222001, "tid": 0, "args": {"L2 Buffer Bw Level": 0}, "ph": "C"}, {"name": "Mata Bw Level", "ts": 1716620727395131.8, "pid": 315222001, "tid": 0, "args": {"Mata Bw Level": 0}, "ph": "C"}, {"name": "L2 Buffer Bw Level", "ts": 1716620727395131.8, "pid": 315222001, "tid": 0, "args": {"L2 Buffer Bw Level": 0}, "ph": "C"}, {"name": "Mata Bw Level", "ts": 1716620727436092.5, "pid": 315222001, "tid": 0, "args": {"Mata Bw Level": 0}, "ph": "C"}, {"name": "L2 Buffer Bw Level", "ts": 1716620727436092.5, "pid": 315222001, "tid": 0, "args": {"L2 Buffer Bw Level": 0}, "ph": "C"}, {"name": "Mata Bw Level", "ts": 1716620727477053.2, "pid": 315222001, "tid": 0, "args": {"Mata Bw Level": 0}, "ph": "C"}, {"name": "L2 Buffer Bw Level", "ts": 1716620727477053.2, "pid": 315222001, "tid": 0, "args": {"L2 Buffer Bw Level": 0}, "ph": "C"}, {"name": "Mata Bw Level", "ts": 1716620727518014.2, "pid": 315222001, "tid": 0, "args": {"Mata Bw Level": 0}, "ph": "C"}, {"name": "L2 Buffer Bw Level", "ts": 1716620727518014.2, "pid": 315222001, "tid": 0, "args": {"L2 Buffer Bw Level": 0}, "ph": "C"}, {"name": "Mata Bw Level", "ts": 1716620727558975.0, "pid": 315222001, "tid": 0, "args": {"Mata Bw Level": 0}, "ph": "C"}, {"name": "L2 Buffer Bw Level", "ts": 1716620727558975.0, "pid": 315222001, "tid": 0, "args": {"L2 Buffer Bw Level": 0}, "ph": "C"}, {"name": "Mata Bw Level", "ts": 1716620727599935.8, "pid": 315222001, "tid": 0, "args": {"Mata Bw Level": 0}, "ph": "C"}, {"name": "L2 Buffer Bw Level", "ts": 1716620727599935.8, "pid": 315222001, "tid": 0, "args": {"L2 Buffer Bw Level": 0}, "ph": "C"}, {"name": "Mata Bw Level", "ts": 1716620727640896.8, "pid": 315222001, "tid": 0, "args": {"Mata Bw Level": 0}, "ph": "C"}, {"name": "L2 Buffer Bw Level", "ts": 1716620727640896.8, "pid": 315222001, "tid": 0, "args": {"L2 Buffer Bw Level": 0}, "ph": "C"}, {"name": "Mata Bw Level", "ts": 1716620727681857.5, "pid": 315222001, "tid": 0, "args": {"Mata Bw Level": 0}, "ph": "C"}, {"name": "L2 Buffer Bw Level", "ts": 1716620727681857.5, "pid": 315222001, "tid": 0, "args": {"L2 Buffer Bw Level": 0}, "ph": "C"}, {"name": "Mata Bw Level", "ts": 1716620727722818.2, "pid": 315222001, "tid": 0, "args": {"Mata Bw Level": 0}, "ph": "C"}, {"name": "L2 Buffer Bw Level", "ts": 1716620727722818.2, "pid": 315222001, "tid": 0, "args": {"L2 Buffer Bw Level": 0}, "ph": "C"}, {"name": "Mata Bw Level", "ts": 1716620727763779.0, "pid": 315222001, "tid": 0, "args": {"Mata Bw Level": 0}, "ph": "C"}, {"name": "L2 Buffer Bw Level", "ts": 1716620727763779.0, "pid": 315222001, "tid": 0, "args": {"L2 Buffer Bw Level": 0}, "ph": "C"}, {"name": "Mata Bw Level", "ts": 1716620727804740.0, "pid": 315222001, "tid": 0, "args": {"Mata Bw Level": 0}, "ph": "C"}, {"name": "L2 Buffer Bw Level", "ts": 1716620727804740.0, "pid": 315222001, "tid": 0, "args": {"L2 Buffer Bw Level": 0}, "ph": "C"}, {"name": "Mata Bw Level", "ts": 1716620727845700.8, "pid": 315222001, "tid": 0, "args": {"Mata Bw Level": 0}, "ph": "C"}, {"name": "L2 Buffer Bw Level", "ts": 1716620727845700.8, "pid": 315222001, "tid": 0, "args": {"L2 Buffer Bw Level": 0}, "ph": "C"}, {"name": "Mata Bw Level", "ts": 1716620727886661.5, "pid": 315222001, "tid": 0, "args": {"Mata Bw Level": 0}, "ph": "C"}, {"name": "L2 Buffer Bw Level", "ts": 1716620727886661.5, "pid": 315222001, "tid": 0, "args": {"L2 Buffer Bw Level": 0}, "ph": "C"}, {"name": "Mata Bw Level", "ts": 1716620727927622.2, "pid": 315222001, "tid": 0, "args": {"Mata Bw Level": 0}, "ph": "C"}, {"name": "L2 Buffer Bw Level", "ts": 1716620727927622.2, "pid": 315222001, "tid": 0, "args": {"L2 Buffer Bw Level": 0}, "ph": "C"}, {"name": "Mata Bw Level", "ts": 1716620727968583.2, "pid": 315222001, "tid": 0, "args": {"Mata Bw Level": 0}, "ph": "C"}, {"name": "L2 Buffer Bw Level", "ts": 1716620727968583.2, "pid": 315222001, "tid": 0, "args": {"L2 Buffer Bw Level": 0}, "ph": "C"}, {"name": "Mata Bw Level", "ts": 1716620728009544.0, "pid": 315222001, "tid": 0, "args": {"Mata Bw Level": 0}, "ph": "C"}, {"name": "L2 Buffer Bw Level", "ts": 1716620728009544.0, "pid": 315222001, "tid": 0, "args": {"L2 Buffer Bw Level": 0}, "ph": "C"}, {"name": "Mata Bw Level", "ts": 1716620728050504.8, "pid": 315222001, "tid": 0, "args": {"Mata Bw Level": 0}, "ph": "C"}, {"name": "L2 Buffer Bw Level", "ts": 1716620728050504.8, "pid": 315222001, "tid": 0, "args": {"L2 Buffer Bw Level": 0}, "ph": "C"}, {"name": "Mata Bw Level", "ts": 1716620728091465.8, "pid": 315222001, "tid": 0, "args": {"Mata Bw Level": 0}, "ph": "C"}, {"name": "L2 Buffer Bw Level", "ts": 1716620728091465.8, "pid": 315222001, "tid": 0, "args": {"L2 Buffer Bw Level": 0}, "ph": "C"}, {"name": "Mata Bw Level", "ts": 1716620728132426.5, "pid": 315222001, "tid": 0, "args": {"Mata Bw Level": 0}, "ph": "C"}, {"name": "L2 Buffer Bw Level", "ts": 1716620728132426.5, "pid": 315222001, "tid": 0, "args": {"L2 Buffer Bw Level": 0}, "ph": "C"}, {"name": "Mata Bw Level", "ts": 1716620728173387.2, "pid": 315222001, "tid": 0, "args": {"Mata Bw Level": 0}, "ph": "C"}, {"name": "L2 Buffer Bw Level", "ts": 1716620728173387.2, "pid": 315222001, "tid": 0, "args": {"L2 Buffer Bw Level": 0}, "ph": "C"}, {"name": "Mata Bw Level", "ts": 1716620728214348.0, "pid": 315222001, "tid": 0, "args": {"Mata Bw Level": 0}, "ph": "C"}, {"name": "L2 Buffer Bw Level", "ts": 1716620728214348.0, "pid": 315222001, "tid": 0, "args": {"L2 Buffer Bw Level": 0}, "ph": "C"}, {"name": "Mata Bw Level", "ts": 1716620728255309.0, "pid": 315222001, "tid": 0, "args": {"Mata Bw Level": 0}, "ph": "C"}, {"name": "L2 Buffer Bw Level", "ts": 1716620728255309.0, "pid": 315222001, "tid": 0, "args": {"L2 Buffer Bw Level": 0}, "ph": "C"}, {"name": "Mata Bw Level", "ts": 1716620728296269.8, "pid": 315222001, "tid": 0, "args": {"Mata Bw Level": 0}, "ph": "C"}, {"name": "L2 Buffer Bw Level", "ts": 1716620728296269.8, "pid": 315222001, "tid": 0, "args": {"L2 Buffer Bw Level": 0}, "ph": "C"}, {"name": "Mata Bw Level", "ts": 1716620728337230.5, "pid": 315222001, "tid": 0, "args": {"Mata Bw Level": 0}, "ph": "C"}, {"name": "L2 Buffer Bw Level", "ts": 1716620728337230.5, "pid": 315222001, "tid": 0, "args": {"L2 Buffer Bw Level": 0}, "ph": "C"}, {"name": "Mata Bw Level", "ts": 1716620728378191.5, "pid": 315222001, "tid": 0, "args": {"Mata Bw Level": 0}, "ph": "C"}, {"name": "L2 Buffer Bw Level", "ts": 1716620728378191.5, "pid": 315222001, "tid": 0, "args": {"L2 Buffer Bw Level": 0}, "ph": "C"}, {"name": "Mata Bw Level", "ts": 1716620728419152.2, "pid": 315222001, "tid": 0, "args": {"Mata Bw Level": 0}, "ph": "C"}, {"name": "L2 Buffer Bw Level", "ts": 1716620728419152.2, "pid": 315222001, "tid": 0, "args": {"L2 Buffer Bw Level": 0}, "ph": "C"}, {"name": "Mata Bw Level", "ts": 1716620728460113.0, "pid": 315222001, "tid": 0, "args": {"Mata Bw Level": 0}, "ph": "C"}, {"name": "L2 Buffer Bw Level", "ts": 1716620728460113.0, "pid": 315222001, "tid": 0, "args": {"L2 Buffer Bw Level": 0}, "ph": "C"}, {"name": "Mata Bw Level", "ts": 1716620728501073.8, "pid": 315222001, "tid": 0, "args": {"Mata Bw Level": 0}, "ph": "C"}, {"name": "L2 Buffer Bw Level", "ts": 1716620728501073.8, "pid": 315222001, "tid": 0, "args": {"L2 Buffer Bw Level": 0}, "ph": "C"}, {"name": "Mata Bw Level", "ts": 1716620728542034.8, "pid": 315222001, "tid": 0, "args": {"Mata Bw Level": 0}, "ph": "C"}, {"name": "L2 Buffer Bw Level", "ts": 1716620728542034.8, "pid": 315222001, "tid": 0, "args": {"L2 Buffer Bw Level": 0}, "ph": "C"}, {"name": "Mata Bw Level", "ts": 1716620728582995.5, "pid": 315222001, "tid": 0, "args": {"Mata Bw Level": 0}, "ph": "C"}, {"name": "L2 Buffer Bw Level", "ts": 1716620728582995.5, "pid": 315222001, "tid": 0, "args": {"L2 Buffer Bw Level": 0}, "ph": "C"}, {"name": "Mata Bw Level", "ts": 1716620728623956.2, "pid": 315222001, "tid": 0, "args": {"Mata Bw Level": 0}, "ph": "C"}, {"name": "L2 Buffer Bw Level", "ts": 1716620728623956.2, "pid": 315222001, "tid": 0, "args": {"L2 Buffer Bw Level": 0}, "ph": "C"}, {"name": "Mata Bw Level", "ts": 1716620728664917.2, "pid": 315222001, "tid": 0, "args": {"Mata Bw Level": 0}, "ph": "C"}, {"name": "L2 Buffer Bw Level", "ts": 1716620728664917.2, "pid": 315222001, "tid": 0, "args": {"L2 Buffer Bw Level": 0}, "ph": "C"}, {"name": "Mata Bw Level", "ts": 1716620728705878.0, "pid": 315222001, "tid": 0, "args": {"Mata Bw Level": 0}, "ph": "C"}, {"name": "L2 Buffer Bw Level", "ts": 1716620728705878.0, "pid": 315222001, "tid": 0, "args": {"L2 Buffer Bw Level": 0}, "ph": "C"}, {"name": "Mata Bw Level", "ts": 1716620728746838.8, "pid": 315222001, "tid": 0, "args": {"Mata Bw Level": 0}, "ph": "C"}, {"name": "L2 Buffer Bw Level", "ts": 1716620728746838.8, "pid": 315222001, "tid": 0, "args": {"L2 Buffer Bw Level": 0}, "ph": "C"}, {"name": "Mata Bw Level", "ts": 1716620728787799.5, "pid": 315222001, "tid": 0, "args": {"Mata Bw Level": 0}, "ph": "C"}, {"name": "L2 Buffer Bw Level", "ts": 1716620728787799.5, "pid": 315222001, "tid": 0, "args": {"L2 Buffer Bw Level": 0}, "ph": "C"}, {"name": "Mata Bw Level", "ts": 1716620728828760.5, "pid": 315222001, "tid": 0, "args": {"Mata Bw Level": 0}, "ph": "C"}, {"name": "L2 Buffer Bw Level", "ts": 1716620728828760.5, "pid": 315222001, "tid": 0, "args": {"L2 Buffer Bw Level": 0}, "ph": "C"}, {"name": "Mata Bw Level", "ts": 1716620728869721.2, "pid": 315222001, "tid": 0, "args": {"Mata Bw Level": 0}, "ph": "C"}, {"name": "L2 Buffer Bw Level", "ts": 1716620728869721.2, "pid": 315222001, "tid": 0, "args": {"L2 Buffer Bw Level": 0}, "ph": "C"}, {"name": "Mata Bw Level", "ts": 1716620728910682.0, "pid": 315222001, "tid": 0, "args": {"Mata Bw Level": 0}, "ph": "C"}, {"name": "L2 Buffer Bw Level", "ts": 1716620728910682.0, "pid": 315222001, "tid": 0, "args": {"L2 Buffer Bw Level": 0}, "ph": "C"}, {"name": "Mata Bw Level", "ts": 1716620728951643.0, "pid": 315222001, "tid": 0, "args": {"Mata Bw Level": 0}, "ph": "C"}, {"name": "L2 Buffer Bw Level", "ts": 1716620728951643.0, "pid": 315222001, "tid": 0, "args": {"L2 Buffer Bw Level": 0}, "ph": "C"}, {"name": "Mata Bw Level", "ts": 1716620728992603.8, "pid": 315222001, "tid": 0, "args": {"Mata Bw Level": 0}, "ph": "C"}, {"name": "L2 Buffer Bw Level", "ts": 1716620728992603.8, "pid": 315222001, "tid": 0, "args": {"L2 Buffer Bw Level": 0}, "ph": "C"}, {"name": "Mata Bw Level", "ts": 1716620729033564.5, "pid": 315222001, "tid": 0, "args": {"Mata Bw Level": 0}, "ph": "C"}, {"name": "L2 Buffer Bw Level", "ts": 1716620729033564.5, "pid": 315222001, "tid": 0, "args": {"L2 Buffer Bw Level": 0}, "ph": "C"}, {"name": "Mata Bw Level", "ts": 1716620729074525.2, "pid": 315222001, "tid": 0, "args": {"Mata Bw Level": 0}, "ph": "C"}, {"name": "L2 Buffer Bw Level", "ts": 1716620729074525.2, "pid": 315222001, "tid": 0, "args": {"L2 Buffer Bw Level": 0}, "ph": "C"}, {"name": "Mata Bw Level", "ts": 1716620729115486.2, "pid": 315222001, "tid": 0, "args": {"Mata Bw Level": 0}, "ph": "C"}, {"name": "L2 Buffer Bw Level", "ts": 1716620729115486.2, "pid": 315222001, "tid": 0, "args": {"L2 Buffer Bw Level": 0}, "ph": "C"}, {"name": "Mata Bw Level", "ts": 1716620729156447.0, "pid": 315222001, "tid": 0, "args": {"Mata Bw Level": 0}, "ph": "C"}, {"name": "L2 Buffer Bw Level", "ts": 1716620729156447.0, "pid": 315222001, "tid": 0, "args": {"L2 Buffer Bw Level": 0}, "ph": "C"}, {"name": "Mata Bw Level", "ts": 1716620729197407.8, "pid": 315222001, "tid": 0, "args": {"Mata Bw Level": 0}, "ph": "C"}, {"name": "L2 Buffer Bw Level", "ts": 1716620729197407.8, "pid": 315222001, "tid": 0, "args": {"L2 Buffer Bw Level": 0}, "ph": "C"}, {"name": "Mata Bw Level", "ts": 1716620729238368.8, "pid": 315222001, "tid": 0, "args": {"Mata Bw Level": 0}, "ph": "C"}, {"name": "L2 Buffer Bw Level", "ts": 1716620729238368.8, "pid": 315222001, "tid": 0, "args": {"L2 Buffer Bw Level": 0}, "ph": "C"}, {"name": "Mata Bw Level", "ts": 1716620729279329.5, "pid": 315222001, "tid": 0, "args": {"Mata Bw Level": 0}, "ph": "C"}, {"name": "L2 Buffer Bw Level", "ts": 1716620729279329.5, "pid": 315222001, "tid": 0, "args": {"L2 Buffer Bw Level": 0}, "ph": "C"}, {"name": "Mata Bw Level", "ts": 1716620729320290.2, "pid": 315222001, "tid": 0, "args": {"Mata Bw Level": 0}, "ph": "C"}, {"name": "L2 Buffer Bw Level", "ts": 1716620729320290.2, "pid": 315222001, "tid": 0, "args": {"L2 Buffer Bw Level": 0}, "ph": "C"}, {"name": "Mata Bw Level", "ts": 1716620729361251.0, "pid": 315222001, "tid": 0, "args": {"Mata Bw Level": 0}, "ph": "C"}, {"name": "L2 Buffer Bw Level", "ts": 1716620729361251.0, "pid": 315222001, "tid": 0, "args": {"L2 Buffer Bw Level": 0}, "ph": "C"}, {"name": "Mata Bw Level", "ts": 1716620729402212.0, "pid": 315222001, "tid": 0, "args": {"Mata Bw Level": 0}, "ph": "C"}, {"name": "L2 Buffer Bw Level", "ts": 1716620729402212.0, "pid": 315222001, "tid": 0, "args": {"L2 Buffer Bw Level": 0}, "ph": "C"}, {"name": "Mata Bw Level", "ts": 1716620729443172.8, "pid": 315222001, "tid": 0, "args": {"Mata Bw Level": 0}, "ph": "C"}, {"name": "L2 Buffer Bw Level", "ts": 1716620729443172.8, "pid": 315222001, "tid": 0, "args": {"L2 Buffer Bw Level": 0}, "ph": "C"}, {"name": "Mata Bw Level", "ts": 1716620729484133.5, "pid": 315222001, "tid": 0, "args": {"Mata Bw Level": 0}, "ph": "C"}, {"name": "L2 Buffer Bw Level", "ts": 1716620729484133.5, "pid": 315222001, "tid": 0, "args": {"L2 Buffer Bw Level": 0}, "ph": "C"}, {"name": "Mata Bw Level", "ts": 1716620729525094.2, "pid": 315222001, "tid": 0, "args": {"Mata Bw Level": 0}, "ph": "C"}, {"name": "L2 Buffer Bw Level", "ts": 1716620729525094.2, "pid": 315222001, "tid": 0, "args": {"L2 Buffer Bw Level": 0}, "ph": "C"}, {"name": "Mata Bw Level", "ts": 1716620729566055.2, "pid": 315222001, "tid": 0, "args": {"Mata Bw Level": 0}, "ph": "C"}, {"name": "L2 Buffer Bw Level", "ts": 1716620729566055.2, "pid": 315222001, "tid": 0, "args": {"L2 Buffer Bw Level": 0}, "ph": "C"}, {"name": "Mata Bw Level", "ts": 1716620729607016.0, "pid": 315222001, "tid": 0, "args": {"Mata Bw Level": 0}, "ph": "C"}, {"name": "L2 Buffer Bw Level", "ts": 1716620729607016.0, "pid": 315222001, "tid": 0, "args": {"L2 Buffer Bw Level": 0}, "ph": "C"}, {"name": "Mata Bw Level", "ts": 1716620729647976.8, "pid": 315222001, "tid": 0, "args": {"Mata Bw Level": 0}, "ph": "C"}, {"name": "L2 Buffer Bw Level", "ts": 1716620729647976.8, "pid": 315222001, "tid": 0, "args": {"L2 Buffer Bw Level": 0}, "ph": "C"}, {"name": "Mata Bw Level", "ts": 1716620729688937.8, "pid": 315222001, "tid": 0, "args": {"Mata Bw Level": 0}, "ph": "C"}, {"name": "L2 Buffer Bw Level", "ts": 1716620729688937.8, "pid": 315222001, "tid": 0, "args": {"L2 Buffer Bw Level": 0}, "ph": "C"}, {"name": "Mata Bw Level", "ts": 1716620729729898.5, "pid": 315222001, "tid": 0, "args": {"Mata Bw Level": 0}, "ph": "C"}, {"name": "L2 Buffer Bw Level", "ts": 1716620729729898.5, "pid": 315222001, "tid": 0, "args": {"L2 Buffer Bw Level": 0}, "ph": "C"}, {"name": "Mata Bw Level", "ts": 1716620729770859.2, "pid": 315222001, "tid": 0, "args": {"Mata Bw Level": 0}, "ph": "C"}, {"name": "L2 Buffer Bw Level", "ts": 1716620729770859.2, "pid": 315222001, "tid": 0, "args": {"L2 Buffer Bw Level": 0}, "ph": "C"}, {"name": "Mata Bw Level", "ts": 1716620729811820.0, "pid": 315222001, "tid": 0, "args": {"Mata Bw Level": 0}, "ph": "C"}, {"name": "L2 Buffer Bw Level", "ts": 1716620729811820.0, "pid": 315222001, "tid": 0, "args": {"L2 Buffer Bw Level": 0}, "ph": "C"}, {"name": "Mata Bw Level", "ts": 1716620729852781.0, "pid": 315222001, "tid": 0, "args": {"Mata Bw Level": 0}, "ph": "C"}, {"name": "L2 Buffer Bw Level", "ts": 1716620729852781.0, "pid": 315222001, "tid": 0, "args": {"L2 Buffer Bw Level": 0}, "ph": "C"}, {"name": "Mata Bw Level", "ts": 1716620729893741.8, "pid": 315222001, "tid": 0, "args": {"Mata Bw Level": 0}, "ph": "C"}, {"name": "L2 Buffer Bw Level", "ts": 1716620729893741.8, "pid": 315222001, "tid": 0, "args": {"L2 Buffer Bw Level": 0}, "ph": "C"}, {"name": "Mata Bw Level", "ts": 1716620729934702.5, "pid": 315222001, "tid": 0, "args": {"Mata Bw Level": 0}, "ph": "C"}, {"name": "L2 Buffer Bw Level", "ts": 1716620729934702.5, "pid": 315222001, "tid": 0, "args": {"L2 Buffer Bw Level": 0}, "ph": "C"}, {"name": "Mata Bw Level", "ts": 1716620729975663.5, "pid": 315222001, "tid": 0, "args": {"Mata Bw Level": 0}, "ph": "C"}, {"name": "L2 Buffer Bw Level", "ts": 1716620729975663.5, "pid": 315222001, "tid": 0, "args": {"L2 Buffer Bw Level": 0}, "ph": "C"}, {"name": "Mata Bw Level", "ts": 1716620730016624.2, "pid": 315222001, "tid": 0, "args": {"Mata Bw Level": 0}, "ph": "C"}, {"name": "L2 Buffer Bw Level", "ts": 1716620730016624.2, "pid": 315222001, "tid": 0, "args": {"L2 Buffer Bw Level": 0}, "ph": "C"}, {"name": "Mata Bw Level", "ts": 1716620730057585.0, "pid": 315222001, "tid": 0, "args": {"Mata Bw Level": 0}, "ph": "C"}, {"name": "L2 Buffer Bw Level", "ts": 1716620730057585.0, "pid": 315222001, "tid": 0, "args": {"L2 Buffer Bw Level": 0}, "ph": "C"}, {"name": "Mata Bw Level", "ts": 1716620730098545.8, "pid": 315222001, "tid": 0, "args": {"Mata Bw Level": 0}, "ph": "C"}, {"name": "L2 Buffer Bw Level", "ts": 1716620730098545.8, "pid": 315222001, "tid": 0, "args": {"L2 Buffer Bw Level": 0}, "ph": "C"}, {"name": "Mata Bw Level", "ts": 1716620730139506.8, "pid": 315222001, "tid": 0, "args": {"Mata Bw Level": 0}, "ph": "C"}, {"name": "L2 Buffer Bw Level", "ts": 1716620730139506.8, "pid": 315222001, "tid": 0, "args": {"L2 Buffer Bw Level": 0}, "ph": "C"}, {"name": "Mata Bw Level", "ts": 1716620730180467.5, "pid": 315222001, "tid": 0, "args": {"Mata Bw Level": 0}, "ph": "C"}, {"name": "L2 Buffer Bw Level", "ts": 1716620730180467.5, "pid": 315222001, "tid": 0, "args": {"L2 Buffer Bw Level": 0}, "ph": "C"}, {"name": "Mata Bw Level", "ts": 1716620730221428.2, "pid": 315222001, "tid": 0, "args": {"Mata Bw Level": 0}, "ph": "C"}, {"name": "L2 Buffer Bw Level", "ts": 1716620730221428.2, "pid": 315222001, "tid": 0, "args": {"L2 Buffer Bw Level": 0}, "ph": "C"}, {"name": "Mata Bw Level", "ts": 1716620730262389.2, "pid": 315222001, "tid": 0, "args": {"Mata Bw Level": 0}, "ph": "C"}, {"name": "L2 Buffer Bw Level", "ts": 1716620730262389.2, "pid": 315222001, "tid": 0, "args": {"L2 Buffer Bw Level": 0}, "ph": "C"}, {"name": "Mata Bw Level", "ts": 1716620730303350.0, "pid": 315222001, "tid": 0, "args": {"Mata Bw Level": 0}, "ph": "C"}, {"name": "L2 Buffer Bw Level", "ts": 1716620730303350.0, "pid": 315222001, "tid": 0, "args": {"L2 Buffer Bw Level": 0}, "ph": "C"}, {"name": "Mata Bw Level", "ts": 1716620730344310.8, "pid": 315222001, "tid": 0, "args": {"Mata Bw Level": 0}, "ph": "C"}, {"name": "L2 Buffer Bw Level", "ts": 1716620730344310.8, "pid": 315222001, "tid": 0, "args": {"L2 Buffer Bw Level": 0}, "ph": "C"}, {"name": "Mata Bw Level", "ts": 1716620730385271.5, "pid": 315222001, "tid": 0, "args": {"Mata Bw Level": 0}, "ph": "C"}, {"name": "L2 Buffer Bw Level", "ts": 1716620730385271.5, "pid": 315222001, "tid": 0, "args": {"L2 Buffer Bw Level": 0}, "ph": "C"}, {"name": "Mata Bw Level", "ts": 1716620730426232.5, "pid": 315222001, "tid": 0, "args": {"Mata Bw Level": 0}, "ph": "C"}, {"name": "L2 Buffer Bw Level", "ts": 1716620730426232.5, "pid": 315222001, "tid": 0, "args": {"L2 Buffer Bw Level": 0}, "ph": "C"}, {"name": "Mata Bw Level", "ts": 1716620730467193.2, "pid": 315222001, "tid": 0, "args": {"Mata Bw Level": 0}, "ph": "C"}, {"name": "L2 Buffer Bw Level", "ts": 1716620730467193.2, "pid": 315222001, "tid": 0, "args": {"L2 Buffer Bw Level": 0}, "ph": "C"}, {"name": "Mata Bw Level", "ts": 1716620730508154.0, "pid": 315222001, "tid": 0, "args": {"Mata Bw Level": 0}, "ph": "C"}, {"name": "L2 Buffer Bw Level", "ts": 1716620730508154.0, "pid": 315222001, "tid": 0, "args": {"L2 Buffer Bw Level": 0}, "ph": "C"}, {"name": "Mata Bw Level", "ts": 1716620730549115.0, "pid": 315222001, "tid": 0, "args": {"Mata Bw Level": 0}, "ph": "C"}, {"name": "L2 Buffer Bw Level", "ts": 1716620730549115.0, "pid": 315222001, "tid": 0, "args": {"L2 Buffer Bw Level": 0}, "ph": "C"}, {"name": "Mata Bw Level", "ts": 1716620730590075.8, "pid": 315222001, "tid": 0, "args": {"Mata Bw Level": 0}, "ph": "C"}, {"name": "L2 Buffer Bw Level", "ts": 1716620730590075.8, "pid": 315222001, "tid": 0, "args": {"L2 Buffer Bw Level": 0}, "ph": "C"}, {"name": "Mata Bw Level", "ts": 1716620730631036.5, "pid": 315222001, "tid": 0, "args": {"Mata Bw Level": 0}, "ph": "C"}, {"name": "L2 Buffer Bw Level", "ts": 1716620730631036.5, "pid": 315222001, "tid": 0, "args": {"L2 Buffer Bw Level": 0}, "ph": "C"}, {"name": "Mata Bw Level", "ts": 1716620730671997.2, "pid": 315222001, "tid": 0, "args": {"Mata Bw Level": 0}, "ph": "C"}, {"name": "L2 Buffer Bw Level", "ts": 1716620730671997.2, "pid": 315222001, "tid": 0, "args": {"L2 Buffer Bw Level": 0}, "ph": "C"}, {"name": "Mata Bw Level", "ts": 1716620730712958.2, "pid": 315222001, "tid": 0, "args": {"Mata Bw Level": 0}, "ph": "C"}, {"name": "L2 Buffer Bw Level", "ts": 1716620730712958.2, "pid": 315222001, "tid": 0, "args": {"L2 Buffer Bw Level": 0}, "ph": "C"}, {"name": "Mata Bw Level", "ts": 1716620730753919.0, "pid": 315222001, "tid": 0, "args": {"Mata Bw Level": 0}, "ph": "C"}, {"name": "L2 Buffer Bw Level", "ts": 1716620730753919.0, "pid": 315222001, "tid": 0, "args": {"L2 Buffer Bw Level": 0}, "ph": "C"}, {"name": "Mata Bw Level", "ts": 1716620730794879.8, "pid": 315222001, "tid": 0, "args": {"Mata Bw Level": 0}, "ph": "C"}, {"name": "L2 Buffer Bw Level", "ts": 1716620730794879.8, "pid": 315222001, "tid": 0, "args": {"L2 Buffer Bw Level": 0}, "ph": "C"}, {"name": "Mata Bw Level", "ts": 1716620730835840.8, "pid": 315222001, "tid": 0, "args": {"Mata Bw Level": 0}, "ph": "C"}, {"name": "L2 Buffer Bw Level", "ts": 1716620730835840.8, "pid": 315222001, "tid": 0, "args": {"L2 Buffer Bw Level": 0}, "ph": "C"}, {"name": "Mata Bw Level", "ts": 1716620730876801.5, "pid": 315222001, "tid": 0, "args": {"Mata Bw Level": 0}, "ph": "C"}, {"name": "L2 Buffer Bw Level", "ts": 1716620730876801.5, "pid": 315222001, "tid": 0, "args": {"L2 Buffer Bw Level": 0}, "ph": "C"}, {"name": "Mata Bw Level", "ts": 1716620730917762.2, "pid": 315222001, "tid": 0, "args": {"Mata Bw Level": 0}, "ph": "C"}, {"name": "L2 Buffer Bw Level", "ts": 1716620730917762.2, "pid": 315222001, "tid": 0, "args": {"L2 Buffer Bw Level": 0}, "ph": "C"}, {"name": "Mata Bw Level", "ts": 1716620730958723.0, "pid": 315222001, "tid": 0, "args": {"Mata Bw Level": 0}, "ph": "C"}, {"name": "L2 Buffer Bw Level", "ts": 1716620730958723.0, "pid": 315222001, "tid": 0, "args": {"L2 Buffer Bw Level": 0}, "ph": "C"}, {"name": "Mata Bw Level", "ts": 1716620730999684.0, "pid": 315222001, "tid": 0, "args": {"Mata Bw Level": 0}, "ph": "C"}, {"name": "L2 Buffer Bw Level", "ts": 1716620730999684.0, "pid": 315222001, "tid": 0, "args": {"L2 Buffer Bw Level": 0}, "ph": "C"}, {"name": "Mata Bw Level", "ts": 1716620731040644.8, "pid": 315222001, "tid": 0, "args": {"Mata Bw Level": 0}, "ph": "C"}, {"name": "L2 Buffer Bw Level", "ts": 1716620731040644.8, "pid": 315222001, "tid": 0, "args": {"L2 Buffer Bw Level": 0}, "ph": "C"}, {"name": "Mata Bw Level", "ts": 1716620731081605.5, "pid": 315222001, "tid": 0, "args": {"Mata Bw Level": 0}, "ph": "C"}, {"name": "L2 Buffer Bw Level", "ts": 1716620731081605.5, "pid": 315222001, "tid": 0, "args": {"L2 Buffer Bw Level": 0}, "ph": "C"}, {"name": "Mata Bw Level", "ts": 1716620731122566.2, "pid": 315222001, "tid": 0, "args": {"Mata Bw Level": 0}, "ph": "C"}, {"name": "L2 Buffer Bw Level", "ts": 1716620731122566.2, "pid": 315222001, "tid": 0, "args": {"L2 Buffer Bw Level": 0}, "ph": "C"}, {"name": "Mata Bw Level", "ts": 1716620731163527.2, "pid": 315222001, "tid": 0, "args": {"Mata Bw Level": 0}, "ph": "C"}, {"name": "L2 Buffer Bw Level", "ts": 1716620731163527.2, "pid": 315222001, "tid": 0, "args": {"L2 Buffer Bw Level": 0}, "ph": "C"}, {"name": "Mata Bw Level", "ts": 1716620731204488.0, "pid": 315222001, "tid": 0, "args": {"Mata Bw Level": 0}, "ph": "C"}, {"name": "L2 Buffer Bw Level", "ts": 1716620731204488.0, "pid": 315222001, "tid": 0, "args": {"L2 Buffer Bw Level": 0}, "ph": "C"}, {"name": "Mata Bw Level", "ts": 1716620731245448.8, "pid": 315222001, "tid": 0, "args": {"Mata Bw Level": 0}, "ph": "C"}, {"name": "L2 Buffer Bw Level", "ts": 1716620731245448.8, "pid": 315222001, "tid": 0, "args": {"L2 Buffer Bw Level": 0}, "ph": "C"}, {"name": "Mata Bw Level", "ts": 1716620731286409.8, "pid": 315222001, "tid": 0, "args": {"Mata Bw Level": 0}, "ph": "C"}, {"name": "L2 Buffer Bw Level", "ts": 1716620731286409.8, "pid": 315222001, "tid": 0, "args": {"L2 Buffer Bw Level": 0}, "ph": "C"}, {"name": "Mata Bw Level", "ts": 1716620731327370.5, "pid": 315222001, "tid": 0, "args": {"Mata Bw Level": 0}, "ph": "C"}, {"name": "L2 Buffer Bw Level", "ts": 1716620731327370.5, "pid": 315222001, "tid": 0, "args": {"L2 Buffer Bw Level": 0}, "ph": "C"}, {"name": "Mata Bw Level", "ts": 1716620731368331.2, "pid": 315222001, "tid": 0, "args": {"Mata Bw Level": 0}, "ph": "C"}, {"name": "L2 Buffer Bw Level", "ts": 1716620731368331.2, "pid": 315222001, "tid": 0, "args": {"L2 Buffer Bw Level": 0}, "ph": "C"}, {"name": "Mata Bw Level", "ts": 1716620731409292.0, "pid": 315222001, "tid": 0, "args": {"Mata Bw Level": 0}, "ph": "C"}, {"name": "L2 Buffer Bw Level", "ts": 1716620731409292.0, "pid": 315222001, "tid": 0, "args": {"L2 Buffer Bw Level": 7}, "ph": "C"}, {"name": "Mata Bw Level", "ts": 1716620731450253.0, "pid": 315222001, "tid": 0, "args": {"Mata Bw Level": 0}, "ph": "C"}, {"name": "L2 Buffer Bw Level", "ts": 1716620731450253.0, "pid": 315222001, "tid": 0, "args": {"L2 Buffer Bw Level": 0}, "ph": "C"}, {"name": "Mata Bw Level", "ts": 1716620731491213.8, "pid": 315222001, "tid": 0, "args": {"Mata Bw Level": 0}, "ph": "C"}, {"name": "L2 Buffer Bw Level", "ts": 1716620731491213.8, "pid": 315222001, "tid": 0, "args": {"L2 Buffer Bw Level": 0}, "ph": "C"}, {"name": "Mata Bw Level", "ts": 1716620731532174.5, "pid": 315222001, "tid": 0, "args": {"Mata Bw Level": 0}, "ph": "C"}, {"name": "L2 Buffer Bw Level", "ts": 1716620731532174.5, "pid": 315222001, "tid": 0, "args": {"L2 Buffer Bw Level": 0}, "ph": "C"}, {"name": "Mata Bw Level", "ts": 1716620731573135.5, "pid": 315222001, "tid": 0, "args": {"Mata Bw Level": 0}, "ph": "C"}, {"name": "L2 Buffer Bw Level", "ts": 1716620731573135.5, "pid": 315222001, "tid": 0, "args": {"L2 Buffer Bw Level": 0}, "ph": "C"}, {"name": "Mata Bw Level", "ts": 1716620731614096.2, "pid": 315222001, "tid": 0, "args": {"Mata Bw Level": 0}, "ph": "C"}, {"name": "L2 Buffer Bw Level", "ts": 1716620731614096.2, "pid": 315222001, "tid": 0, "args": {"L2 Buffer Bw Level": 0}, "ph": "C"}, {"name": "Mata Bw Level", "ts": 1716620731655057.0, "pid": 315222001, "tid": 0, "args": {"Mata Bw Level": 0}, "ph": "C"}, {"name": "L2 Buffer Bw Level", "ts": 1716620731655057.0, "pid": 315222001, "tid": 0, "args": {"L2 Buffer Bw Level": 0}, "ph": "C"}, {"name": "Mata Bw Level", "ts": 1716620731696017.8, "pid": 315222001, "tid": 0, "args": {"Mata Bw Level": 0}, "ph": "C"}, {"name": "L2 Buffer Bw Level", "ts": 1716620731696017.8, "pid": 315222001, "tid": 0, "args": {"L2 Buffer Bw Level": 0}, "ph": "C"}, {"name": "Mata Bw Level", "ts": 1716620731736978.8, "pid": 315222001, "tid": 0, "args": {"Mata Bw Level": 0}, "ph": "C"}, {"name": "L2 Buffer Bw Level", "ts": 1716620731736978.8, "pid": 315222001, "tid": 0, "args": {"L2 Buffer Bw Level": 0}, "ph": "C"}, {"name": "Mata Bw Level", "ts": 1716620731777939.5, "pid": 315222001, "tid": 0, "args": {"Mata Bw Level": 0}, "ph": "C"}, {"name": "L2 Buffer Bw Level", "ts": 1716620731777939.5, "pid": 315222001, "tid": 0, "args": {"L2 Buffer Bw Level": 0}, "ph": "C"}, {"name": "Mata Bw Level", "ts": 1716620731818900.2, "pid": 315222001, "tid": 0, "args": {"Mata Bw Level": 0}, "ph": "C"}, {"name": "L2 Buffer Bw Level", "ts": 1716620731818900.2, "pid": 315222001, "tid": 0, "args": {"L2 Buffer Bw Level": 0}, "ph": "C"}, {"name": "Mata Bw Level", "ts": 1716620731859861.2, "pid": 315222001, "tid": 0, "args": {"Mata Bw Level": 0}, "ph": "C"}, {"name": "L2 Buffer Bw Level", "ts": 1716620731859861.2, "pid": 315222001, "tid": 0, "args": {"L2 Buffer Bw Level": 0}, "ph": "C"}, {"name": "Mata Bw Level", "ts": 1716620731900822.0, "pid": 315222001, "tid": 0, "args": {"Mata Bw Level": 0}, "ph": "C"}, {"name": "L2 Buffer Bw Level", "ts": 1716620731900822.0, "pid": 315222001, "tid": 0, "args": {"L2 Buffer Bw Level": 0}, "ph": "C"}, {"name": "Mata Bw Level", "ts": 1716620731941782.8, "pid": 315222001, "tid": 0, "args": {"Mata Bw Level": 0}, "ph": "C"}, {"name": "L2 Buffer Bw Level", "ts": 1716620731941782.8, "pid": 315222001, "tid": 0, "args": {"L2 Buffer Bw Level": 0}, "ph": "C"}, {"name": "Mata Bw Level", "ts": 1716620731982743.5, "pid": 315222001, "tid": 0, "args": {"Mata Bw Level": 0}, "ph": "C"}, {"name": "L2 Buffer Bw Level", "ts": 1716620731982743.5, "pid": 315222001, "tid": 0, "args": {"L2 Buffer Bw Level": 0}, "ph": "C"}, {"name": "Mata Bw Level", "ts": 1716620732023704.5, "pid": 315222001, "tid": 0, "args": {"Mata Bw Level": 0}, "ph": "C"}, {"name": "L2 Buffer Bw Level", "ts": 1716620732023704.5, "pid": 315222001, "tid": 0, "args": {"L2 Buffer Bw Level": 0}, "ph": "C"}, {"name": "Mata Bw Level", "ts": 1716620732064665.2, "pid": 315222001, "tid": 0, "args": {"Mata Bw Level": 0}, "ph": "C"}, {"name": "L2 Buffer Bw Level", "ts": 1716620732064665.2, "pid": 315222001, "tid": 0, "args": {"L2 Buffer Bw Level": 0}, "ph": "C"}, {"name": "Mata Bw Level", "ts": 1716620732105626.0, "pid": 315222001, "tid": 0, "args": {"Mata Bw Level": 0}, "ph": "C"}, {"name": "L2 Buffer Bw Level", "ts": 1716620732105626.0, "pid": 315222001, "tid": 0, "args": {"L2 Buffer Bw Level": 0}, "ph": "C"}, {"name": "Mata Bw Level", "ts": 1716620732146587.0, "pid": 315222001, "tid": 0, "args": {"Mata Bw Level": 0}, "ph": "C"}, {"name": "L2 Buffer Bw Level", "ts": 1716620732146587.0, "pid": 315222001, "tid": 0, "args": {"L2 Buffer Bw Level": 0}, "ph": "C"}, {"name": "Mata Bw Level", "ts": 1716620732187547.8, "pid": 315222001, "tid": 0, "args": {"Mata Bw Level": 0}, "ph": "C"}, {"name": "L2 Buffer Bw Level", "ts": 1716620732187547.8, "pid": 315222001, "tid": 0, "args": {"L2 Buffer Bw Level": 0}, "ph": "C"}, {"name": "Mata Bw Level", "ts": 1716620732228508.5, "pid": 315222001, "tid": 0, "args": {"Mata Bw Level": 0}, "ph": "C"}, {"name": "L2 Buffer Bw Level", "ts": 1716620732228508.5, "pid": 315222001, "tid": 0, "args": {"L2 Buffer Bw Level": 0}, "ph": "C"}, {"name": "Mata Bw Level", "ts": 1716620732269469.2, "pid": 315222001, "tid": 0, "args": {"Mata Bw Level": 0}, "ph": "C"}, {"name": "L2 Buffer Bw Level", "ts": 1716620732269469.2, "pid": 315222001, "tid": 0, "args": {"L2 Buffer Bw Level": 0}, "ph": "C"}, {"name": "Mata Bw Level", "ts": 1716620732310430.2, "pid": 315222001, "tid": 0, "args": {"Mata Bw Level": 0}, "ph": "C"}, {"name": "L2 Buffer Bw Level", "ts": 1716620732310430.2, "pid": 315222001, "tid": 0, "args": {"L2 Buffer Bw Level": 0}, "ph": "C"}, {"name": "Mata Bw Level", "ts": 1716620732351391.0, "pid": 315222001, "tid": 0, "args": {"Mata Bw Level": 0}, "ph": "C"}, {"name": "L2 Buffer Bw Level", "ts": 1716620732351391.0, "pid": 315222001, "tid": 0, "args": {"L2 Buffer Bw Level": 0}, "ph": "C"}, {"name": "Mata Bw Level", "ts": 1716620732392351.8, "pid": 315222001, "tid": 0, "args": {"Mata Bw Level": 0}, "ph": "C"}, {"name": "L2 Buffer Bw Level", "ts": 1716620732392351.8, "pid": 315222001, "tid": 0, "args": {"L2 Buffer Bw Level": 0}, "ph": "C"}, {"name": "Mata Bw Level", "ts": 1716620732433312.5, "pid": 315222001, "tid": 0, "args": {"Mata Bw Level": 0}, "ph": "C"}, {"name": "L2 Buffer Bw Level", "ts": 1716620732433312.5, "pid": 315222001, "tid": 0, "args": {"L2 Buffer Bw Level": 0}, "ph": "C"}, {"name": "Mata Bw Level", "ts": 1716620732474273.5, "pid": 315222001, "tid": 0, "args": {"Mata Bw Level": 0}, "ph": "C"}, {"name": "L2 Buffer Bw Level", "ts": 1716620732474273.5, "pid": 315222001, "tid": 0, "args": {"L2 Buffer Bw Level": 0}, "ph": "C"}, {"name": "Mata Bw Level", "ts": 1716620732515234.2, "pid": 315222001, "tid": 0, "args": {"Mata Bw Level": 0}, "ph": "C"}, {"name": "L2 Buffer Bw Level", "ts": 1716620732515234.2, "pid": 315222001, "tid": 0, "args": {"L2 Buffer Bw Level": 0}, "ph": "C"}, {"name": "Mata Bw Level", "ts": 1716620732556195.0, "pid": 315222001, "tid": 0, "args": {"Mata Bw Level": 0}, "ph": "C"}, {"name": "L2 Buffer Bw Level", "ts": 1716620732556195.0, "pid": 315222001, "tid": 0, "args": {"L2 Buffer Bw Level": 0}, "ph": "C"}, {"name": "Mata Bw Level", "ts": 1716620732597156.0, "pid": 315222001, "tid": 0, "args": {"Mata Bw Level": 0}, "ph": "C"}, {"name": "L2 Buffer Bw Level", "ts": 1716620732597156.0, "pid": 315222001, "tid": 0, "args": {"L2 Buffer Bw Level": 0}, "ph": "C"}, {"name": "Mata Bw Level", "ts": 1716620732638116.8, "pid": 315222001, "tid": 0, "args": {"Mata Bw Level": 0}, "ph": "C"}, {"name": "L2 Buffer Bw Level", "ts": 1716620732638116.8, "pid": 315222001, "tid": 0, "args": {"L2 Buffer Bw Level": 0}, "ph": "C"}, {"name": "Mata Bw Level", "ts": 1716620732679077.5, "pid": 315222001, "tid": 0, "args": {"Mata Bw Level": 0}, "ph": "C"}, {"name": "L2 Buffer Bw Level", "ts": 1716620732679077.5, "pid": 315222001, "tid": 0, "args": {"L2 Buffer Bw Level": 0}, "ph": "C"}, {"name": "Mata Bw Level", "ts": 1716620732720038.2, "pid": 315222001, "tid": 0, "args": {"Mata Bw Level": 0}, "ph": "C"}, {"name": "L2 Buffer Bw Level", "ts": 1716620732720038.2, "pid": 315222001, "tid": 0, "args": {"L2 Buffer Bw Level": 0}, "ph": "C"}, {"name": "Mata Bw Level", "ts": 1716620732760999.2, "pid": 315222001, "tid": 0, "args": {"Mata Bw Level": 0}, "ph": "C"}, {"name": "L2 Buffer Bw Level", "ts": 1716620732760999.2, "pid": 315222001, "tid": 0, "args": {"L2 Buffer Bw Level": 0}, "ph": "C"}, {"name": "Mata Bw Level", "ts": 1716620732801960.0, "pid": 315222001, "tid": 0, "args": {"Mata Bw Level": 0}, "ph": "C"}, {"name": "L2 Buffer Bw Level", "ts": 1716620732801960.0, "pid": 315222001, "tid": 0, "args": {"L2 Buffer Bw Level": 0}, "ph": "C"}, {"name": "Mata Bw Level", "ts": 1716620732842920.8, "pid": 315222001, "tid": 0, "args": {"Mata Bw Level": 0}, "ph": "C"}, {"name": "L2 Buffer Bw Level", "ts": 1716620732842920.8, "pid": 315222001, "tid": 0, "args": {"L2 Buffer Bw Level": 0}, "ph": "C"}, {"name": "Mata Bw Level", "ts": 1716620732883881.8, "pid": 315222001, "tid": 0, "args": {"Mata Bw Level": 0}, "ph": "C"}, {"name": "L2 Buffer Bw Level", "ts": 1716620732883881.8, "pid": 315222001, "tid": 0, "args": {"L2 Buffer Bw Level": 0}, "ph": "C"}, {"name": "Mata Bw Level", "ts": 1716620732924842.5, "pid": 315222001, "tid": 0, "args": {"Mata Bw Level": 0}, "ph": "C"}, {"name": "L2 Buffer Bw Level", "ts": 1716620732924842.5, "pid": 315222001, "tid": 0, "args": {"L2 Buffer Bw Level": 0}, "ph": "C"}, {"name": "Mata Bw Level", "ts": 1716620732965803.2, "pid": 315222001, "tid": 0, "args": {"Mata Bw Level": 0}, "ph": "C"}, {"name": "L2 Buffer Bw Level", "ts": 1716620732965803.2, "pid": 315222001, "tid": 0, "args": {"L2 Buffer Bw Level": 0}, "ph": "C"}, {"name": "Mata Bw Level", "ts": 1716620733006764.0, "pid": 315222001, "tid": 0, "args": {"Mata Bw Level": 0}, "ph": "C"}, {"name": "L2 Buffer Bw Level", "ts": 1716620733006764.0, "pid": 315222001, "tid": 0, "args": {"L2 Buffer Bw Level": 0}, "ph": "C"}, {"name": "Mata Bw Level", "ts": 1716620733047725.0, "pid": 315222001, "tid": 0, "args": {"Mata Bw Level": 0}, "ph": "C"}, {"name": "L2 Buffer Bw Level", "ts": 1716620733047725.0, "pid": 315222001, "tid": 0, "args": {"L2 Buffer Bw Level": 0}, "ph": "C"}, {"name": "Mata Bw Level", "ts": 1716620733088685.8, "pid": 315222001, "tid": 0, "args": {"Mata Bw Level": 0}, "ph": "C"}, {"name": "L2 Buffer Bw Level", "ts": 1716620733088685.8, "pid": 315222001, "tid": 0, "args": {"L2 Buffer Bw Level": 0}, "ph": "C"}, {"name": "Mata Bw Level", "ts": 1716620733129646.5, "pid": 315222001, "tid": 0, "args": {"Mata Bw Level": 0}, "ph": "C"}, {"name": "L2 Buffer Bw Level", "ts": 1716620733129646.5, "pid": 315222001, "tid": 0, "args": {"L2 Buffer Bw Level": 0}, "ph": "C"}, {"name": "Mata Bw Level", "ts": 1716620733170607.5, "pid": 315222001, "tid": 0, "args": {"Mata Bw Level": 0}, "ph": "C"}, {"name": "L2 Buffer Bw Level", "ts": 1716620733170607.5, "pid": 315222001, "tid": 0, "args": {"L2 Buffer Bw Level": 0}, "ph": "C"}, {"name": "Mata Bw Level", "ts": 1716620733211568.2, "pid": 315222001, "tid": 0, "args": {"Mata Bw Level": 0}, "ph": "C"}, {"name": "L2 Buffer Bw Level", "ts": 1716620733211568.2, "pid": 315222001, "tid": 0, "args": {"L2 Buffer Bw Level": 0}, "ph": "C"}, {"name": "Mata Bw Level", "ts": 1716620733252529.0, "pid": 315222001, "tid": 0, "args": {"Mata Bw Level": 0}, "ph": "C"}, {"name": "L2 Buffer Bw Level", "ts": 1716620733252529.0, "pid": 315222001, "tid": 0, "args": {"L2 Buffer Bw Level": 0}, "ph": "C"}, {"name": "Mata Bw Level", "ts": 1716620733293489.8, "pid": 315222001, "tid": 0, "args": {"Mata Bw Level": 0}, "ph": "C"}, {"name": "L2 Buffer Bw Level", "ts": 1716620733293489.8, "pid": 315222001, "tid": 0, "args": {"L2 Buffer Bw Level": 0}, "ph": "C"}, {"name": "Mata Bw Level", "ts": 1716620733334450.8, "pid": 315222001, "tid": 0, "args": {"Mata Bw Level": 0}, "ph": "C"}, {"name": "L2 Buffer Bw Level", "ts": 1716620733334450.8, "pid": 315222001, "tid": 0, "args": {"L2 Buffer Bw Level": 0}, "ph": "C"}, {"name": "Mata Bw Level", "ts": 1716620733375411.5, "pid": 315222001, "tid": 0, "args": {"Mata Bw Level": 0}, "ph": "C"}, {"name": "L2 Buffer Bw Level", "ts": 1716620733375411.5, "pid": 315222001, "tid": 0, "args": {"L2 Buffer Bw Level": 0}, "ph": "C"}, {"name": "Mata Bw Level", "ts": 1716620733416372.2, "pid": 315222001, "tid": 0, "args": {"Mata Bw Level": 0}, "ph": "C"}, {"name": "L2 Buffer Bw Level", "ts": 1716620733416372.2, "pid": 315222001, "tid": 0, "args": {"L2 Buffer Bw Level": 0}, "ph": "C"}, {"name": "Mata Bw Level", "ts": 1716620733457333.2, "pid": 315222001, "tid": 0, "args": {"Mata Bw Level": 0}, "ph": "C"}, {"name": "L2 Buffer Bw Level", "ts": 1716620733457333.2, "pid": 315222001, "tid": 0, "args": {"L2 Buffer Bw Level": 0}, "ph": "C"}, {"name": "Mata Bw Level", "ts": 1716620733498294.0, "pid": 315222001, "tid": 0, "args": {"Mata Bw Level": 0}, "ph": "C"}, {"name": "L2 Buffer Bw Level", "ts": 1716620733498294.0, "pid": 315222001, "tid": 0, "args": {"L2 Buffer Bw Level": 0}, "ph": "C"}, {"name": "Mata Bw Level", "ts": 1716620733539254.8, "pid": 315222001, "tid": 0, "args": {"Mata Bw Level": 0}, "ph": "C"}, {"name": "L2 Buffer Bw Level", "ts": 1716620733539254.8, "pid": 315222001, "tid": 0, "args": {"L2 Buffer Bw Level": 0}, "ph": "C"}, {"name": "Mata Bw Level", "ts": 1716620733580215.5, "pid": 315222001, "tid": 0, "args": {"Mata Bw Level": 0}, "ph": "C"}, {"name": "L2 Buffer Bw Level", "ts": 1716620733580215.5, "pid": 315222001, "tid": 0, "args": {"L2 Buffer Bw Level": 0}, "ph": "C"}, {"name": "Mata Bw Level", "ts": 1716620733621176.5, "pid": 315222001, "tid": 0, "args": {"Mata Bw Level": 0}, "ph": "C"}, {"name": "L2 Buffer Bw Level", "ts": 1716620733621176.5, "pid": 315222001, "tid": 0, "args": {"L2 Buffer Bw Level": 0}, "ph": "C"}, {"name": "Mata Bw Level", "ts": 1716620733662137.2, "pid": 315222001, "tid": 0, "args": {"Mata Bw Level": 0}, "ph": "C"}, {"name": "L2 Buffer Bw Level", "ts": 1716620733662137.2, "pid": 315222001, "tid": 0, "args": {"L2 Buffer Bw Level": 0}, "ph": "C"}, {"name": "Mata Bw Level", "ts": 1716620733703098.0, "pid": 315222001, "tid": 0, "args": {"Mata Bw Level": 0}, "ph": "C"}, {"name": "L2 Buffer Bw Level", "ts": 1716620733703098.0, "pid": 315222001, "tid": 0, "args": {"L2 Buffer Bw Level": 0}, "ph": "C"}, {"name": "Mata Bw Level", "ts": 1716620733744059.0, "pid": 315222001, "tid": 0, "args": {"Mata Bw Level": 0}, "ph": "C"}, {"name": "L2 Buffer Bw Level", "ts": 1716620733744059.0, "pid": 315222001, "tid": 0, "args": {"L2 Buffer Bw Level": 0}, "ph": "C"}, {"name": "Mata Bw Level", "ts": 1716620733785019.8, "pid": 315222001, "tid": 0, "args": {"Mata Bw Level": 0}, "ph": "C"}, {"name": "L2 Buffer Bw Level", "ts": 1716620733785019.8, "pid": 315222001, "tid": 0, "args": {"L2 Buffer Bw Level": 0}, "ph": "C"}, {"name": "Mata Bw Level", "ts": 1716620733825980.5, "pid": 315222001, "tid": 0, "args": {"Mata Bw Level": 0}, "ph": "C"}, {"name": "L2 Buffer Bw Level", "ts": 1716620733825980.5, "pid": 315222001, "tid": 0, "args": {"L2 Buffer Bw Level": 0}, "ph": "C"}, {"name": "Mata Bw Level", "ts": 1716620733866941.2, "pid": 315222001, "tid": 0, "args": {"Mata Bw Level": 0}, "ph": "C"}, {"name": "L2 Buffer Bw Level", "ts": 1716620733866941.2, "pid": 315222001, "tid": 0, "args": {"L2 Buffer Bw Level": 0}, "ph": "C"}, {"name": "Mata Bw Level", "ts": 1716620733907902.2, "pid": 315222001, "tid": 0, "args": {"Mata Bw Level": 0}, "ph": "C"}, {"name": "L2 Buffer Bw Level", "ts": 1716620733907902.2, "pid": 315222001, "tid": 0, "args": {"L2 Buffer Bw Level": 0}, "ph": "C"}, {"name": "Mata Bw Level", "ts": 1716620733948863.0, "pid": 315222001, "tid": 0, "args": {"Mata Bw Level": 0}, "ph": "C"}, {"name": "L2 Buffer Bw Level", "ts": 1716620733948863.0, "pid": 315222001, "tid": 0, "args": {"L2 Buffer Bw Level": 0}, "ph": "C"}, {"name": "Mata Bw Level", "ts": 1716620733989823.8, "pid": 315222001, "tid": 0, "args": {"Mata Bw Level": 0}, "ph": "C"}, {"name": "L2 Buffer Bw Level", "ts": 1716620733989823.8, "pid": 315222001, "tid": 0, "args": {"L2 Buffer Bw Level": 0}, "ph": "C"}, {"name": "Mata Bw Level", "ts": 1716620734030784.5, "pid": 315222001, "tid": 0, "args": {"Mata Bw Level": 0}, "ph": "C"}, {"name": "L2 Buffer Bw Level", "ts": 1716620734030784.5, "pid": 315222001, "tid": 0, "args": {"L2 Buffer Bw Level": 0}, "ph": "C"}, {"name": "Mata Bw Level", "ts": 1716620734071745.5, "pid": 315222001, "tid": 0, "args": {"Mata Bw Level": 0}, "ph": "C"}, {"name": "L2 Buffer Bw Level", "ts": 1716620734071745.5, "pid": 315222001, "tid": 0, "args": {"L2 Buffer Bw Level": 0}, "ph": "C"}, {"name": "Mata Bw Level", "ts": 1716620734112706.2, "pid": 315222001, "tid": 0, "args": {"Mata Bw Level": 0}, "ph": "C"}, {"name": "L2 Buffer Bw Level", "ts": 1716620734112706.2, "pid": 315222001, "tid": 0, "args": {"L2 Buffer Bw Level": 0}, "ph": "C"}]